year,fips,rep_votes,dem_votes,acs_vintage,total_pop,hispanic,edu_total_25plus,hs_or_less
2012,01001,17379,6363,2012,54590,1310,35144,17106
2012,01003,66016,18424,2012,183226,7915,127271,51467
2012,01005,5550,5912,2012,27469,1365,18982,11333
2012,01007,6132,2202,2012,22769,419,15518,10159
2012,01009,20757,2970,2012,57466,4646,38703,23413
2012,01011,1251,4061,2012,10779,623,7575,4978
2012,01013,5087,4374,2012,20730,203,14081,8804
2012,01015,30278,15511,2012,117834,3838,78303,42827
2012,01017,7626,6871,2012,34228,555,23621,14471
2012,01019,7506,2132,2012,25917,333,18503,10447
2012,01021,13932,3397,2012,43611,3238,28945,18379
2012,01023,4152,3786,2012,13838,83,9617,6171
2012,01025,7470,6334,2012,25768,183,17214,10838
2012,01027,4817,1777,2012,13828,401,9673,6195
2012,01029,5272,971,2012,14905,313,10173,6493
2012,01031,14666,4925,2012,49966,3070,33409,15969
2012,01033,13936,9166,2012,54451,1132,37936,19543
2012,01035,3439,3555,2012,13188,38,8930,5845
2012,01037,3049,2191,2012,11305,225,8153,5550
2012,01039,12153,3158,2012,37803,516,26210,14885
2012,01041,4331,2050,2012,13971,213,9477,5936
2012,01043,28999,5052,2012,80403,3402,54919,29555
2012,01045,13108,5286,2012,50129,2794,33020,15312
2012,01047,6288,14612,2012,43572,315,27909,16725
2012,01049,18331,5239,2012,70949,9544,46841,30480
2012,01051,26253,8954,2012,79330,2091,53090,25526
2012,01053,9287,5489,2012,38122,730,26230,15664
2012,01055,29130,12803,2012,104317,3503,71383,36300
2012,01057,6054,1817,2012,17219,213,12046,7606
2012,01059,7567,3171,2012,31664,4649,21054,12790
2012,01061,9175,2039,2012,26769,899,18737,11587
2012,01063,804,4521,2012,9067,0,5966,3806
2012,01065,3210,5411,2012,15750,66,10463,6737
2012,01067,5628,3083,2012,17275,389,12081,6901
2012,01069,29270,12367,2012,101459,2950,68215,34840
2012,01071,14439,5822,2012,53279,1334,37186,22869
2012,01073,141683,159876,2012,658464,24770,439531,176402
2012,01075,5457,1646,2012,14513,186,10226,6437
2012,01077,23911,12511,2012,92528,2065,62668,31558
2012,01079,8874,5069,2012,34148,601,23274,14298
2012,01081,32194,21381,2012,140938,4668,80386,33208
2012,01083,25295,9829,2012,83313,4529,56813,28382
2012,01085,1756,5747,2012,11304,72,7429,4660
2012,01087,1331,9045,2012,21214,274,12915,6398
2012,01089,90884,62015,2012,334661,14916,221377,71827
2012,01091,5336,6167,2012,20909,364,14061,7697
2012,01093,9697,2249,2012,30641,645,21690,13745
2012,01095,25867,6299,2012,93070,11174,61577,35308
2012,01097,94893,78760,2012,412297,9864,267708,133466
2012,01099,5741,4914,2012,22993,224,15359,10000
2012,01101,38332,63085,2012,229376,7887,146368,60297
2012,01103,35391,13439,2012,119330,8943,80903,40410
2012,01105,1506,4568,2012,10525,81,6745,4573
2012,01107,5124,4455,2012,19646,320,13390,8673
2012,01109,7963,6035,2012,32750,743,19055,10367
2012,01111,7224,3078,2012,22843,636,15474,9838
2012,01113,8278,10500,2012,53938,2092,34948,18820
2012,01115,29031,5801,2012,83530,1733,57090,30645
2012,01117,71436,20051,2012,195237,11191,130376,38979
2012,01119,1586,5421,2012,13669,101,8408,5345
2012,01121,19246,13905,2012,82194,1653,55822,33291
2012,01123,12396,6319,2012,41534,1006,29016,16673
2012,01125,45748,32048,2012,194254,5860,114468,52630
2012,01127,21651,6557,2012,67016,1340,46419,27644
2012,01129,5761,2976,2012,17407,163,11561,7904
2012,01131,1679,4868,2012,11706,21,7593,5100
2012,01133,8312,1286,2012,24432,648,17196,10354
2012,02013,3078,2425,2012,3114,449,2429,1434
2012,02016,2876,4013,2012,5507,741,4032,2199
2012,02020,4544,3081,2012,291470,22473,183298,56680
2012,04001,8250,17147,2012,71618,4286,41544,23829
2012,04003,29497,18546,2012,131118,42595,88805,34907
2012,04005,21220,29257,2012,134011,18106,78132,27480
2012,04007,13455,7697,2012,53436,9612,38365,17973
2012,04009,8076,3609,2012,37115,11365,22181,10953
2012,04011,1592,1310,2012,8592,4080,5347,2705
2012,04012,3714,1880,2012,20460,4870,15871,9183
2012,04013,749885,602288,2012,3841819,1136308,2451398,907568
2012,04015,49168,19533,2012,201216,30016,145864,72812
2012,04017,19884,16945,2012,107415,11549,65234,31042
2012,04019,174779,201251,2012,981048,339278,649597,232847
2012,04021,62079,44306,2012,368374,106207,243196,109037
2012,04023,4235,9486,2012,47057,38905,28522,16207
2012,04025,64468,33918,2012,211280,28767,156277,56020
2012,04027,23352,18059,2012,196420,117002,119622,64076
2012,05001,3897,2455,2012,19029,512,13162,7932
2012,05003,4867,2859,2012,21811,1067,14739,8950
2012,05005,13688,5172,2012,41387,712,31437,15794
2012,05007,54646,22636,2012,222028,34339,141788,64334
2012,05009,11159,3772,2012,37032,720,25620,13667
2012,05011,2134,1449,2012,11510,1528,7763,5121
2012,05013,1458,660,2012,5373,45,3811,2609
2012,05015,6125,3696,2012,27321,3547,19203,10792
2012,05017,1670,2649,2012,11759,557,8067,5501
2012,05019,4343,3811,2012,23050,928,13429,6924
2012,05021,3225,1738,2012,15981,223,11248,7519
2012,05023,8693,2620,2012,25849,536,18981,10367
2012,05025,2313,845,2012,8685,147,5859,3533
2012,05027,5790,3557,2012,24644,551,15364,8034
2012,05029,4514,3005,2012,21203,771,14297,8598
2012,05031,20350,10527,2012,96709,4270,60440,30008
2012,05033,15145,4881,2012,61670,3768,40254,22280
2012,05035,6998,9487,2012,50618,1049,31267,17544
2012,05037,4269,2279,2012,17891,110,12026,8021
2012,05039,1665,1337,2012,8122,192,5511,3858
2012,05041,1896,2443,2012,12922,581,8620,5517
2012,05043,3887,2630,2012,18615,460,11794,6307
2012,05045,26722,13621,2012,113730,4397,68149,29349
2012,05047,4631,1726,2012,18110,406,12188,6877
2012,05049,2949,1452,2012,12301,110,8913,5451
2012,05051,26014,13804,2012,96249,4643,68495,31866
2012,05053,4829,1468,2012,17852,408,12094,6840
2012,05055,9071,4000,2012,42224,940,27845,17012
2012,05057,4284,2468,2012,22548,2678,14618,8248
2012,05059,7097,3830,2012,33011,925,22576,12924
2012,05061,2892,1471,2012,13790,1338,9017,5731
2012,05063,8728,3281,2012,36572,2089,24613,14224
2012,05065,3575,1524,2012,13614,207,10164,6039
2012,05067,3072,2095,2012,17885,442,12603,8635
2012,05069,9520,17470,2012,76836,1236,50184,27257
2012,05071,5064,2799,2012,25554,3121,16487,10381
2012,05073,1713,1173,2012,7618,132,5158,3482
2012,05075,3536,1788,2012,17314,160,11729,7838
2012,05077,1280,2107,2012,10430,186,7099,5046
2012,05079,2199,1425,2012,14167,458,9816,6695
2012,05081,3385,1552,2012,13068,130,9148,4977
2012,05083,5079,2009,2012,22352,527,15145,9485
2012,05085,17880,5625,2012,68274,2261,43984,21465
2012,05087,4263,2099,2012,15674,769,10657,7166
2012,05089,4774,2037,2012,16712,300,12691,7130
2012,05091,10622,4518,2012,43449,1097,28803,16039
2012,05093,6603,6467,2012,46388,1700,29091,17867
2012,05095,1585,1583,2012,8145,143,5630,3496
2012,05097,2369,920,2012,9453,359,6759,3979
2012,05099,1996,1314,2012,9003,238,6187,3613
2012,05101,2508,993,2012,8286,50,5980,3604
2012,05103,5521,4633,2012,25894,414,17805,9776
2012,05105,2581,1187,2012,10413,244,7253,4522
2012,05107,2598,5202,2012,21646,299,13616,7795
2012,05109,2847,851,2012,11261,736,7551,4432
2012,05111,4974,2390,2012,24506,571,16548,11445
2012,05113,5955,1556,2012,20535,1185,14288,7900
2012,05115,14763,5126,2012,61853,4149,38585,20368
2012,05117,2153,880,2012,8659,81,6198,4208
2012,05119,68984,87248,2012,383185,21706,255353,97833
2012,05121,3701,2046,2012,17992,290,12327,7406
2012,05123,3368,4910,2012,28089,1187,18977,11570
2012,05125,32963,12869,2012,107498,4028,73424,34393
2012,05127,2631,897,2012,11170,779,7383,4669
2012,05129,2699,814,2012,8146,127,5920,3802
2012,05131,29169,13092,2012,125795,15352,81884,40330
2012,05133,3136,1042,2012,16978,5212,10436,6865
2012,05135,4921,2092,2012,17278,285,12449,7670
2012,05137,3776,1356,2012,12480,165,8946,5237
2012,05139,10699,6196,2012,41594,1415,28190,15146
2012,05141,4365,1832,2012,17223,467,12408,7046
2012,05143,39688,28236,2012,204057,31439,122596,57093
2012,05145,20011,5765,2012,77007,2863,48895,26620
2012,05147,1227,1340,2012,7262,28,5055,3535
2012,05149,4042,1722,2012,22033,4154,14449,9848
2012,06001,108182,469684,2012,1515136,339441,1025190,341034
2012,06003,236,389,2012,1197,78,801,282
2012,06005,10281,6830,2012,37764,4673,28872,11667
2012,06007,44479,42669,2012,220101,31256,140844,50940
2012,06009,12365,8670,2012,45507,4738,33758,12411
2012,06011,3601,2314,2012,21329,11740,13036,7180
2012,06013,136517,290824,2012,1052047,255128,704269,215762
2012,06015,4614,3791,2012,28496,5119,19714,10033
2012,06017,50973,35166,2012,180441,21650,126157,36902
2012,06019,124490,129129,2012,930517,467958,545604,272055
2012,06021,5632,3301,2012,28078,10525,17599,9182
2012,06023,18825,34457,2012,134317,13208,90254,32028
2012,06025,12777,25136,2012,173487,139382,103539,59851
2012,06027,4340,3422,2012,18474,3575,13330,5668
2012,06029,126618,89495,2012,839153,412779,491875,267693
2012,06031,17671,12979,2012,151982,77382,92096,50446
2012,06033,9200,13163,2012,64360,11068,45907,19318
2012,06035,7296,3053,2012,34628,6108,24816,11194
2012,06037,885333,2216903,2012,9840024,4694846,6380366,2813046
2012,06039,22852,16018,2012,150615,80939,92337,50969
2012,06041,30880,99896,2012,252759,38605,185934,37152
2012,06043,5140,3498,2012,18193,1714,13926,5643
2012,06045,9658,23193,2012,87577,19426,60895,25110
2012,06047,27581,33005,2012,256398,141027,145402,84043
2012,06049,2777,1111,2012,9545,1337,6844,2821
2012,06051,2285,2733,2012,14181,3747,9677,3483
2012,06053,37390,82920,2012,416199,230202,258541,128439
2012,06055,19526,35870,2012,136644,43897,92987,34152
2012,06057,24986,24663,2012,98521,8400,72875,19589
2012,06059,582332,512440,2012,3021840,1015013,1979327,679647
2012,06061,99921,66818,2012,350074,44888,237873,63192
2012,06063,5721,4026,2012,19926,1604,14989,5098
2012,06065,318127,329063,2012,2192982,998113,1345607,618305
2012,06067,202514,300503,2012,1422348,305985,916822,330479
2012,06069,7343,11276,2012,55467,31300,34238,16309
2012,06071,262358,305109,2012,2041029,1005858,1216126,583809
2012,06073,536726,626957,2012,3100500,992087,2011024,675683
2012,06075,47076,301723,2012,807755,121628,624779,173651
2012,06077,86071,114121,2012,687036,266808,414657,202593
2012,06079,59967,61258,2012,270121,56068,178671,56582
2012,06081,72756,206085,2012,721183,181328,506386,145413
2012,06083,64606,94129,2012,423594,180631,261339,99716
2012,06085,174843,450818,2012,1788393,478065,1200542,350714
2012,06087,24047,90805,2012,262340,83709,169357,52597
2012,06089,48067,25819,2012,177693,14994,121798,46110
2012,06091,1056,653,2012,3163,281,2472,1092
2012,06093,11077,8046,2012,44673,4652,32203,12267
2012,06095,52092,96783,2012,414209,99502,272020,101434
2012,06097,54784,153942,2012,483456,119747,331295,110964
2012,06099,73459,77724,2012,515115,216009,314088,162325
2012,06101,18122,12192,2012,94615,27119,59387,27054
2012,06103,14235,7934,2012,63200,13885,41896,20082
2012,06105,2716,2674,2012,13693,956,10278,3684
2012,06107,56956,41752,2012,441877,267639,251020,139823
2012,06109,13880,9998,2012,55205,5935,41241,16870
2012,06111,147958,170929,2012,822794,331225,530211,192002
2012,06113,23368,48715,2012,200873,60939,116436,40330
2012,06115,11275,7711,2012,72244,18193,43790,20134
2012,08001,70972,100649,2012,442996,167556,275628,134121
2012,08003,2705,3811,2012,15750,7185,9424,4032
2012,08005,125588,153905,2012,574357,105174,378792,113998
2012,08007,3872,2679,2012,12109,2157,8659,2817
2012,08009,1559,467,2012,3783,347,2769,1250
2012,08011,1075,815,2012,6192,1908,4709,3020
2012,08013,49981,125091,2012,297218,39475,190415,35524
2012,08014,15008,16966,2012,55913,6380,36960,8160
2012,08015,5070,5086,2012,17879,1722,13791,5082
2012,08017,889,172,2012,2095,308,1476,653
2012,08019,2430,3119,2012,9059,453,6977,2052
2012,08021,1835,2213,2012,8241,4584,5203,2707
2012,08023,446,1340,2012,3556,2333,2512,1397
2012,08025,924,535,2012,5747,1673,4279,2660
2012,08027,1788,868,2012,4208,152,3348,1201
2012,08029,10915,4622,2012,30710,4310,22044,10763
2012,08031,73111,222018,2012,604356,192012,413562,140237
2012,08033,859,334,2012,1806,68,1370,672
2012,08035,104204,60991,2012,286883,21771,184379,29758
2012,08037,9411,12792,2012,51850,15484,34874,10636
2012,08039,10266,3603,2012,23058,1280,15848,5045
2012,08041,170952,111819,2012,622816,93837,393192,111982
2012,08043,13174,6704,2012,47006,5839,36150,19182
2012,08045,12535,11305,2012,56330,15743,36515,14753
2012,08047,1346,1892,2012,5358,319,4163,1199
2012,08049,4253,3684,2012,14608,1095,10768,3633
2012,08051,3341,5044,2012,15385,1280,9696,2136
2012,08053,353,229,2012,790,19,691,189
2012,08055,1646,1953,2012,6730,2391,5185,2279
2012,08057,600,216,2012,1397,126,1058,486
2012,08059,144197,159296,2012,536095,77024,371992,104217
2012,08061,677,118,2012,1393,65,878,314
2012,08063,2785,838,2012,8210,1534,5691,2779
2012,08065,1098,1839,2012,7372,2519,4844,1695
2012,08067,12794,15489,2012,51443,6119,34900,8990
2012,08069,82376,92747,2012,300870,31771,193909,48375
2012,08071,3263,3445,2012,15385,6459,10849,4898
2012,08073,1687,552,2012,5443,680,4000,2305
2012,08075,6179,2712,2012,22541,3542,14912,6804
2012,08077,47472,23846,2012,146562,19484,97568,39778
2012,08079,344,291,2012,702,15,622,184
2012,08081,4695,1330,2012,13547,1918,8740,4232
2012,08083,7401,4542,2012,25424,2865,17710,6820
2012,08085,13552,6138,2012,40994,8037,28357,13348
2012,08087,6602,3912,2012,28200,9557,17938,9408
2012,08089,4382,3647,2012,18791,7596,12579,6158
2012,08091,1481,1646,2012,4445,91,3581,865
2012,08093,5236,3862,2012,16168,777,12296,3528
2012,08095,1637,588,2012,4380,1103,2810,1305
2012,08097,3024,6849,2012,17000,1532,13099,1832
2012,08099,3230,1519,2012,12539,4432,7905,3844
2012,08101,31894,42551,2012,159072,65892,105306,44520
2012,08103,2724,568,2012,6728,691,4400,1881
2012,08105,2918,2478,2012,11925,5098,7955,3653
2012,08107,5469,7547,2012,23385,1535,16415,3455
2012,08109,964,1864,2012,6189,2556,4260,2172
2012,08111,212,266,2012,747,108,580,166
2012,08113,1154,2992,2012,7432,664,5457,1141
2012,08115,881,419,2012,2389,446,1694,838
2012,08117,5571,9347,2012,27753,3836,20341,4240
2012,08119,8702,4333,2012,23163,1248,17189,5514
2012,08121,2076,468,2012,4796,431,3375,1571
2012,08123,63775,49050,2012,253552,71792,155571,64126
2012,08125,3490,987,2012,10032,2080,6709,3199
2012,09001,175168,217294,2012,918892,155557,619381,211077
2012,09003,143238,244639,2012,893504,137155,610975,244384
2012,09005,47201,43856,2012,189277,8575,135759,53021
2012,09007,34591,47855,2012,165639,7968,117863,40322
2012,09009,138357,218972,2012,860995,129612,583906,246133
2012,09011,46119,67144,2012,273723,23331,187542,76540
2012,09013,30450,39366,2012,152137,6655,96665,33538
2012,09015,19768,25957,2012,118046,11332,79249,40692
2012,10001,32135,35527,2012,162785,9521,104474,51039
2012,10003,81230,167082,2012,539665,46774,356060,141286
2012,10005,52119,39975,2012,197681,16935,142797,72890
2012,11001,21381,267070,2012,605759,56259,417432,131610
2012,12001,48797,69699,2012,247973,20924,145621,44099
2012,12003,8975,2311,2012,27010,572,17366,12070
2012,12005,56876,22051,2012,168957,8171,115548,50572
2012,12007,8219,3325,2012,28404,1030,20294,12640
2012,12009,159300,122993,2012,544019,44432,393540,155677
2012,12011,244101,508312,2012,1761993,444904,1220643,492143
2012,12013,4366,1664,2012,14639,755,10314,6913
2012,12015,47996,35906,2012,160380,9496,128612,59015
2012,12017,44662,28460,2012,140805,6595,110425,58905
2012,12019,70022,25759,2012,190891,14867,124825,49886
2012,12021,96520,51698,2012,323548,83512,238278,100162
2012,12023,18429,8462,2012,67546,3325,45605,24320
2012,12027,5587,4174,2012,34628,10360,23020,15556
2012,12029,5052,1798,2012,16301,342,11379,7029
2012,12031,211615,196737,2012,866431,65943,571649,236368
2012,12033,88711,58185,2012,298864,14243,195863,82546
2012,12035,26969,23207,2012,95987,8436,70826,30933
2012,12037,3570,1845,2012,11545,524,8809,4935
2012,12039,6630,15770,2012,46823,4552,31683,19053
2012,12041,5917,1885,2012,16880,810,11292,6919
2012,12043,2344,1603,2012,12952,2702,9429,6029
2012,12045,4995,2014,2012,15796,685,11869,6892
2012,12047,3138,2228,2012,14728,1293,9897,6624
2012,12049,4696,2463,2012,27347,11663,16746,11911
2012,12051,5355,4751,2012,38669,18946,23475,16419
2012,12053,44938,37830,2012,172784,17986,127296,66458
2012,12055,25915,16148,2012,98734,17175,74170,41420
2012,12057,250186,286467,2012,1238365,307899,815442,339007
2012,12059,6919,1264,2012,19971,483,14064,8755
2012,12061,43450,27492,2012,138203,15501,103050,42682
2012,12063,13418,7342,2012,49589,2177,35245,19803
2012,12065,3808,3945,2012,14564,544,10705,5913
2012,12067,2668,687,2012,8668,906,5692,3363
2012,12069,87643,61799,2012,297995,36397,216443,102783
2012,12071,154163,110157,2012,624155,114755,454454,206595
2012,12073,55805,90881,2012,276506,15695,159386,45328
2012,12075,12054,6119,2012,40541,3016,28842,16556
2012,12077,2301,942,2012,8300,687,5622,3747
2012,12079,4474,4176,2012,19187,911,13206,8255
2012,12081,85627,66503,2012,324834,47943,235332,103139
2012,12083,93043,66831,2012,331987,36335,243732,125522
2012,12085,48183,30107,2012,146497,17756,111278,42169
2012,12086,332981,541440,2012,2512219,1622824,1717817,854487
2012,12087,19234,19404,2012,73475,15176,56994,22727
2012,12089,29929,10251,2012,73303,2432,51623,24233
2012,12091,70168,23421,2012,183400,12958,123370,44916
2012,12093,7328,4856,2012,39779,9548,26366,17157
2012,12095,188589,273665,2012,1153795,312106,736726,295046
2012,12097,40592,67239,2012,272355,124711,174283,88882
2012,12099,247398,349651,2012,1324085,252510,948582,368028
2012,12101,112427,98263,2012,465276,54841,334461,159967
2012,12103,213258,239104,2012,917389,73378,687614,286616
2012,12105,131577,114622,2012,604562,107145,408881,221064
2012,12107,19326,11667,2012,74224,6729,51241,31647
2012,12109,78513,35190,2012,191495,10136,132733,38467
2012,12111,56202,65869,2012,278246,46152,194962,97280
2012,12113,58186,17768,2012,153086,6797,103700,39694
2012,12115,110504,95119,2012,380479,30241,298279,117609
2012,12117,109943,96445,2012,423389,73066,284515,95365
2012,12119,40646,19524,2012,94240,5687,82332,39371
2012,12121,12672,4751,2012,42287,3678,29252,18439
2012,12123,6249,2764,2012,22561,794,16137,9694
2012,12125,3980,1339,2012,15400,758,10882,6896
2012,12127,117490,114748,2012,495581,55845,357170,160658
2012,12129,9290,5175,2012,30449,1000,21247,10907
2012,12131,21490,6671,2012,55349,2910,40017,18035
2012,12133,8038,2820,2012,24732,757,17473,10548
2012,13001,5233,1758,2012,18279,1669,12259,8250
2012,13003,1938,930,2012,8355,2023,5139,3799
2012,13005,3093,791,2012,11124,792,7298,5302
2012,13007,785,794,2012,3483,12,2244,1466
2012,13009,7589,8483,2012,46378,933,28162,15812
2012,13011,5354,780,2012,18250,1053,12114,8041
2012,13013,18725,6028,2012,69136,6120,44035,23952
2012,13015,26876,8396,2012,99872,7599,64873,37670
2012,13017,3396,2512,2012,17612,1034,11234,6955
2012,13019,4843,1273,2012,19131,894,12734,7486
2012,13021,25623,38585,2012,155560,4469,99399,49680
2012,13023,3587,1269,2012,13009,60,7872,4964
2012,13025,4964,939,2012,18279,361,11945,8261
2012,13027,3554,3138,2012,16066,836,10688,6456
2012,13029,9560,3707,2012,30616,1462,19319,7502
2012,13031,14174,9593,2012,70360,2448,36329,16018
2012,13033,4301,5405,2012,23242,621,14446,9281
2012,13035,6306,2968,2012,23671,620,15958,10575
2012,13037,883,1298,2012,6581,348,4449,2936
2012,13039,11343,6377,2012,50435,2622,30476,13037
2012,13043,2344,1157,2012,11007,1230,6998,4558
2012,13045,28280,12688,2012,110750,6832,68355,37470
2012,13047,17858,5365,2012,64226,1515,43052,21021
2012,13049,2527,1197,2012,12954,1484,9148,6233
2012,13051,47204,60246,2012,266344,14426,171414,68751
2012,13053,735,729,2012,11917,1556,5489,1746
2012,13055,5452,2232,2012,25905,1073,17921,12351
2012,13057,76514,19841,2012,215014,20670,139654,48382
2012,13059,13815,25431,2012,117762,12213,61138,22687
2012,13061,537,862,2012,3174,6,2138,1391
2012,13063,14164,81479,2012,262066,34960,158150,78932
2012,13065,1598,852,2012,6800,227,4324,2962
2012,13067,171722,133124,2012,691820,84703,452004,131172
2012,13069,9248,5057,2012,42566,4379,26952,17609
2012,13071,9243,3973,2012,45531,7769,28663,18685
2012,13073,41765,16451,2012,124665,6293,80591,27748
2012,13075,3935,2042,2012,17073,1014,11018,7103
2012,13077,39653,15168,2012,127212,8443,82941,36979
2012,13079,3368,1706,2012,12701,91,8643,5223
2012,13081,4182,3167,2012,23460,750,15282,9220
2012,13083,4471,1411,2012,16598,302,10980,5944
2012,13085,8847,1241,2012,22246,869,15332,7302
2012,13087,5824,4591,2012,27815,1428,18126,10027
2012,13089,64392,238224,2012,694671,66469,458432,154434
2012,13091,5214,2442,2012,21509,733,14355,9145
2012,13093,1985,2285,2012,14528,879,9980,7003
2012,13095,11449,26295,2012,94591,2187,58045,28790
2012,13097,26241,28441,2012,132124,10990,83634,37434
2012,13099,2557,2765,2012,10928,73,7142,4563
2012,13101,917,173,2012,4024,1100,2397,1605
2012,13103,15596,4947,2012,52203,1515,33017,17296
2012,13105,4859,3181,2012,20103,999,13588,9321
2012,13107,5100,2927,2012,22600,981,14656,9538
2012,13109,2268,1268,2012,10935,1363,7032,4290
2012,13111,7857,2028,2012,23554,435,17650,10700
2012,13113,38075,19736,2012,106525,6668,71119,19184
2012,13115,22733,9640,2012,96204,8999,62877,34159
2012,13117,65908,14571,2012,177103,16583,113432,33322
2012,13119,6114,1499,2012,22070,850,14933,9560
2012,13121,137124,255470,2012,929535,72356,609076,173761
2012,13123,8926,1958,2012,28232,2763,20075,11714
2012,13125,1135,176,2012,3082,14,2137,1367
2012,13127,20893,11950,2012,79628,5032,53761,22734
2012,13129,13197,3440,2012,55192,7789,35335,22123
2012,13131,5924,3419,2012,25068,2554,16294,10854
2012,13133,5071,3201,2012,15988,906,11784,7353
2012,13135,159855,132509,2012,810624,162252,506708,183653
2012,13137,12166,2301,2012,43038,5356,28838,16014
2012,13139,47481,12999,2012,180831,47315,113727,58845
2012,13141,769,3308,2012,9422,112,6649,4567
2012,13143,8446,1789,2012,28627,339,18886,12300
2012,13145,11197,4145,2012,31870,886,22012,8379
2012,13147,6517,2870,2012,25277,799,17544,10276
2012,13149,3160,948,2012,11756,106,7807,5130
2012,13151,46774,43761,2012,203185,11797,127441,53438
2012,13153,34662,22702,2012,140699,8553,89543,35911
2012,13155,2538,1141,2012,9646,99,6481,4076
2012,13157,19135,4238,2012,60268,3761,39493,21888
2012,13159,4136,1845,2012,13786,525,9176,5312
2012,13161,3996,1275,2012,14972,1539,9349,6094
2012,13163,2999,4261,2012,16817,101,11077,7821
2012,13165,1887,1488,2012,8477,602,5468,3591
2012,13167,2440,1305,2012,9981,51,6965,4372
2012,13169,7744,4274,2012,28638,333,19057,9581
2012,13171,4899,2602,2012,18151,360,11720,7060
2012,13173,1820,1114,2012,10066,468,6298,3461
2012,13175,11950,7513,2012,48264,1101,31764,19791
2012,13177,10314,3196,2012,28449,589,18236,8514
2012,13179,5565,10457,2012,64663,6612,35743,15463
2012,13181,2807,1586,2012,7962,18,5528,3498
2012,13183,2306,1442,2012,14488,1722,8432,4901
2012,13185,21327,17470,2012,109730,5311,63034,29913
2012,13187,8647,2055,2012,30040,1367,18928,9140
2012,13189,5475,4044,2012,21762,486,14179,8876
2012,13191,3409,2864,2012,14119,189,9272,5276
2012,13193,1545,3211,2012,14552,535,9747,6678
2012,13195,8443,2494,2012,27988,1119,18873,11807
2012,13197,1733,1412,2012,8615,567,5834,3973
2012,13199,4856,4331,2012,21966,357,14924,10053
2012,13201,1905,852,2012,6094,33,4119,2554
2012,13205,4155,4081,2012,23510,1023,15580,10853
2012,13207,8361,3785,2012,26376,560,18157,10049
2012,13209,2662,1135,2012,9054,501,5834,3710
2012,13211,6186,2753,2012,17919,486,12271,6782
2012,13213,8443,2542,2012,39635,5269,25542,17804
2012,13215,27510,42573,2012,191278,12423,119041,51225
2012,13217,20982,21851,2012,100047,4598,62330,30180
2012,13219,13098,4421,2012,32814,1440,21125,5845
2012,13221,4251,1914,2012,14745,547,10036,5712
2012,13223,40846,15825,2012,141846,7246,87811,41975
2012,13225,5287,6148,2012,27531,1879,16571,8486
2012,13227,10547,1975,2012,29445,832,20802,10956
2012,13229,5667,1124,2012,18631,872,12260,7749
2012,13231,6668,1356,2012,17765,199,11672,6079
2012,13233,9811,3615,2012,41350,4941,26565,17347
2012,13235,2444,1219,2012,11801,587,8860,6223
2012,13237,6215,2926,2012,21184,1319,15143,8106
2012,13239,510,612,2012,2542,0,1638,1156
2012,13241,5754,1559,2012,16297,1275,11830,5693
2012,13243,1271,1770,2012,7596,36,5216,3353
2012,13245,25845,52560,2012,200337,8322,125932,60812
2012,13247,15716,22023,2012,85008,8121,54547,23043
2012,13249,1286,448,2012,4963,311,3096,1902
2012,13251,3287,2774,2012,14574,100,9575,6321
2012,13253,2245,1478,2012,8815,228,6008,3428
2012,13255,14911,9898,2012,63979,2480,42035,25376
2012,13257,7221,2131,2012,26003,645,17376,10714
2012,13259,745,1323,2012,5991,576,4296,3179
2012,13261,5378,6375,2012,32425,1709,19949,11428
2012,13263,1202,2265,2012,6772,24,4842,3142
2012,13265,323,636,2012,1674,29,1168,851
2012,13267,4706,1897,2012,25023,2554,16987,11532
2012,13269,1948,1572,2012,8700,165,5964,3827
2012,13271,2480,1805,2012,16312,2049,11801,8553
2012,13273,1834,2544,2012,9365,165,6078,4283
2012,13275,11156,7653,2012,44715,1327,29853,16592
2012,13277,9185,4660,2012,40430,4117,25002,13569
2012,13279,6524,2746,2012,27270,3076,17187,10249
2012,13281,4876,1273,2012,10491,208,7780,4102
2012,13283,1652,1074,2012,6851,36,4365,3284
2012,13285,15179,10547,2012,67146,2195,42726,23060
2012,13287,2028,1510,2012,8834,310,5702,3461
2012,13289,1907,2270,2012,8984,76,6196,4412
2012,13291,8773,2139,2012,21344,525,16307,7733
2012,13293,7230,3959,2012,27061,606,18127,10945
2012,13295,16247,5274,2012,68463,1125,46912,27276
2012,13297,29036,8148,2012,83771,2826,54724,27447
2012,13299,7941,3900,2012,36099,1218,24026,14676
2012,13301,990,1529,2012,5788,2,4084,2951
2012,13303,4035,4714,2012,21092,407,14158,9389
2012,13305,7557,2596,2012,30157,1747,20188,12143
2012,13307,601,582,2012,2773,39,2017,1367
2012,13309,1366,772,2012,7572,68,5710,4587
2012,13311,8651,1671,2012,27141,660,18961,9172
2012,13313,19305,7210,2012,102152,32577,63166,37976
2012,13315,2053,1060,2012,9142,188,6533,4462
2012,13317,2635,2087,2012,10398,360,7204,4506
2012,13319,2246,2181,2012,9577,213,6375,4189
2012,13321,5869,2487,2012,21746,378,14378,9407
2012,15001,14753,47224,2012,185399,21529,127562,53051
2012,15003,88461,204349,2012,955215,79173,646091,237816
2012,15007,6121,18641,2012,67113,6415,46933,18438
2012,15009,11602,36052,2012,154937,15764,107481,44661
2012,16001,97554,77137,2012,394961,28186,255344,72599
2012,16003,1413,577,2012,3976,43,2976,1397
2012,16005,21010,13214,2012,82584,5658,49631,17587
2012,16007,2489,302,2012,5977,218,3946,1964
2012,16009,2596,1164,2012,9247,243,6405,3570
2012,16011,13440,3822,2012,45312,7772,26581,12443
2012,16013,3939,5992,2012,21323,4241,14895,3830
2012,16015,2284,1053,2012,7014,250,5134,2188
2012,16017,11367,6500,2012,40806,932,29544,12283
2012,16019,32276,9903,2012,104177,11864,62559,22512
2012,16021,3138,1225,2012,10857,425,7486,4132
2012,16023,1001,258,2012,2828,108,1928,834
2012,16025,402,159,2012,1276,145,858,404
2012,16027,44369,19866,2012,189396,45038,112095,55127
2012,16029,2608,386,2012,6872,332,4521,2144
2012,16031,7154,1098,2012,22813,5703,13326,6292
2012,16033,235,66,2012,780,393,495,311
2012,16035,2541,1032,2012,8679,269,6682,3467
2012,16037,1744,530,2012,4338,112,3243,1579
2012,16039,5227,2513,2012,26655,4090,15778,6957
2012,16041,5195,325,2012,12739,839,7291,3447
2012,16043,4907,810,2012,13123,1654,8116,3574
2012,16045,5311,1957,2012,16768,1333,11473,5705
2012,16047,3696,1287,2012,15327,4244,9478,5350
2012,16049,5921,1708,2012,16215,434,11821,6410
2012,16051,9895,1303,2012,25940,2650,14752,5899
2012,16053,4804,1699,2012,22140,6861,13159,7382
2012,16055,39381,18851,2012,139083,5331,92890,34048
2012,16057,7589,8306,2012,37365,1321,20660,5714
2012,16059,3029,960,2012,7892,189,5976,2377
2012,16061,1173,396,2012,3818,133,2736,1241
2012,16063,1141,469,2012,5167,1443,2995,1787
2012,16065,13445,832,2012,37311,2216,14328,3059
2012,16067,5442,1390,2012,19909,6415,12433,7300
2012,16069,9967,6451,2012,39226,1133,26877,11790
2012,16071,1838,217,2012,4236,78,2759,1273
2012,16073,2794,833,2012,11479,2931,7156,4531
2012,16075,6004,2271,2012,22614,3372,14316,7652
2012,16077,1870,982,2012,7717,2288,4708,2524
2012,16079,2699,2277,2012,12797,395,9327,4648
2012,16081,2458,1926,2012,10007,1646,6489,2101
2012,16083,19773,7541,2012,77122,10509,48566,22224
2012,16085,2664,2095,2012,9793,381,7261,2746
2012,16087,3128,1104,2012,10144,1694,7178,3626
2012,17001,20416,9648,2012,67098,822,45667,21662
2012,17003,1487,1965,2012,8147,157,5473,3269
2012,17005,4095,3020,2012,17762,544,11610,5609
2012,17007,11096,9883,2012,54141,10922,34117,17495
2012,17009,1513,787,2012,6913,420,5091,2851
2012,17011,8164,8134,2012,34798,2703,24318,12433
2012,17013,1440,1080,2012,5065,13,3596,2011
2012,17015,3555,3665,2012,15338,447,11160,5758
2012,17017,2707,2053,2012,13570,2260,9257,5699
2012,17019,35312,40831,2012,200931,10566,113814,33918
2012,17021,8885,5494,2012,34805,491,24189,13536
2012,17023,5144,2591,2012,16353,181,11366,5807
2012,17025,4190,1584,2012,13828,61,9560,5389
2012,17027,10524,5596,2012,37793,1049,26070,11203
2012,17029,11631,9262,2012,53683,1163,31303,13613
2012,17031,495542,1488537,2012,5197677,1245329,3456817,1386894
2012,17033,5585,2858,2012,19777,371,13854,6456
2012,17035,3509,1641,2012,11044,62,7525,3972
2012,17037,18934,21207,2012,104820,10655,59477,22280
2012,17039,4579,2601,2012,16562,344,11636,6029
2012,17041,5334,2430,2012,19908,1240,13210,7283
2012,17043,195046,199460,2012,918608,122069,613687,168758
2012,17045,5132,2565,2012,18513,196,13047,7007
2012,17047,2405,754,2012,6691,0,4681,2176
2012,17049,12501,3861,2012,34258,587,22903,10539
2012,17051,5951,2853,2012,22082,313,14819,8615
2012,17053,4229,1656,2012,14045,319,9750,4865
2012,17055,10267,7254,2012,39518,496,27403,13025
2012,17057,6632,8328,2012,36989,885,26198,13733
2012,17059,1492,1029,2012,5592,21,4018,2324
2012,17061,3451,2023,2012,13828,119,9582,5396
2012,17063,11343,9451,2012,49870,4112,32440,14824
2012,17065,2566,1269,2012,8430,106,5916,2944
2012,17067,5271,3650,2012,19063,198,13583,6541
2012,17069,1535,742,2012,4315,22,3178,1699
2012,17071,1541,1978,2012,7275,80,5365,2881
2012,17073,11583,12332,2012,50378,2444,34540,16031
2012,17075,9120,3413,2012,29689,1645,20628,10859
2012,17077,9864,13319,2012,59992,2398,34252,11715
2012,17079,3514,1436,2012,9707,88,6805,3252
2012,17081,9811,6089,2012,38908,827,26987,12867
2012,17083,6039,3667,2012,22939,227,15532,7355
2012,17085,5534,5667,2012,22663,628,16565,7882
2012,17087,3963,1572,2012,12653,264,9160,4688
2012,17089,88335,90332,2012,514891,157032,323008,132139
2012,17091,23136,21595,2012,113170,10056,72907,35905
2012,17093,24047,22471,2012,114226,18090,70709,22743
2012,17095,9408,13451,2012,52698,2580,36700,18943
2012,17097,129764,153757,2012,701282,139349,446837,145442
2012,17099,23256,23073,2012,113688,9145,77909,39162
2012,17101,3857,2011,2012,16778,835,13801,7931
2012,17103,8059,6937,2012,35778,1796,24878,12370
2012,17105,9753,5020,2012,38903,1555,26904,14916
2012,17107,7844,3978,2012,30278,898,21099,10704
2012,17109,6147,5967,2012,32568,858,17892,6748
2012,17111,71598,59797,2012,308163,35265,200749,69925
2012,17113,39947,31883,2012,169689,7441,101516,32504
2012,17115,25309,22780,2012,110558,2070,75070,35035
2012,17117,10946,9464,2012,47712,427,33013,16547
2012,17119,60608,58922,2012,268586,7361,180265,77915
2012,17121,9248,6225,2012,39319,567,26879,13618
2012,17123,3290,2455,2012,12567,322,8984,4611
2012,17125,3265,2867,2012,14636,120,10411,5525
2012,17127,4278,2092,2012,15370,169,10758,5122
2012,17129,3948,2100,2012,12728,124,8861,4270
2012,17131,3876,4507,2012,16421,303,11560,5912
2012,17133,10888,6215,2012,33003,456,22589,9319
2012,17135,6776,5058,2012,29977,455,21238,11890
2012,17137,7972,5806,2012,35544,722,24348,12417
2012,17139,3784,2144,2012,14844,139,10063,5833
2012,17141,13422,9514,2012,53378,4732,35952,17000
2012,17143,36774,40209,2012,186399,7150,122398,48505
2012,17145,5507,3819,2012,22287,610,15388,7765
2012,17147,5413,3090,2012,16679,169,11644,4966
2012,17149,4860,2278,2012,16436,175,11314,6777
2012,17151,1512,650,2012,4399,106,3188,1566
2012,17153,1564,1389,2012,6107,99,4142,2239
2012,17155,1502,1559,2012,5968,262,4257,2072
2012,17157,8290,5759,2012,33353,862,24036,14085
2012,17159,4756,2362,2012,16181,131,11340,5041
2012,17161,24934,39157,2012,147504,17087,100759,45106
2012,17163,50125,67285,2012,268873,8842,176030,68419
2012,17165,6806,3701,2012,24975,351,17092,8197
2012,17167,50225,42107,2012,197474,3551,134331,49401
2012,17169,2069,1727,2012,7499,105,5349,2644
2012,17171,1587,910,2012,5322,27,3670,2084
2012,17173,6843,3342,2012,22316,191,15736,8407
2012,17175,1528,1095,2012,5983,60,4193,2166
2012,17177,10512,10165,2012,47532,1368,33085,15516
2012,17179,35335,24438,2012,135201,2560,93379,38960
2012,17181,4957,3137,2012,17799,862,12408,6187
2012,17183,16892,12878,2012,81463,3471,54293,29092
2012,17185,3478,1590,2012,11935,154,8283,3595
2012,17187,3618,4044,2012,17723,1454,11573,5667
2012,17189,4792,2450,2012,14692,201,10324,4525
2012,17191,5988,1514,2012,16727,182,11707,5647
2012,17193,4731,2188,2012,14686,162,10513,5138
2012,17195,10334,14833,2012,58400,6468,40251,20680
2012,17197,128969,144229,2012,677669,105899,426692,157460
2012,17199,17909,10647,2012,66335,1314,45943,19134
2012,17201,55138,61732,2012,294433,32254,196106,95238
2012,17203,12961,5572,2012,38736,546,25474,9826
2012,18001,8937,3806,2012,34343,1413,20835,12054
2012,18003,84613,60036,2012,355940,23172,226738,93722
2012,18005,18083,10625,2012,77297,4737,51767,23347
2012,18007,2329,1159,2012,8816,425,5932,3430
2012,18009,2711,1927,2012,12742,131,8856,5601
2012,18011,18808,8328,2012,56823,1305,37145,12911
2012,18013,4332,3060,2012,15181,186,11104,5487
2012,18015,4999,2635,2012,20105,740,13695,7631
2012,18017,8443,5371,2012,38875,4888,25819,15499
2012,18019,25450,20807,2012,110100,5195,75041,37192
2012,18021,7096,3460,2012,26908,303,18191,10366
2012,18023,6338,3308,2012,33179,4426,21443,13278
2012,18025,2421,2041,2012,10702,130,7317,4905
2012,18027,7638,2437,2012,31604,1314,19752,12604
2012,18029,15394,6528,2012,49904,505,33688,17451
2012,18031,7119,2941,2012,25772,421,17286,10577
2012,18033,10587,5419,2012,42218,1046,27758,14759
2012,18035,21251,22654,2012,117459,2145,70919,35679
2012,18037,11654,6522,2012,41995,2532,28410,15787
2012,18039,42378,24399,2012,198214,28064,123931,69770
2012,18041,5045,3555,2012,24220,230,16634,10945
2012,18043,19878,14812,2012,74601,1992,50133,23471
2012,18045,4664,2237,2012,17212,375,11859,7458
2012,18047,7424,2909,2012,23108,207,15500,8856
2012,18049,5317,2621,2012,20762,903,14141,8379
2012,18051,9487,4928,2012,33437,451,22569,11657
2012,18053,15151,9589,2012,69886,2526,45500,25856
2012,18055,8457,4350,2012,33032,332,22729,12960
2012,18057,90747,43796,2012,276098,9539,177124,35172
2012,18059,22796,9319,2012,69778,1210,46629,20655
2012,18061,10640,6607,2012,39102,592,26855,14947
2012,18063,44312,21112,2012,145880,4399,95520,36067
2012,18065,10838,7613,2012,49381,707,34774,20838
2012,18067,20327,15135,2012,82914,2237,56696,27935
2012,18069,10862,4596,2012,37144,661,24640,13276
2012,18071,10419,5838,2012,42414,2416,28662,17419
2012,18073,7955,4672,2012,33369,1757,21732,12305
2012,18075,4645,3063,2012,21353,597,13937,8834
2012,18077,7096,5728,2012,32501,723,21807,12058
2012,18079,6120,3821,2012,28373,569,18594,11378
2012,18081,39513,17260,2012,140033,4297,91498,40305
2012,18083,9612,5228,2012,38392,603,24962,12743
2012,18085,22558,6862,2012,77328,5687,50537,26516
2012,18087,6231,2898,2012,37284,1348,21016,14352
2012,18089,68431,130897,2012,495230,82652,325164,161408
2012,18091,18615,24107,2012,111335,6053,76567,40848
2012,18093,11622,5779,2012,46131,576,32000,19280
2012,18095,26769,24407,2012,131244,4177,89156,48010
2012,18097,136509,216336,2012,904535,83186,584250,262049
2012,18099,11260,6137,2012,47045,4031,30730,17652
2012,18101,3262,1351,2012,10300,57,7079,4210
2012,18103,8174,4222,2012,36850,904,25260,15359
2012,18105,22481,33436,2012,138048,4064,75623,23751
2012,18107,9824,4271,2012,38207,1677,25383,14664
2012,18109,19591,7969,2012,69033,831,46564,24760
2012,18111,3291,2212,2012,14199,729,9841,6197
2012,18113,10680,5229,2012,47547,4579,30760,18132
2012,18115,1759,994,2012,6093,82,4366,2717
2012,18117,4617,2939,2012,19828,197,13330,8453
2012,18119,5062,2823,2012,21583,200,14886,9622
2012,18121,4234,2110,2012,17251,212,12119,6913
2012,18123,3403,4316,2012,19408,198,13657,8788
2012,18125,3627,2125,2012,12849,12,9023,5832
2012,18127,34406,37252,2012,164386,13958,109671,47837
2012,18129,7430,4533,2012,25840,247,17635,8698
2012,18131,3366,1899,2012,13395,333,9091,5603
2012,18133,9005,4507,2012,37995,605,24678,13472
2012,18135,6218,3769,2012,26101,780,17799,10587
2012,18137,7484,3241,2012,28702,454,18963,11402
2012,18139,4633,2221,2012,17349,193,11719,7269
2012,18141,52578,56460,2012,266785,19450,170825,75828
2012,18143,4539,3998,2012,24044,353,16294,10637
2012,18145,10978,5359,2012,44435,1626,30034,17148
2012,18147,5515,4026,2012,20948,521,14584,8464
2012,18149,4738,3809,2012,23310,772,15802,10097
2012,18151,8547,4853,2012,34116,1015,22705,11678
2012,18153,4902,3191,2012,21379,302,15033,8558
2012,18155,1872,1437,2012,10509,143,7007,4631
2012,18157,28757,26711,2012,173317,13025,94537,35818
2012,18159,4773,2432,2012,15917,356,11176,6055
2012,18161,2022,1018,2012,7449,31,5038,2697
2012,18163,39389,31725,2012,179610,3869,118973,54977
2012,18165,3426,2979,2012,16224,141,11291,6418
2012,18167,19369,19712,2012,107805,2448,69194,33486
2012,18169,8644,3973,2012,32804,694,22062,12736
2012,18171,2377,1324,2012,8490,86,5905,3472
2012,18173,15351,8793,2012,59643,938,40208,16322
2012,18175,6533,3909,2012,28162,316,18889,12158
2012,18177,14321,10591,2012,68797,1765,46523,26070
2012,18179,9256,3436,2012,27677,585,18675,9763
2012,18181,5970,3637,2012,24612,1725,16916,9441
2012,18183,10258,4420,2012,33234,510,22478,11626
2012,19001,2114,1790,2012,7628,57,5460,2807
2012,19003,1108,1028,2012,4027,53,2924,1472
2012,19005,3264,3553,2012,14285,796,10012,5558
2012,19007,3161,2951,2012,12858,183,9030,4743
2012,19009,1802,1611,2012,6077,39,4402,2332
2012,19011,6940,6862,2012,26044,289,17713,8087
2012,19013,26235,39821,2012,130843,4879,81889,36053
2012,19015,6556,7512,2012,26324,509,18060,7803
2012,19017,6405,6763,2012,24294,253,15792,6600
2012,19019,4450,5911,2012,20988,256,13803,7157
2012,19021,4554,3700,2012,20215,4662,12755,6708
2012,19023,4106,3329,2012,14899,138,10470,5602
2012,19025,2891,2238,2012,9936,121,7283,3386
2012,19027,5601,4947,2012,20751,353,14163,7280
2012,19029,4217,2858,2012,13865,267,9746,5077
2012,19031,4529,4972,2012,18446,288,12835,6208
2012,19033,10128,13316,2012,44083,1700,31064,12297
2012,19035,3662,2634,2012,12011,286,8606,4046
2012,19037,2836,3554,2012,12409,270,8629,4898
2012,19039,2124,2189,2012,9286,925,6319,3551
2012,19041,4951,3385,2012,16649,472,11680,5201
2012,19043,4164,4806,2012,18056,308,12690,7145
2012,19045,9432,15141,2012,49074,1254,33582,16072
2012,19047,3595,3066,2012,17100,4137,11154,6780
2012,19049,20988,16576,2012,66997,4133,43479,12315
2012,19051,2138,1520,2012,8718,87,5534,2881
2012,19053,1947,1791,2012,8382,190,5247,2751
2012,19055,4636,4616,2012,17721,145,12100,6623
2012,19057,8136,11888,2012,40268,1079,27921,12514
2012,19059,5912,4095,2012,16778,195,12601,4759
2012,19061,21280,28768,2012,93776,1813,61790,28204
2012,19063,2507,2099,2012,10263,808,6893,3246
2012,19065,4492,5732,2012,20894,392,14081,7417
2012,19067,3472,4680,2012,16204,323,11227,5739
2012,19069,2823,2266,2012,10650,1176,7434,3837
2012,19071,1972,1637,2012,7373,182,5200,2679
2012,19073,2380,2375,2012,9304,195,6560,3088
2012,19075,4215,2635,2012,12431,126,8645,3688
2012,19077,3171,2569,2012,10915,207,7783,3637
2012,19079,3991,3782,2012,15614,761,10778,5220
2012,19081,3317,2521,2012,11320,395,8032,3895
2012,19083,4670,4075,2012,17479,644,12024,5315
2012,19085,4065,3136,2012,14838,185,10263,5145
2012,19087,5035,4460,2012,20242,781,13843,6502
2012,19089,1795,2768,2012,9568,80,6467,3534
2012,19091,3099,1972,2012,9818,347,6845,3352
2012,19093,2286,1321,2012,7113,107,4973,2499
2012,19095,4569,4144,2012,16320,313,11327,5075
2012,19097,4177,5907,2012,19807,227,13884,7938
2012,19099,8877,10257,2012,36823,536,25868,12870
2012,19101,3436,4798,2012,16791,420,11757,4665
2012,19103,23698,50666,2012,131627,6249,76798,17117
2012,19105,4721,5534,2012,20686,274,14652,7391
2012,19107,2843,2303,2012,10480,104,7320,4012
2012,19109,4937,3850,2012,15510,220,11088,5257
2012,19111,7785,10714,2012,35741,1107,24949,13167
2012,19113,47622,68581,2012,211954,5628,139321,47007
2012,19115,2420,2452,2012,11448,1834,7654,4457
2012,19117,2254,1987,2012,8913,66,6166,3510
2012,19119,4978,1423,2012,11623,224,7609,3942
2012,19121,4638,3630,2012,15630,198,10481,5056
2012,19123,6448,4213,2012,22432,377,14738,7378
2012,19125,9828,7507,2012,33388,535,21670,9517
2012,19127,8472,10257,2012,40568,6982,26960,13355
2012,19129,4216,2848,2012,15028,365,10260,4400
2012,19131,2643,2831,2012,10761,98,7435,3825
2012,19133,2557,2101,2012,9242,114,6646,3575
2012,19135,2026,1731,2012,7979,77,5527,3009
2012,19137,3001,1922,2012,10710,314,7591,3655
2012,19139,8168,11323,2012,42729,6764,28171,13783
2012,19141,5266,1969,2012,14302,534,10015,4833
2012,19143,2230,912,2012,6413,393,4477,2438
2012,19145,4348,2613,2012,15902,446,11350,5611
2012,19147,2660,2139,2012,9402,157,6470,3053
2012,19149,8597,4164,2012,24911,740,16910,7633
2012,19151,2396,1523,2012,7307,179,5257,2457
2012,19153,96096,128465,2012,431811,32479,282156,96835
2012,19155,21860,19644,2012,92793,5992,61779,29205
2012,19157,4424,5357,2012,18888,456,12308,5706
2012,19159,1368,1186,2012,5123,93,3530,1733
2012,19161,3094,2122,2012,10307,199,7404,3877
2012,19163,38251,50652,2012,165432,9262,110061,38612
2012,19165,3911,2469,2012,12158,221,8551,4278
2012,19167,14407,2700,2012,33776,2898,20046,9267
2012,19169,19668,26192,2012,89734,2657,47243,11120
2012,19171,4098,4768,2012,17746,1302,11992,5971
2012,19173,1683,1262,2012,6292,391,4467,2419
2012,19175,2813,3043,2012,12525,56,8494,4058
2012,19177,2064,1402,2012,7565,87,5319,2897
2012,19179,6789,8663,2012,35449,3151,23935,12830
2012,19181,13052,12551,2012,46239,884,29869,11302
2012,19183,5562,5115,2012,21765,1120,14873,7173
2012,19185,1583,1251,2012,6372,75,4404,2498
2012,19187,8469,9537,2012,37895,1428,25424,11647
2012,19189,2906,2903,2012,10800,345,7488,3306
2012,19191,4622,6256,2012,21033,408,13356,5994
2012,19193,21841,22302,2012,101948,13828,64212,30884
2012,19195,1744,2350,2012,7581,154,5357,2376
2012,19197,3349,2836,2012,13173,1220,9229,4695
2012,20001,3316,1869,2012,13364,385,8960,4149
2012,20003,2276,944,2012,8066,11,5486,2890
2012,20005,3917,2567,2012,16854,401,10319,5562
2012,20007,1772,482,2012,4867,91,3468,1439
2012,20009,7874,2297,2012,27556,3676,18389,8368
2012,20011,4102,1996,2012,15060,313,9883,4028
2012,20013,2829,1076,2012,9962,314,6770,3397
2012,20015,18157,7282,2012,65647,2588,41985,14959
2012,20017,875,358,2012,2788,100,1961,940
2012,20019,1304,280,2012,3654,89,2671,1349
2012,20021,5456,2930,2012,21521,431,14567,7119
2012,20023,1159,233,2012,2724,137,2066,858
2012,20025,805,174,2012,2198,156,1526,593
2012,20027,2788,834,2012,8547,177,5944,2569
2012,20029,2954,974,2012,9479,277,6408,3057
2012,20031,2903,898,2012,8553,175,5978,2687
2012,20033,767,143,2012,1893,109,1329,556
2012,20035,8081,4319,2012,36259,3324,23483,9981
2012,20037,7708,6826,2012,39133,1778,23771,9959
2012,20039,1218,266,2012,2939,28,2328,1043
2012,20041,5832,2020,2012,19766,788,13425,6380
2012,20043,2414,902,2012,7931,170,5147,2465
2012,20045,17401,29267,2012,111073,5749,62136,15968
2012,20047,1059,298,2012,3021,536,2147,986
2012,20049,1049,281,2012,2856,81,2110,1054
2012,20051,8399,3057,2012,28525,1317,17337,6389
2012,20053,1930,702,2012,6477,328,4699,2160
2012,20055,6219,2682,2012,36608,17136,21025,11262
2012,20057,5602,2600,2012,33725,17165,19724,10439
2012,20059,6984,3694,2012,25916,930,17033,7697
2012,20061,4372,3332,2012,34110,4321,19017,7091
2012,20063,1168,176,2012,2771,23,1989,949
2012,20065,1056,256,2012,2617,39,1956,866
2012,20067,1811,456,2012,7817,3429,4662,2351
2012,20069,1603,324,2012,5982,856,3716,1948
2012,20071,543,113,2012,1234,190,903,380
2012,20073,1590,478,2012,6654,224,4730,2542
2012,20075,693,163,2012,2656,727,1721,870
2012,20077,1759,550,2012,5998,309,4173,1892
2012,20079,8588,5373,2012,34572,3695,22641,9433
2012,20081,1159,215,2012,4222,1155,2581,1443
2012,20083,868,179,2012,1949,191,1369,508
2012,20085,3527,1901,2012,13401,460,8940,4230
2012,20087,4827,2977,2012,19036,371,13171,6228
2012,20089,1235,229,2012,3085,62,2347,1017
2012,20091,158401,110526,2012,546046,38735,363513,74083
2012,20093,1097,268,2012,3952,1134,2488,1227
2012,20095,2397,733,2012,7876,202,5465,2345
2012,20097,976,163,2012,2503,104,1717,643
2012,20099,4742,3117,2012,21574,876,14346,5864
2012,20101,739,172,2012,1666,97,1181,529
2012,20103,17059,11357,2012,76286,4409,51222,20615
2012,20105,1165,289,2012,3240,73,2335,939
2012,20107,3177,1170,2012,9613,184,6781,3394
2012,20109,1126,197,2012,2766,10,1956,849
2012,20111,6470,5111,2012,34103,6915,20235,9248
2012,20113,8545,3449,2012,29208,1030,19839,8429
2012,20115,3889,1385,2012,12565,308,8544,3972
2012,20117,3195,1469,2012,10083,190,7166,4096
2012,20119,1428,258,2012,4504,689,2959,1398
2012,20121,9858,4712,2012,32546,850,21513,8465
2012,20123,2327,584,2012,6359,127,4438,1811
2012,20125,8630,3501,2012,35167,1829,23338,10615
2012,20127,1773,718,2012,5917,219,4233,2248
2012,20129,1072,189,2012,3207,621,2130,1013
2012,20131,3930,1000,2012,10170,129,6942,3952
2012,20133,4272,2050,2012,16501,689,10936,4742
2012,20135,1209,218,2012,3102,218,2357,1125
2012,20137,1878,398,2012,5658,238,4137,1903
2012,20139,4427,2268,2012,16300,349,11157,5465
2012,20141,1479,324,2012,3852,48,2810,1375
2012,20143,2295,558,2012,6099,123,4237,1763
2012,20145,1836,718,2012,6945,464,4829,1863
2012,20147,2135,382,2012,5579,124,3930,1751
2012,20149,6804,2335,2012,21620,965,13640,5313
2012,20151,2771,980,2012,9670,540,6423,2544
2012,20153,1223,190,2012,2555,87,1930,737
2012,20155,15718,8085,2012,64346,5193,43221,17621
2012,20157,2134,477,2012,4965,56,3739,1518
2012,20159,2676,911,2012,10077,994,6575,2981
2012,20161,11507,8977,2012,71927,4781,34514,8279
2012,20163,2038,361,2012,5205,30,3676,1701
2012,20165,1166,367,2012,3262,14,2438,1116
2012,20167,2553,593,2012,6926,120,5117,2225
2012,20169,13840,7040,2012,55493,5377,36430,15630
2012,20171,1728,277,2012,4872,738,3440,1451
2012,20173,106506,71977,2012,497062,63829,314709,121767
2012,20175,3617,1490,2012,23013,12972,12891,8278
2012,20177,37782,36975,2012,177688,19166,118361,48533
2012,20179,1154,168,2012,2562,81,1773,725
2012,20181,1976,577,2012,6036,671,4269,1883
2012,20183,1624,358,2012,3835,58,2963,1485
2012,20185,1385,404,2012,4398,529,3073,1318
2012,20187,605,143,2012,2200,901,1350,650
2012,20189,1749,252,2012,5633,1813,3662,1959
2012,20191,6260,2658,2012,24000,1106,15874,7179
2012,20193,2788,598,2012,7854,366,4928,1631
2012,20195,1261,291,2012,2977,67,2096,1017
2012,20197,2256,918,2012,7048,205,4831,2342
2012,20199,719,68,2012,1508,94,1056,485
2012,20201,2316,524,2012,5806,147,4163,2052
2012,20203,821,157,2012,2239,550,1510,737
2012,20205,2825,818,2012,9368,223,6447,3617
2012,20207,1035,380,2012,3311,73,2431,1276
2012,20209,15496,34302,2012,157274,41094,97824,54248
2012,21001,5841,1660,2012,18651,318,12372,7672
2012,21003,5184,1808,2012,20007,300,13429,8357
2012,21005,6822,3315,2012,21442,292,14469,7409
2012,21007,2647,1189,2012,8268,93,5870,3301
2012,21009,10922,5400,2012,42229,1092,28802,18110
2012,21011,2275,1770,2012,11665,133,7892,5051
2012,21013,7127,2224,2012,28613,218,19753,13555
2012,21015,35922,15629,2012,119406,4268,76832,29692
2012,21017,4692,3075,2012,20004,1336,13686,7864
2012,21019,10884,7776,2012,49358,711,35131,18103
2012,21021,7703,4471,2012,28445,816,19188,9542
2012,21023,2029,1147,2012,8488,193,5637,3516
2012,21025,3318,1562,2012,13922,74,9538,6636
2012,21027,5025,2825,2012,20068,192,13729,9164
2012,21029,21306,9971,2012,74431,1036,49779,28371
2012,21031,3716,1293,2012,12748,351,8739,6113
2012,21033,3904,1852,2012,12977,176,9071,5280
2012,21035,9440,5317,2012,37198,885,22450,10325
2012,21037,24240,15080,2012,90119,1485,59501,26630
2012,21039,1835,750,2012,5081,72,3562,2054
2012,21041,1999,1629,2012,10851,754,7147,4739
2012,21043,5279,3383,2012,27594,346,18538,12218
2012,21045,4904,1086,2012,15984,390,10916,7546
2012,21047,13475,8252,2012,73722,4636,42375,21517
2012,21049,9931,5228,2012,35555,886,24650,13418
2012,21051,6176,1111,2012,21833,215,14994,11622
2012,21053,3569,752,2012,10244,164,6987,4874
2012,21055,2839,960,2012,9321,88,6545,4127
2012,21057,2216,599,2012,6857,41,4787,3236
2012,21059,25092,16208,2012,96711,2468,64744,33677
2012,21061,3232,1374,2012,12141,216,8232,5600
2012,21063,1126,1186,2012,7774,88,5401,3674
2012,21065,3749,1356,2012,14647,10,10297,7559
2012,21067,60795,62080,2012,296766,19968,191699,61422
2012,21069,3780,1911,2012,14415,156,9745,5921
2012,21071,9784,4733,2012,39454,242,27304,17229
2012,21073,11345,11535,2012,49399,1330,33701,15828
2012,21075,1425,1022,2012,6758,62,4831,3022
2012,21077,1758,1238,2012,8513,366,5501,3623
2012,21079,5310,1661,2012,16892,401,11785,7155
2012,21081,5664,2810,2012,24683,569,15701,9248
2012,21083,10699,4547,2012,37200,2077,25197,14347
2012,21085,6404,2744,2012,25772,293,17431,11838
2012,21087,3634,1165,2012,11309,94,7947,5553
2012,21089,8855,6027,2012,36922,311,25908,14009
2012,21091,2212,1833,2012,8588,97,5752,3463
2012,21093,23357,15214,2012,104513,5182,67321,30668
2012,21095,8652,1830,2012,29210,219,20019,13081
2012,21097,4556,2471,2012,18781,356,12958,7762
2012,21099,4257,2283,2012,18278,259,12251,8746
2012,21101,10296,8091,2012,46254,859,31596,16976
2012,21103,3940,2530,2012,15428,479,10490,6684
2012,21105,1431,686,2012,4869,46,3497,1933
2012,21107,13681,5789,2012,46891,731,32593,18254
2012,21109,4365,612,2012,13475,90,9260,6975
2012,21111,148423,186181,2012,741285,31991,502301,202967
2012,21113,14233,6001,2012,48591,1315,31042,13767
2012,21115,7095,1723,2012,23339,138,16200,10806
2012,21117,41389,24920,2012,159926,4203,106148,45314
2012,21119,4130,1420,2012,16368,55,11239,7561
2012,21121,8467,2484,2012,31874,242,21112,15514
2012,21123,3911,1733,2012,14175,395,9675,6332
2012,21125,18151,3905,2012,58891,738,39784,24515
2012,21127,3995,1520,2012,15889,71,10828,7320
2012,21129,1977,595,2012,7831,43,5652,4139
2012,21131,4439,433,2012,11318,13,7872,5658
2012,21133,6811,1702,2012,24336,132,17061,10749
2012,21135,3326,1342,2012,13889,269,9574,6761
2012,21137,6416,2582,2012,24671,376,16621,11756
2012,21139,3089,1346,2012,9479,84,6817,4172
2012,21141,6899,3469,2012,26786,635,18222,11900
2012,21143,2412,1373,2012,8336,44,6644,3692
2012,21145,19979,10062,2012,65558,1378,45985,20368
2012,21147,4564,1069,2012,18204,269,12408,8332
2012,21149,2705,1432,2012,9554,108,6557,3955
2012,21151,21128,11512,2012,83174,1796,51198,23512
2012,21153,3391,1433,2012,13229,58,8981,6273
2012,21155,3800,3418,2012,19872,488,13416,8563
2012,21157,10402,5022,2012,31393,360,22594,12760
2012,21159,3180,574,2012,12934,385,8955,5888
2012,21161,4197,2592,2012,17495,252,11821,6878
2012,21163,6606,4122,2012,28979,910,18579,9903
2012,21165,1484,1048,2012,6331,59,4374,2949
2012,21167,6820,2966,2012,21283,471,14753,8407
2012,21169,2676,1425,2012,10074,122,6928,5091
2012,21171,3762,936,2012,10925,290,7565,5343
2012,21173,6398,3701,2012,26517,659,17848,10824
2012,21175,3021,1369,2012,13898,135,9817,6907
2012,21177,7762,4771,2012,31399,364,21930,13714
2012,21179,10673,7611,2012,43500,859,28821,16824
2012,21181,1583,948,2012,7092,108,4907,2989
2012,21183,6470,2987,2012,23975,817,16165,10651
2012,21185,20179,9240,2012,60357,2048,39808,12497
2012,21187,2971,1501,2012,10870,244,7443,4427
2012,21189,1279,283,2012,4764,0,3417,2489
2012,21191,3556,1859,2012,14771,100,9832,6279
2012,21193,8040,2047,2012,28617,187,19752,12555
2012,21195,17590,5646,2012,64887,443,45351,29208
2012,21197,2766,1620,2012,12638,134,8426,5777
2012,21199,20714,4976,2012,63045,1309,43888,26370
2012,21201,579,340,2012,2251,0,1417,982
2012,21203,5028,1097,2012,17090,22,11762,7826
2012,21205,4035,3438,2012,23351,304,13602,7559
2012,21207,6346,1445,2012,17562,560,12273,7982
2012,21209,12679,7532,2012,47211,1886,30259,13152
2012,21211,11790,6634,2012,42286,3761,28443,13459
2012,21213,4355,2650,2012,17323,316,11615,6867
2012,21215,5726,2549,2012,17135,256,11551,5713
2012,21217,7551,3285,2012,24514,429,16085,10233
2012,21219,3247,1403,2012,12472,479,7949,5194
2012,21221,4520,2115,2012,14282,182,10142,5240
2012,21223,2133,1355,2012,8829,231,6035,3541
2012,21225,3955,1942,2012,14992,252,9288,5318
2012,21227,26384,16805,2012,113787,5225,69306,30717
2012,21229,3495,1669,2012,11701,400,7806,5039
2012,21231,5289,1855,2012,20819,585,14453,9996
2012,21233,3607,1765,2012,13618,587,9312,6195
2012,21235,10232,2683,2012,35756,325,23107,15343
2012,21237,1542,976,2012,7298,9,4917,3622
2012,21239,7219,4883,2012,24847,1603,17133,7281
2012,22001,19931,6560,2012,61611,1059,39069,26477
2012,22003,6495,2617,2012,25740,1299,17849,11958
2012,22005,33856,16349,2012,107647,5008,67993,33052
2012,22007,6083,4754,2012,23321,484,15570,11028
2012,22009,10670,6077,2012,41925,626,28074,19164
2012,22011,11112,2828,2012,35662,1031,23409,13367
2012,22013,3641,3490,2012,14312,209,9633,5913
2012,22015,34988,12956,2012,117742,6925,75802,34236
2012,22017,52459,58042,2012,254970,6106,166717,80993
2012,22019,51850,28359,2012,192307,4968,124016,64715
2012,22021,3640,1016,2012,10118,222,6904,4553
2012,22023,3260,408,2012,6934,105,4619,2928
2012,22025,2744,1408,2012,10409,336,7064,5087
2012,22027,3649,3014,2012,17059,189,11827,7652
2012,22029,5450,3833,2012,20624,222,13658,8872
2012,22031,7353,5553,2012,26695,669,17800,10923
2012,22033,92292,102656,2012,439662,15864,272956,103884
2012,22035,1508,2478,2012,7738,198,4955,3518
2012,22037,5397,4648,2012,20252,217,14180,9085
2012,22039,10181,5330,2012,33989,771,21477,15168
2012,22041,6294,2921,2012,20714,129,13749,9136
2012,22043,7082,1422,2012,22049,908,15049,9327
2012,22045,20892,12132,2012,73527,2325,46540,29870
2012,22047,7271,9548,2012,33386,687,22598,14556
2012,22049,5132,2305,2012,16210,219,11077,6504
2012,22051,102536,70384,2012,432706,53172,296099,143082
2012,22053,10014,3484,2012,31529,548,20506,13096
2012,22055,64992,31768,2012,221602,8487,140270,63116
2012,22057,28592,9623,2012,96453,3629,62777,41321
2012,22059,5726,764,2012,14840,330,10063,6337
2012,22061,10739,7956,2012,46543,1170,25453,10659
2012,22063,45513,7451,2012,128192,3801,82060,45836
2012,22065,2000,3154,2012,12113,188,7855,5159
2012,22067,6591,5888,2012,27893,265,18616,12397
2012,22069,9077,7942,2012,39434,731,23665,13222
2012,22071,28003,126722,2012,341407,17825,226231,91501
2012,22073,40948,26645,2012,153752,2833,96551,47774
2012,22075,6471,3599,2012,23220,1120,14841,8346
2012,22077,6548,5436,2012,22821,482,15558,9579
2012,22079,37193,20045,2012,131655,3408,85884,45085
2012,22081,2483,2253,2012,9068,105,5912,4080
2012,22083,5846,3387,2012,20785,344,13632,8904
2012,22085,7738,2194,2012,24265,825,16280,10058
2012,22087,8501,5059,2012,35947,3408,22907,13792
2012,22089,15937,8896,2012,52663,2645,33812,17041
2012,22091,2529,3780,2012,11106,35,7231,4523
2012,22093,5209,7059,2012,21978,266,14276,9032
2012,22095,7620,13179,2012,45741,2207,28923,15833
2012,22097,21475,19668,2012,83774,1348,53440,35630
2012,22099,15653,9422,2012,52343,1092,33782,22840
2012,22101,13885,9450,2012,54285,2829,35364,23732
2012,22103,84723,25728,2012,234283,11009,157072,61250
2012,22105,31590,17722,2012,121209,4158,75464,41272
2012,22107,1230,1564,2012,5189,128,3573,2339
2012,22109,29503,12074,2012,111666,4357,71403,46540
2012,22111,7561,3075,2012,22633,920,15409,9565
2012,22113,18910,5720,2012,58041,1430,37534,25464
2012,22115,12150,3173,2012,51542,3802,30503,15764
2012,22117,11798,6466,2012,47025,876,31384,20173
2012,22119,11400,6802,2012,41156,671,27874,17513
2012,22121,6922,5692,2012,23748,585,15410,8760
2012,22123,3628,853,2012,11587,301,7780,5406
2012,22125,3257,2441,2012,15575,237,11747,7243
2012,22127,4541,1919,2012,15233,239,10572,7124
2012,23001,22232,28989,2012,107766,1699,73530,37594
2012,23003,15196,17777,2012,71757,697,51691,27954
2012,23005,57821,101950,2012,282143,5189,197811,62722
2012,23007,6369,9367,2012,30704,149,21042,10109
2012,23009,12324,17569,2012,54470,631,40168,16165
2012,23011,26519,35068,2012,122022,1529,85911,38926
2012,23013,8248,13223,2012,39848,350,29589,13139
2012,23015,8899,11315,2012,34440,290,25870,10102
2012,23017,11996,16330,2012,57814,597,41380,23059
2012,23019,36547,38811,2012,153742,1670,103428,47333
2012,23021,4530,4149,2012,17432,169,13095,7117
2012,23023,8429,11821,2012,35394,482,25567,10355
2012,23025,11800,12216,2012,52098,422,37417,20892
2012,23027,9058,11296,2012,38761,359,27703,13075
2012,23029,7550,7803,2012,32832,466,23840,12411
2012,23031,43900,61551,2012,197861,2542,140582,58423
2012,24001,19230,9805,2012,74645,1089,51686,28911
2012,24003,126832,126635,2012,538473,32839,364860,126579
2012,24005,154908,220322,2012,807318,33958,548613,207401
2012,24009,23952,20529,2012,88774,2515,58491,23593
2012,24011,8098,4970,2012,32947,1795,21862,12825
2012,24013,56761,27939,2012,167249,4380,111921,45543
2012,24015,24806,16557,2012,101109,3436,66837,33386
2012,24017,25178,48774,2012,147107,6422,95518,37514
2012,24019,7976,7257,2012,32570,1162,22999,12715
2012,24021,58798,55146,2012,234268,17293,155400,53280
2012,24023,9743,3124,2012,30079,227,21093,12188
2012,24025,72911,49729,2012,245396,8714,164923,61713
2012,24027,57758,91393,2012,288676,16839,192975,37542
2012,24029,4870,4842,2012,20184,896,14080,6467
2012,24031,123353,323400,2012,974824,166124,667634,154149
2012,24033,35734,347938,2012,865443,129470,559319,233387
2012,24035,15823,8556,2012,47894,1428,33060,13271
2012,24037,26797,19711,2012,105528,4056,67411,28120
2012,24039,5042,5240,2012,26402,866,17046,10444
2012,24041,11339,8808,2012,37746,2030,27955,10968
2012,24043,36074,25042,2012,147882,5155,101722,53785
2012,24045,21764,19635,2012,98940,4470,62312,28951
2012,24047,15951,11014,2012,51398,1586,38247,16410
2012,24510,28171,221478,2012,620644,25535,409318,205121
2012,25001,60446,70822,2012,216021,4779,164127,48827
2012,25003,14252,48843,2012,130866,4524,93083,39494
2012,25005,93752,142962,2012,548739,33137,374421,181746
2012,25007,2792,7978,2012,16581,75,12393,3959
2012,25009,150480,210302,2012,744961,123280,507496,191390
2012,25011,9344,27072,2012,71489,2301,51643,19142
2012,25013,73392,123619,2012,464072,96925,305343,145658
2012,25015,21480,57359,2012,158850,7589,97486,31063
2012,25017,267321,471804,2012,1507558,99041,1043896,312553
2012,25019,2187,3830,2012,10194,958,7346,2222
2012,25021,148393,202714,2012,672078,22270,465774,133051
2012,25023,121086,131845,2012,495407,15898,336325,129257
2012,25025,59999,223896,2012,724502,144470,470810,192583
2012,25027,163390,198244,2012,799277,75159,535755,210592
2012,26001,3571,2472,2012,10943,126,8820,4770
2012,26003,2330,2212,2012,9531,112,7278,4204
2012,26005,31123,20806,2012,111589,7520,73931,36220
2012,26007,7298,6549,2012,29602,322,21278,9704
2012,26009,7917,5107,2012,23634,410,17309,7828
2012,26011,4057,3669,2012,15952,238,11726,6966
2012,26013,1866,1574,2012,8808,94,6486,4098
2012,26015,16655,11491,2012,59249,1379,40367,19369
2012,26017,24911,27877,2012,107633,5081,74580,34790
2012,26019,5075,4685,2012,17554,315,12864,5656
2012,26021,38209,33465,2012,156759,7113,106849,46617
2012,26023,10035,6913,2012,44920,1836,30416,16427
2012,26025,28333,29267,2012,136063,6137,90610,41939
2012,26027,12659,9591,2012,52412,1571,36261,18255
2012,26029,8000,5939,2012,26057,364,18639,7698
2012,26031,7286,5831,2012,26195,236,19184,9983
2012,26033,8278,7100,2012,38919,566,27040,13101
2012,26035,6988,6338,2012,30924,472,22082,12315
2012,26037,20650,18191,2012,75274,2944,48898,17865
2012,26039,3744,2994,2012,14119,197,10483,5555
2012,26041,9534,8330,2012,37075,330,26634,12584
2012,26043,7688,4952,2012,26286,278,18871,9184
2012,26045,26197,27913,2012,107861,5139,73139,25981
2012,26047,10253,7225,2012,32799,433,22929,8119
2012,26049,71808,128978,2012,425337,12938,281162,126691
2012,26051,6661,5760,2012,25736,315,18842,10433
2012,26053,3444,4058,2012,16297,154,12273,5488
2012,26055,26534,20875,2012,87483,1959,61071,21477
2012,26057,8241,7610,2012,42340,2264,28313,15236
2012,26059,11727,7106,2012,46617,849,31073,16969
2012,26061,8196,6801,2012,36519,443,21481,9529
2012,26063,8806,6518,2012,33001,644,24060,13941
2012,26065,45306,80847,2012,281323,20463,167192,52532
2012,26067,14315,11018,2012,64149,2827,42364,21687
2012,26069,6909,6242,2012,25880,418,19674,10561
2012,26071,3224,2687,2012,11837,165,9173,4930
2012,26073,10800,13038,2012,70186,2288,35364,15454
2012,26075,36298,32301,2012,160257,4859,108456,49686
2012,26077,52662,69051,2012,250704,10035,155239,50850
2012,26079,4901,3272,2012,17231,219,12144,6879
2012,26081,155925,133408,2012,605244,58464,383460,145077
2012,26083,774,582,2012,2168,8,1692,736
2012,26085,2487,2752,2012,11543,253,8779,5334
2012,26087,23734,18796,2012,88626,3682,60320,28859
2012,26089,7483,6576,2012,21677,819,16265,4821
2012,26091,22351,21776,2012,99878,7588,67174,31925
2012,26093,60083,37216,2012,181678,3532,122614,40626
2012,26095,1580,991,2012,6590,159,4982,2888
2012,26097,3397,2652,2012,11144,184,8472,4287
2012,26099,191913,208016,2012,841769,19226,578467,251468
2012,26101,5737,6473,2012,24753,655,18227,9015
2012,26103,13606,18115,2012,67178,786,44588,18039
2012,26105,7580,6856,2012,28672,1136,20384,9319
2012,26107,9176,7515,2012,42947,766,25435,11931
2012,26109,5564,5242,2012,24041,292,17490,9377
2012,26111,23919,17450,2012,83744,1741,56302,20466
2012,26113,4665,2274,2012,14945,318,10207,5716
2012,26115,35593,36310,2012,151944,4697,102574,49602
2012,26117,13621,11430,2012,63357,1948,42482,22696
2012,26119,2928,2049,2012,9709,99,7573,4352
2012,26121,30884,44436,2012,171755,8289,113430,53794
2012,26123,12457,8728,2012,48517,2650,32541,18011
2012,26125,296514,349002,2012,1207097,42251,832647,234504
2012,26127,6239,5063,2012,26636,3645,18053,9532
2012,26129,5437,4791,2012,21674,319,15838,9220
2012,26131,1906,1586,2012,6703,64,5383,2757
2012,26133,6141,3981,2012,23486,355,15917,8950
2012,26135,2308,1657,2012,8709,87,6379,3823
2012,26137,7011,4681,2012,24175,310,16816,8033
2012,26139,88166,42737,2012,264835,23062,162341,65261
2012,26141,3794,3192,2012,13368,116,10353,5462
2012,26143,6701,6198,2012,24447,276,19137,9987
2012,26145,42720,54381,2012,200017,15543,132235,63758
2012,26147,39271,33983,2012,162978,4727,111358,53600
2012,26149,12978,10112,2012,61314,4038,40437,22317
2012,26151,10963,7212,2012,43096,1468,29711,17516
2012,26153,2142,1865,2012,8455,66,6255,3694
2012,26155,15962,17197,2012,70402,1711,47480,23131
2012,26157,14240,11425,2012,55616,1596,38176,21057
2012,26159,16141,16290,2012,76149,7734,50755,24955
2012,26161,56412,120890,2012,346010,13999,214432,47595
2012,26163,213814,595846,2012,1822469,95163,1184493,559200
2012,26165,8450,6184,2012,32694,523,22310,11467
2012,27001,4533,4412,2012,16166,154,12498,6462
2012,27003,93430,88614,2012,331649,11995,218748,80121
2012,27005,9204,6829,2012,32600,443,22392,9676
2012,27007,9637,11818,2012,44652,708,27032,10083
2012,27009,10849,8173,2012,38560,651,25018,10918
2012,27011,1385,1345,2012,5250,45,3846,2022
2012,27013,14916,18164,2012,63991,1633,37008,12841
2012,27015,7938,5630,2012,25772,861,17626,8672
2012,27017,6586,11389,2012,35304,488,24415,10348
2012,27019,31155,20745,2012,91355,3574,58109,15573
2012,27021,8957,6858,2012,28519,362,20526,9367
2012,27023,2967,3083,2012,12327,608,8547,3980
2012,27025,16227,12524,2012,53526,863,35856,15635
2012,27027,12920,15208,2012,58937,2130,35241,12737
2012,27029,2359,1753,2012,8672,117,5948,3174
2012,27031,1221,1993,2012,5206,36,4047,1425
2012,27033,3316,2433,2012,11665,728,8052,4156
2012,27035,19415,14760,2012,62521,674,43425,17055
2012,27037,109516,116255,2012,399443,23839,263512,73374
2012,27039,5522,4487,2012,20071,920,12828,5369
2012,27041,11884,8653,2012,36167,373,25453,9815
2012,27043,4104,3407,2012,14546,808,10360,5157
2012,27045,4913,5713,2012,20880,203,14427,7085
2012,27047,6969,9326,2012,31188,2717,22010,11084
2012,27049,12986,12212,2012,46144,1318,31976,13268
2012,27051,1748,1647,2012,6016,94,4340,1912
2012,27053,240073,423982,2012,1158039,77271,782754,206608
2012,27055,4951,5281,2012,19001,137,13404,5825
2012,27057,6622,4676,2012,20372,330,14748,6204
2012,27059,11675,8024,2012,38004,599,25082,11869
2012,27061,10501,12852,2012,45052,431,32071,13182
2012,27063,3044,2268,2012,10273,286,7265,3294
2012,27065,4328,3593,2012,16255,225,11343,6039
2012,27067,11240,9805,2012,42150,4653,28068,11706
2012,27069,1095,1241,2012,4547,21,3283,1494
2012,27071,2841,3451,2012,13293,144,9664,4616
2012,27073,1938,1974,2012,7240,118,5340,2593
2012,27075,2610,4043,2012,10849,85,8147,3609
2012,27077,1306,859,2012,4039,0,2999,1489
2012,27079,7715,6753,2012,27744,1449,18813,8648
2012,27081,1595,1429,2012,5876,79,4233,2204
2012,27083,6594,5465,2012,25714,1539,16119,6964
2012,27085,11069,6968,2012,36527,1841,24614,11170
2012,27087,871,1276,2012,5442,114,3407,1804
2012,27089,2569,1998,2012,9475,343,6694,3381
2012,27091,6657,4054,2012,20727,763,14763,7317
2012,27093,6913,4969,2012,23262,752,15796,7745
2012,27095,6951,5829,2012,26004,389,17517,8712
2012,27097,10159,6153,2012,33173,416,22612,11641
2012,27099,6938,11129,2012,39115,4075,25836,12045
2012,27101,2504,2160,2012,8690,244,6290,3159
2012,27103,8214,9652,2012,32689,1203,20284,6811
2012,27105,4581,3793,2012,21349,4808,13842,7546
2012,27107,1384,1730,2012,6796,278,4788,2476
2012,27109,36832,39338,2012,144507,6071,96974,26857
2012,27111,18860,12165,2012,57381,1518,41024,17608
2012,27113,3305,3024,2012,13950,387,9389,4132
2012,27115,6845,6750,2012,29564,713,21058,11505
2012,27117,2826,1725,2012,9536,353,6524,3304
2012,27119,7615,6773,2012,31426,1722,20819,8725
2012,27121,3142,2981,2012,10978,95,7951,3651
2012,27123,86800,184938,2012,510885,36471,330997,110063
2012,27125,978,928,2012,4100,104,2831,1459
2012,27127,4570,3008,2012,16006,338,10936,5628
2012,27129,4149,3394,2012,15653,1051,10983,5633
2012,27131,14384,17054,2012,64171,5051,39613,16680
2012,27133,2810,1946,2012,9620,197,6563,3228
2012,27135,4409,2772,2012,15665,120,10538,5330
2012,27137,39131,73378,2012,200150,2466,135277,50266
2012,27139,40323,29712,2012,130689,5823,82721,24799
2012,27141,27848,17597,2012,88558,1935,55424,19110
2012,27143,4693,2916,2012,15189,1097,10345,5512
2012,27145,43015,33551,2012,150307,4150,91804,37101
2012,27147,9903,8706,2012,36524,2290,24266,10393
2012,27149,2766,2742,2012,9712,336,5865,2368
2012,27151,2248,2751,2012,9764,355,6968,3659
2012,27153,6719,4819,2012,24783,1237,16707,8577
2012,27155,861,943,2012,3549,50,2607,1250
2012,27157,6049,5415,2012,21636,595,15052,7082
2012,27159,4143,2492,2012,13808,178,9468,4571
2012,27161,5116,4370,2012,19089,1000,13238,6002
2012,27163,69137,70203,2012,238721,8195,157894,43344
2012,27165,2517,2494,2012,11177,2337,7618,4174
2012,27167,1884,1258,2012,6584,141,4550,1821
2012,27169,11480,14980,2012,51481,1222,30476,12571
2012,27171,40466,25741,2012,124737,3100,79179,30319
2012,27173,2806,2465,2012,10357,392,7175,3503
2012,28001,6293,9061,2012,32391,879,22526,12301
2012,28003,11111,3511,2012,37027,992,24975,14121
2012,28005,4414,3242,2012,13139,38,9026,5521
2012,28007,5126,3927,2012,19454,329,12753,7063
2012,28009,2041,2051,2012,8725,153,5740,3457
2012,28011,4701,10582,2012,34239,160,21252,11206
2012,28013,4412,2586,2012,14903,800,9961,6450
2012,28015,3960,2007,2012,10553,0,7361,4491
2012,28017,3994,4378,2012,17458,645,11346,7355
2012,28019,2812,1428,2012,8506,27,5809,3234
2012,28021,625,4838,2012,9681,74,5886,2939
2012,28023,5049,3111,2012,16688,106,11253,6698
2012,28025,4291,6712,2012,20633,118,13476,7166
2012,28027,2712,7792,2012,26099,314,15635,8197
2012,28029,6282,7749,2012,29324,777,18761,10276
2012,28031,5405,3878,2012,19571,205,12690,7555
2012,28033,43559,21575,2012,161536,7916,103255,43772
2012,28035,16574,13272,2012,75378,2570,45044,19646
2012,28037,2735,1726,2012,8055,5,5413,3211
2012,28039,8376,1359,2012,22579,471,14517,8846
2012,28041,4531,1325,2012,14352,154,9897,6456
2012,28043,5986,5288,2012,21886,15,14355,7679
2012,28045,12964,3917,2012,44044,1472,30237,13734
2012,28047,39470,23119,2012,188110,9786,121953,52183
2012,28049,29664,76112,2012,246335,3681,152048,61606
2012,28051,1435,7812,2012,19207,19,11308,7162
2012,28053,1293,3903,2012,9399,205,5845,3674
2012,28055,302,479,2012,1556,5,1105,860
2012,28057,7393,1706,2012,23362,304,15431,8755
2012,28059,35747,17299,2012,139430,6365,91448,42667
2012,28061,4193,5097,2012,17033,240,11450,6641
2012,28063,468,3951,2012,7743,6,5027,3045
2012,28065,2507,4267,2012,12364,23,8436,4896
2012,28067,20687,9211,2012,67868,3157,43863,21834
2012,28069,1789,3239,2012,10391,158,6989,4220
2012,28071,11075,8091,2012,47586,1054,25733,8650
2012,28073,19101,5494,2012,55580,1184,34815,12212
2012,28075,18700,13814,2012,80204,1475,52282,23963
2012,28077,4192,2468,2012,12832,45,8547,4715
2012,28079,4863,4079,2012,23563,1008,14190,8689
2012,28081,22415,12563,2012,83235,1994,53938,24369
2012,28083,3587,9119,2012,32196,763,19503,11532
2012,28085,10839,5471,2012,34850,342,22843,12225
2012,28087,13518,13388,2012,59584,921,38149,18886
2012,28089,28507,20722,2012,95481,2712,61582,17342
2012,28091,8237,4393,2012,26810,340,17616,10609
2012,28093,6473,9650,2012,37019,1157,24631,16056
2012,28095,9723,7056,2012,36912,353,24789,14951
2012,28097,2947,2675,2012,10866,0,7001,4167
2012,28099,7837,3089,2012,29682,507,18566,10012
2012,28101,6394,3319,2012,21687,303,14039,7012
2012,28103,1325,4920,2012,11511,93,7332,4861
2012,28105,8761,9095,2012,47486,702,24016,7644
2012,28107,7629,9079,2012,34675,505,22090,12473
2012,28109,17549,4366,2012,55886,1633,36987,19206
2012,28111,4137,1527,2012,12217,0,8108,4871
2012,28113,8181,9650,2012,40300,505,25850,13635
2012,28115,9448,2804,2012,29962,1780,19364,11725
2012,28117,7075,2817,2012,25384,308,16583,10161
2012,28119,1116,2837,2012,8171,67,5187,3025
2012,28121,48444,14988,2012,142136,3662,94911,37154
2012,28123,6089,5031,2012,28207,2923,17761,11413
2012,28125,737,1782,2012,4835,33,3064,1826
2012,28127,7424,4723,2012,27476,417,17819,10398
2012,28129,6049,1979,2012,16425,203,10754,6522
2012,28131,5420,2003,2012,17657,247,11210,5579
2012,28133,2929,8199,2012,29230,405,18570,10847
2012,28135,2499,3959,2012,15262,1344,10054,6897
2012,28137,7332,4933,2012,28580,638,18004,9057
2012,28139,6717,2317,2012,22095,992,14487,8787
2012,28141,6133,1643,2012,19573,552,13527,8347
2012,28143,883,3475,2012,10716,239,6501,3726
2012,28145,8498,2742,2012,27175,1188,17886,10283
2012,28147,4051,3422,2012,15405,238,10100,6303
2012,28149,10457,10786,2012,48419,925,31943,14064
2012,28151,5651,13981,2012,51010,565,31742,17110
2012,28153,6111,4148,2012,20754,252,13427,8795
2012,28155,3992,1190,2012,10162,113,6781,3637
2012,28157,1415,3412,2012,9778,43,6614,4540
2012,28159,5168,4607,2012,19160,183,12733,6975
2012,28161,3276,3030,2012,12647,159,8436,5009
2012,28163,4941,6603,2012,28220,1393,18713,11593
2012,29001,5651,4219,2012,25542,540,13918,6765
2012,29003,5457,2649,2012,17205,294,11777,5887
2012,29005,1902,756,2012,5664,56,4066,2087
2012,29007,6186,3539,2012,25617,659,17325,10615
2012,29009,9832,3667,2012,35680,2776,24220,14303
2012,29011,4418,1230,2012,12428,242,8307,4657
2012,29013,5020,2557,2012,17003,289,11574,7109
2012,29015,6069,2925,2012,19021,295,14500,9155
2012,29017,4095,1213,2012,12389,101,8442,5562
2012,29019,37404,39847,2012,163266,4919,94366,26457
2012,29021,18660,15594,2012,89162,4687,58436,30251
2012,29023,12248,4363,2012,42792,678,29332,16814
2012,29025,2721,1312,2012,9302,144,6346,3574
2012,29027,11745,6071,2012,44157,726,29091,14483
2012,29029,15092,6458,2012,43731,1007,32421,14915
2012,29031,25370,9728,2012,75690,1514,48597,22413
2012,29033,3072,1154,2012,9279,119,6420,3863
2012,29035,1978,754,2012,6225,52,4186,2391
2012,29037,30912,17044,2012,99394,3937,65579,28934
2012,29039,4376,1537,2012,13941,215,9774,5560
2012,29041,2402,1339,2012,7759,44,5504,3512
2012,29043,27473,9813,2012,77474,1965,50598,19389
2012,29045,1730,1398,2012,7082,35,4931,2929
2012,29047,56191,47310,2012,222048,13118,146957,53988
2012,29049,5931,3688,2012,20687,336,14056,7035
2012,29051,24490,12005,2012,75813,1811,51170,20710
2012,29053,4887,2474,2012,17542,238,11750,6383
2012,29055,6434,2951,2012,24753,377,16795,10262
2012,29057,2895,939,2012,7811,119,5580,3307
2012,29059,4992,2122,2012,16825,268,11460,7167
2012,29061,2290,1125,2012,8341,90,5534,3147
2012,29063,3056,1194,2012,12878,227,9567,6067
2012,29065,4883,1585,2012,15595,157,10834,6502
2012,29067,4649,1710,2012,13690,115,9571,5845
2012,29069,6850,3636,2012,31970,1751,21188,14677
2012,29071,29396,16347,2012,101440,1406,67998,33448
2012,29073,4895,2099,2012,15160,161,10763,6188
2012,29075,1988,937,2012,6773,39,4584,2750
2012,29077,76900,46219,2012,275671,8302,178880,69249
2012,29079,3030,1212,2012,10256,123,6903,3818
2012,29081,2624,984,2012,8901,144,6096,3878
2012,29083,6229,3606,2012,22234,378,15751,8696
2012,29085,2835,1733,2012,9554,99,7357,4570
2012,29087,1725,551,2012,4840,12,3564,2096
2012,29089,3017,1723,2012,10160,127,6573,3549
2012,29091,11544,4395,2012,40330,698,26965,15296
2012,29093,2252,1669,2012,10563,131,7369,4389
2012,29095,93199,78283,2012,672784,55470,445662,185448
2012,29097,31349,12809,2012,116493,7891,74328,37760
2012,29099,53978,41564,2012,218628,3443,145576,68917
2012,29101,12763,7667,2012,52964,1687,30276,12349
2012,29103,1205,698,2012,4111,16,2802,1726
2012,29105,10934,4093,2012,35507,707,23836,14847
2012,29107,9803,5655,2012,33278,740,22527,12078
2012,29109,11421,4017,2012,38559,2420,25483,14765
2012,29111,2677,1508,2012,10203,157,6606,3879
2012,29113,14332,7734,2012,52637,1057,33851,19296
2012,29115,3344,2041,2012,12668,196,8670,5498
2012,29117,4006,1906,2012,15068,181,10556,6108
2012,29119,5694,1920,2012,22970,2542,14591,8761
2012,29121,4701,2309,2012,15532,158,10682,6212
2012,29123,3227,1588,2012,12334,233,8390,5088
2012,29125,3165,1299,2012,9140,83,6274,3581
2012,29127,7923,4031,2012,28703,396,19184,10523
2012,29129,1255,353,2012,3763,39,2601,1592
2012,29131,8099,2651,2012,24822,364,16801,9819
2012,29133,2997,1858,2012,14231,239,9875,7139
2012,29135,4704,1608,2012,15587,616,10371,6052
2012,29137,2564,1398,2012,8876,85,6165,3870
2012,29139,3490,1740,2012,12181,174,8502,5428
2012,29141,5733,2773,2012,20479,358,14598,8882
2012,29143,4284,2814,2012,18780,224,12707,8345
2012,29145,18181,6425,2012,58314,2574,38284,18516
2012,29147,5593,3172,2012,23305,505,12566,6453
2012,29149,2886,1419,2012,10885,140,7646,4877
2012,29151,5329,1473,2012,13857,85,9111,5510
2012,29153,3080,1261,2012,9672,132,7232,4507
2012,29155,3598,2671,2012,18288,358,11658,7756
2012,29157,5669,2184,2012,18986,331,12712,7961
2012,29159,10842,5904,2012,42044,3059,27424,14240
2012,29161,11895,5798,2012,44825,930,27306,13028
2012,29163,4577,2582,2012,18574,353,12798,8424
2012,29165,25618,19175,2012,89567,4495,60395,18057
2012,29167,9252,3580,2012,31035,593,19867,11196
2012,29169,9092,4199,2012,51620,4672,27349,11725
2012,29171,1673,587,2012,4976,37,3527,2056
2012,29173,3231,1736,2012,10198,103,7218,4280
2012,29175,6667,3031,2012,25388,419,17210,9426
2012,29177,5815,4275,2012,23422,431,15850,9086
2012,29179,1931,1157,2012,6682,66,4716,3236
2012,29181,3743,1396,2012,14070,155,9685,6392
2012,29183,110784,71838,2012,360695,10060,237241,78472
2012,29185,3019,1460,2012,9693,167,7187,4762
2012,29186,4055,3813,2012,18066,151,12467,7233
2012,29187,13248,8829,2012,65246,797,45271,24783
2012,29189,224742,297097,2012,999147,25016,679114,210000
2012,29195,5104,3790,2012,23232,1935,15179,8736
2012,29197,1174,697,2012,4397,3,2919,1997
2012,29199,1246,643,2012,4843,47,3112,1872
2012,29201,11623,5122,2012,39192,706,26123,16311
2012,29203,2262,1302,2012,8407,139,5787,3535
2012,29205,2188,966,2012,6328,46,4368,2415
2012,29207,9496,3153,2012,29902,366,20661,13479
2012,29209,11787,3923,2012,31968,568,24103,13348
2012,29211,1610,908,2012,6667,1212,4559,2874
2012,29213,15746,5479,2012,51596,2481,35133,17422
2012,29215,7618,2871,2012,25840,441,17798,11305
2012,29217,5758,2580,2012,20958,342,13838,8110
2012,29219,9150,5219,2012,32440,943,21974,11796
2012,29221,5071,3417,2012,25120,264,17063,11704
2012,29223,3790,1813,2012,13444,151,9656,6705
2012,29225,10708,4409,2012,36183,618,23395,13313
2012,29227,664,341,2012,2146,6,1544,952
2012,29229,5830,1953,2012,18732,253,12436,7874
2012,29510,22943,118780,2012,318527,11005,212243,91140
2012,30001,3289,1371,2012,9228,337,6257,2245
2012,30003,1667,2882,2012,12872,552,7252,3657
2012,30005,1178,1616,2012,6514,119,3980,1776
2012,30007,2152,764,2012,5575,58,4054,2217
2012,30009,3533,2146,2012,10057,204,7559,3152
2012,30011,678,96,2012,1276,5,989,453
2012,30013,18345,15232,2012,81248,2810,54303,21532
2012,30015,1758,978,2012,5811,96,3852,1715
2012,30017,3373,1833,2012,11706,268,8073,3350
2012,30019,740,237,2012,1734,4,1376,532
2012,30021,3029,1219,2012,9022,190,6360,2496
2012,30023,1448,2860,2012,9277,262,6641,3190
2012,30025,1128,237,2012,3051,11,2071,1013
2012,30027,4257,1640,2012,11507,180,8560,3757
2012,30029,28309,13892,2012,90967,2131,62665,23963
2012,30031,24358,21961,2012,90339,2508,56695,13708
2012,30033,622,66,2012,1100,4,803,443
2012,30035,1415,2924,2012,13422,265,7804,3611
2012,30037,351,110,2012,769,9,528,253
2012,30039,1107,533,2012,3083,48,2426,1070
2012,30041,3164,3403,2012,16157,382,10096,3757
2012,30043,4055,2272,2012,11360,220,8152,2879
2012,30045,854,337,2012,2052,16,1606,604
2012,30047,7135,5805,2012,28794,1028,19188,7835
2012,30049,16803,15620,2012,63432,1611,43620,12775
2012,30051,702,257,2012,2326,0,1664,756
2012,30053,6057,2552,2012,19594,467,14696,7080
2012,30055,745,223,2012,1808,0,1298,640
2012,30057,3130,1289,2012,7688,191,5914,2157
2012,30059,670,269,2012,1900,15,1398,759
2012,30061,1216,700,2012,4203,85,3068,1698
2012,30063,22652,32824,2012,109402,2911,70684,21112
2012,30065,1833,492,2012,4597,116,3360,1854
2012,30067,4709,3783,2012,15655,340,11770,4615
2012,30069,240,49,2012,566,30,406,202
2012,30071,1688,471,2012,4203,23,3071,1579
2012,30073,1673,975,2012,6147,88,4208,1767
2012,30075,833,170,2012,1639,29,1204,488
2012,30077,1806,888,2012,7067,146,5396,2472
2012,30079,520,167,2012,1193,6,935,469
2012,30081,14307,7285,2012,40311,1203,29039,12132
2012,30083,3510,1002,2012,9961,323,6859,3210
2012,30085,1514,2086,2012,10477,147,6112,3301
2012,30087,2004,1422,2012,9261,318,5777,2535
2012,30089,3980,1720,2012,11421,243,8460,4477
2012,30091,1207,665,2012,3447,22,2503,817
2012,30093,5430,10857,2012,34164,1265,23385,11002
2012,30095,3337,1248,2012,9096,220,6564,3078
2012,30097,1594,475,2012,3661,85,2509,1231
2012,30099,2113,1082,2012,6082,82,4276,1713
2012,30101,1440,582,2012,5210,146,3807,1633
2012,30103,319,114,2012,698,59,541,257
2012,30105,2337,1385,2012,7423,99,5272,2505
2012,30107,693,272,2012,2142,9,1502,854
2012,30109,421,98,2012,899,7,683,320
2012,30111,40500,26403,2012,148191,6991,100066,38891
2012,31001,8316,4062,2012,31299,2457,20061,8604
2012,31003,2596,571,2012,6655,179,4695,2269
2012,31005,227,30,2012,490,0,319,81
2012,31007,346,55,2012,778,29,514,166
2012,31009,268,29,2012,584,0,402,164
2012,31011,2138,615,2012,5473,63,3808,1956
2012,31013,2869,1692,2012,11345,1183,7585,3595
2012,31015,873,188,2012,2025,12,1478,786
2012,31017,1302,224,2012,3183,23,2264,1051
2012,31019,13570,5365,2012,46330,3451,27759,10064
2012,31021,2029,1291,2012,6829,145,4931,2376
2012,31023,2738,1045,2012,8345,206,5789,2793
2012,31025,7556,4367,2012,25214,636,17162,6826
2012,31027,3278,958,2012,8807,117,6024,3161
2012,31029,1584,254,2012,3964,438,2807,1418
2012,31031,2557,436,2012,5722,195,4144,1634
2012,31033,3449,1084,2012,10038,600,7029,2525
2012,31035,2232,667,2012,6497,486,4405,2017
2012,31037,2051,969,2012,10453,4257,6458,3801
2012,31039,2876,1031,2012,9140,759,6267,3309
2012,31041,4296,1083,2012,10904,221,7631,3384
2012,31043,3094,2922,2012,20869,7294,12881,7952
2012,31045,2478,1132,2012,9176,318,5604,1739
2012,31047,5460,2199,2012,24267,7671,15374,9115
2012,31049,763,215,2012,1962,63,1432,599
2012,31051,1745,870,2012,5982,630,4072,2039
2012,31053,8995,5673,2012,36590,3582,24926,13033
2012,31055,113220,106456,2012,518271,57608,330586,109076
2012,31057,792,176,2012,1996,113,1472,581
2012,31059,2007,807,2012,5867,179,4163,1863
2012,31061,1112,384,2012,3196,36,2342,1069
2012,31063,1007,271,2012,2693,18,1838,745
2012,31065,1782,423,2012,4922,138,3524,1677
2012,31067,5513,3903,2012,22209,395,15489,7339
2012,31069,829,242,2012,2011,115,1612,706
2012,31071,769,149,2012,2106,0,1581,846
2012,31073,734,230,2012,2020,70,1401,593
2012,31075,322,30,2012,608,7,410,193
2012,31077,820,340,2012,2515,67,1766,871
2012,31079,12646,7161,2012,58681,13616,37729,18929
2012,31081,3600,1146,2012,9096,191,6239,2373
2012,31083,1395,354,2012,3419,39,2568,1158
2012,31085,476,51,2012,1037,51,710,302
2012,31087,1178,274,2012,2898,51,2132,849
2012,31089,3922,882,2012,10418,310,7361,3528
2012,31091,330,59,2012,689,11,512,188
2012,31093,1890,914,2012,6294,118,4382,2098
2012,31095,2166,1195,2012,7572,213,5473,2885
2012,31097,1225,790,2012,5188,454,3885,2185
2012,31099,2349,773,2012,6514,258,4546,1641
2012,31101,3044,928,2012,8284,465,6160,2578
2012,31103,393,80,2012,742,0,599,291
2012,31105,1235,395,2012,3789,268,2757,1271
2012,31107,2885,1059,2012,8648,161,6121,3124
2012,31109,62434,62015,2012,286425,16766,177489,52369
2012,31111,10728,4450,2012,36212,2638,24437,10230
2012,31113,356,68,2012,724,7,532,232
2012,31115,290,62,2012,534,18,377,180
2012,31117,237,41,2012,348,0,285,94
2012,31119,10062,3485,2012,34766,4457,22419,9378
2012,31121,2490,925,2012,7779,274,5389,2558
2012,31123,1681,455,2012,4993,670,3477,1661
2012,31125,1106,481,2012,3730,78,2623,1371
2012,31127,2012,1128,2012,7224,138,4750,2016
2012,31129,1574,568,2012,4490,95,3329,1791
2012,31131,4258,2561,2012,15729,899,10817,5081
2012,31133,899,400,2012,2753,38,2034,1192
2012,31135,1135,238,2012,2947,93,2080,720
2012,31137,3400,880,2012,9184,386,6354,2394
2012,31139,2707,637,2012,7231,97,4899,2312
2012,31141,10061,3148,2012,32195,4449,20841,8897
2012,31143,1890,528,2012,5371,159,3789,1672
2012,31145,3891,952,2012,11013,456,7460,2945
2012,31147,2443,1191,2012,8355,114,6086,3258
2012,31149,672,103,2012,1540,19,1162,528
2012,31151,2557,2289,2012,14278,2889,8680,4537
2012,31153,43213,26671,2012,159413,11625,99480,28250
2012,31155,6770,3307,2012,20696,424,14010,5914
2012,31157,9648,4327,2012,36835,7783,24458,11004
2012,31159,5003,2386,2012,16729,285,10555,3967
2012,31161,2021,390,2012,5432,168,3910,1731
2012,31163,927,552,2012,3133,26,2284,1233
2012,31165,624,101,2012,1262,33,914,336
2012,31167,1949,614,2012,6139,152,4058,1615
2012,31169,1874,728,2012,5195,81,3813,1793
2012,31171,360,42,2012,831,0,549,171
2012,31173,939,1247,2012,6926,243,3745,1824
2012,31175,1657,498,2012,4322,58,3119,1507
2012,31177,6899,3132,2012,20201,422,13476,5385
2012,31179,2493,1074,2012,9542,412,5237,1829
2012,31181,1258,442,2012,3773,130,2695,1255
2012,31183,345,93,2012,725,42,505,211
2012,31185,4874,1373,2012,13727,564,9372,4105
2012,32001,7061,2961,2012,24779,3037,16399,7454
2012,32003,289053,389936,2012,1954773,569262,1287447,584923
2012,32005,16276,9297,2012,47056,5127,34587,11590
2012,32007,12014,3511,2012,49133,11299,30122,13794
2012,32009,317,92,2012,916,144,758,397
2012,32011,663,107,2012,1809,121,1218,546
2012,32013,3810,1737,2012,16511,4018,10603,5496
2012,32015,1580,534,2012,5751,1413,3513,1855
2012,32017,1691,400,2012,5282,380,3320,1538
2012,32019,13520,7380,2012,51797,7733,35157,16489
2012,32021,1080,863,2012,4718,444,3579,2019
2012,32023,10566,6320,2012,43801,5983,32083,17388
2012,32027,1167,632,2012,6707,1508,4985,2880
2012,32029,1321,920,2012,4010,106,3195,1224
2012,32031,88453,95409,2012,422010,94144,278505,105912
2012,32033,2601,983,2012,9967,1316,6918,3706
2012,32510,12394,10291,2012,55184,11800,38640,17002
2012,33001,17571,15890,2012,60206,770,43478,17712
2012,33003,14207,13977,2012,47761,498,36107,14233
2012,33005,15156,25380,2012,77106,1119,51511,22244
2012,33007,6342,9095,2012,32872,398,24548,13408
2012,33009,18208,29826,2012,88985,1641,60080,23143
2012,33011,99991,102303,2012,401101,21391,272916,99830
2012,33013,34524,44756,2012,146742,2408,101607,37129
2012,33015,87921,80142,2012,295872,6349,206861,70349
2012,33017,26729,36026,2012,123295,2276,78797,30431
2012,33019,9269,12166,2012,43534,505,31433,14835
2012,34001,46522,65600,2012,274402,46303,185318,92148
2012,34003,169070,212754,2012,906781,146451,635424,213378
2012,34005,87401,126377,2012,449117,29225,307746,119101
2012,34007,69476,153682,2012,513660,73288,342579,155025
2012,34009,25781,21657,2012,96987,5975,71072,33503
2012,34011,20658,34055,2012,156864,42250,104345,65269
2012,34013,64406,236618,2012,783840,159546,515238,236065
2012,34015,59456,74013,2012,288187,13801,191400,83591
2012,34017,42369,153108,2012,636194,268575,441933,197217
2012,34019,38687,26876,2012,127996,6799,88992,25231
2012,34021,47355,104377,2012,366442,55297,243587,94608
2012,34023,107310,190555,2012,811064,149204,543847,209897
2012,34025,147513,133145,2012,629263,60432,430374,148887
2012,34027,124947,100146,2012,493472,56653,340991,101857
2012,34029,146474,102300,2012,575961,47476,398506,190949
2012,34031,64523,115926,2012,500168,185476,324818,172060
2012,34033,14334,14719,2012,66007,4510,45107,23639
2012,34035,66603,74592,2012,323650,41986,221964,64918
2012,34037,40625,26104,2012,148962,9682,102229,39311
2012,34039,68314,139752,2012,536383,147010,359658,163260
2012,34041,25744,18745,2012,108488,7741,74388,34387
2012,35001,106408,150739,2012,661924,316307,435547,160099
2012,35003,1494,560,2012,3686,798,3123,1444
2012,35005,13088,6604,2012,65343,34009,40392,19860
2012,35006,2998,4961,2012,27293,10004,17942,11170
2012,35007,2699,2828,2012,13614,6464,9854,4712
2012,35009,9251,4022,2012,48101,18986,29136,12656
2012,35011,586,287,2012,2069,904,1412,770
2012,35013,27322,37139,2012,208794,137447,125852,56602
2012,35015,12583,6142,2012,53693,23702,35002,18386
2012,35017,5358,7090,2012,29602,14348,20803,9089
2012,35019,557,1488,2012,4655,3538,3131,1878
2012,35021,327,260,2012,612,270,467,250
2012,35023,899,995,2012,4903,2769,3258,1785
2012,35025,12548,4080,2012,64670,33141,39115,22620
2012,35027,5961,2942,2012,20440,6146,15264,6074
2012,35028,4796,5191,2012,18008,2692,12725,1780
2012,35029,3670,3583,2012,25162,15526,16071,9922
2012,35031,5546,15841,2012,71888,9744,40925,24707
2012,35033,595,1955,2012,4830,3874,3547,1938
2012,35035,12451,6829,2012,64176,22294,41269,18134
2012,35037,2202,1383,2012,8956,3804,6246,3607
2012,35039,3397,11465,2012,40201,28714,26792,13970
2012,35041,4043,1727,2012,19840,7896,11256,5401
2012,35043,24387,27236,2012,131302,46334,86170,30930
2012,35045,28849,15855,2012,128600,24496,78717,40179
2012,35047,2303,8850,2012,29225,22476,19586,9428
2012,35049,15500,50872,2012,144209,73005,102931,34572
2012,35051,2928,1964,2012,11956,3343,8933,4302
2012,35053,2722,4058,2012,17843,8652,11070,5821
2012,35055,2730,11978,2012,32775,18376,23879,9158
2012,35057,3529,2428,2012,16285,6391,10999,6134
2012,35059,1236,472,2012,4460,1772,3178,1882
2012,35061,12825,13511,2012,76172,44347,49334,23601
2012,36001,40210,83978,2012,304511,15091,202976,69542
2012,36003,9377,5866,2012,48837,686,30546,16049
2012,36005,26680,334600,2012,1386364,741954,856624,497497
2012,36007,34708,39971,2012,199928,6771,133976,58172
2012,36009,14655,12040,2012,80166,1385,53632,29117
2012,36011,11646,16105,2012,79996,1927,55679,27869
2012,36013,24266,22463,2012,134599,8257,89975,43461
2012,36015,16138,16205,2012,88779,2288,60801,29040
2012,36017,8922,8642,2012,50490,946,35200,18987
2012,36019,9892,18072,2012,82054,2096,55424,28936
2012,36021,10600,15241,2012,62881,2456,45264,19591
2012,36023,7859,9965,2012,49453,1145,30373,13742
2012,36025,9086,7881,2012,47851,1557,33619,17553
2012,36027,48264,62063,2012,297291,31060,199082,77527
2012,36029,149683,227325,2012,919542,41901,624799,247375
2012,36031,6076,9368,2012,39309,1005,28784,13363
2012,36033,5231,9532,2012,51698,1595,35699,19376
2012,36035,9830,8331,2012,55358,1307,38757,21217
2012,36037,12814,9092,2012,59992,1609,41284,19496
2012,36039,9737,8384,2012,49122,2459,34935,18793
2012,36041,1771,1092,2012,4835,52,3771,1718
2012,36043,12166,10826,2012,64475,1058,44564,21284
2012,36045,16435,16231,2012,117011,6651,72579,34123
2012,36047,112957,580225,2012,2512740,497620,1654388,818376
2012,36049,5129,4530,2012,27062,355,18259,10985
2012,36051,12641,11100,2012,65215,1838,42391,19042
2012,36053,12011,13231,2012,72977,1334,47390,21244
2012,36055,114434,185916,2012,744746,53985,492955,176892
2012,36057,8046,8106,2012,50025,5681,34275,18310
2012,36059,237862,294661,2012,1338712,195287,915334,318109
2012,36061,84810,486172,2012,1596735,409298,1183556,322257
2012,36063,38158,41837,2012,215869,4734,149323,69951
2012,36065,40532,39031,2012,234336,10884,159774,73669
2012,36067,69357,117470,2012,466179,18879,307743,114914
2012,36069,20919,22065,2012,107728,3759,73790,26822
2012,36071,58003,70742,2012,372951,67082,235119,98858
2012,36073,7585,5505,2012,42995,1783,29435,16057
2012,36075,17610,22178,2012,122055,2578,78839,43416
2012,36077,10451,11530,2012,62147,1941,40243,18096
2012,36079,20925,18539,2012,99702,11596,68798,23310
2012,36081,108864,461391,2012,2235008,614147,1557698,737711
2012,36083,24903,35373,2012,159464,6135,107085,43645
2012,36085,66916,75557,2012,468374,80439,315861,142332
2012,36087,51976,63908,2012,312011,48716,196957,69959
2012,36089,13543,20488,2012,112060,2224,71005,35615
2012,36091,44915,50998,2012,219832,5392,152586,51287
2012,36093,22952,35330,2012,154466,8818,104755,42867
2012,36095,6497,5119,2012,32617,923,22268,11261
2012,36097,3798,3444,2012,18472,258,13130,6557
2012,36099,5244,6715,2012,35306,993,24581,12622
2012,36101,20163,15015,2012,98992,1388,68078,33107
2012,36103,243258,287519,2012,1492360,245810,1006220,405142
2012,36105,11347,14612,2012,77340,10526,53564,26184
2012,36107,11160,8544,2012,51067,713,35392,16437
2012,36109,10191,24872,2012,101570,4379,57768,15603
2012,36111,25572,43837,2012,182516,16044,127553,52088
2012,36113,12925,14276,2012,65700,1195,47086,20171
2012,36115,9793,10993,2012,63108,1464,44614,25424
2012,36117,17248,15732,2012,93476,3462,64230,30697
2012,36119,131139,234778,2012,950227,207229,645116,222860
2012,36121,9248,5357,2012,42092,1261,30043,16030
2012,36123,4269,4259,2012,25351,439,16437,8558
2012,37001,38170,28875,2012,151170,16684,99903,46603
2012,37003,12253,4611,2012,37014,1569,25747,15762
2012,37005,3390,1583,2012,11069,991,8117,4703
2012,37007,4166,7019,2012,26699,797,18399,12116
2012,37009,8242,4116,2012,27099,1278,19999,10282
2012,37011,5766,1882,2012,17815,788,12981,6379
2012,37013,13977,9435,2012,47542,3190,33691,17386
2012,37015,3387,6695,2012,21035,197,14875,9426
2012,37017,7748,8062,2012,34922,2418,23854,13892
2012,37019,34743,22038,2012,107925,5412,81286,34857
2012,37021,54701,70625,2012,239000,14191,169640,63088
2012,37023,22267,13701,2012,90821,4758,62247,33424
2012,37025,49557,32849,2012,178396,16743,116203,48689
2012,37027,23229,10898,2012,82493,3796,57289,32638
2012,37029,3109,1508,2012,9965,219,6516,2754
2012,37031,24775,10301,2012,66415,2278,48953,19784
2012,37033,5594,5348,2012,23615,757,17024,10342
2012,37035,44538,24069,2012,154201,12916,104928,51272
2012,37037,16665,18361,2012,63896,8136,46268,17802
2012,37039,9278,3378,2012,27304,687,20432,10176
2012,37041,3891,3556,2012,14825,480,10206,5751
2012,37043,3973,1579,2012,10575,261,7774,3472
2012,37045,25793,17062,2012,97890,2791,66023,35219
2012,37047,12941,11050,2012,57612,2579,39211,20836
2012,37049,26928,18763,2012,102904,6303,66317,26742
2012,37051,50666,75792,2012,319329,30374,193062,72477
2012,37053,7496,3562,2012,23677,721,16304,7751
2012,37055,10248,7393,2012,34019,2131,25056,8370
2012,37057,49383,20624,2012,162628,10256,111833,61312
2012,37059,14687,5735,2012,41183,2494,28785,13865
2012,37061,11416,9033,2012,58510,12045,38627,22439
2012,37063,33769,111224,2012,269283,35528,176868,55153
2012,37065,8546,18310,2012,56253,2097,37448,21793
2012,37067,79768,92323,2012,351368,41351,230861,92174
2012,37069,14603,13436,2012,60470,4673,40856,22033
2012,37071,56138,33171,2012,206291,12199,139331,68842
2012,37073,2564,2786,2012,12069,177,8322,4454
2012,37075,2750,1119,2012,8766,200,6019,3397
2012,37077,12405,13598,2012,59666,4451,41078,21667
2012,37079,4411,3778,2012,21386,3006,14528,8136
2012,37081,104789,146365,2012,489576,34642,318536,122077
2012,37083,8763,17176,2012,54693,1182,37363,22255
2012,37085,25565,17331,2012,115559,12403,71773,33596
2012,37087,15633,11833,2012,58915,1944,43282,19590
2012,37089,32994,18642,2012,106577,10338,78051,30687
2012,37091,3007,7843,2012,24525,675,16833,9253
2012,37093,6819,10076,2012,47368,5820,28800,13161
2012,37095,1193,1163,2012,5810,359,4135,2384
2012,37097,49299,26076,2012,159614,10758,106624,47299
2012,37099,8254,8095,2012,39985,1943,25362,11213
2012,37101,48427,27290,2012,169122,21620,109466,51371
2012,37103,2837,2352,2012,10144,400,7186,3893
2012,37105,13158,10801,2012,57876,10645,38124,18548
2012,37107,13980,13948,2012,59372,3873,40349,21569
2012,37109,25267,11024,2012,78052,5343,54102,25639
2012,37111,11775,6031,2012,44926,2374,31845,17956
2012,37113,10835,5712,2012,33815,2132,25206,11663
2012,37115,5404,4484,2012,20727,430,14540,7700
2012,37117,5995,6583,2012,24298,782,17070,9549
2012,37119,171668,272262,2012,926873,111935,603674,186728
2012,37121,5806,1838,2012,15539,649,11346,6365
2012,37123,6404,4706,2012,27741,3950,18777,10653
2012,37125,29495,16505,2012,88314,5244,63555,22889
2012,37127,23842,24313,2012,95545,5949,64667,33503
2012,37129,53385,48668,2012,203276,10468,136799,42620
2012,37131,3483,7232,2012,21959,319,15605,10032
2012,37133,32243,18490,2012,176461,17985,92011,36681
2012,37135,21539,53901,2012,133958,10714,81334,20552
2012,37137,4051,2647,2012,13145,397,9886,4804
2012,37139,7633,10282,2012,40551,1650,26286,12119
2012,37141,14617,9632,2012,52447,3176,36284,17105
2012,37143,3822,2759,2012,13414,278,9766,5010
2012,37145,10496,8418,2012,39322,1581,27191,14663
2012,37147,36214,41843,2012,167951,9118,99004,39681
2012,37149,6236,4013,2012,20386,1105,15357,6913
2012,37151,45160,14773,2012,141568,14678,95674,54701
2012,37153,9332,9904,2012,46608,2748,30735,17792
2012,37155,17510,24988,2012,133920,10771,83255,50555
2012,37157,25227,16351,2012,93264,5091,65578,37161
2012,37159,38775,22650,2012,138189,10494,93028,49294
2012,37161,18954,9374,2012,67446,2359,47184,23887
2012,37163,14422,11566,2012,63408,10499,42121,24601
2012,37165,5831,8215,2012,36266,806,23722,13692
2012,37167,19904,8431,2012,60489,2168,41089,21895
2012,37169,15237,6018,2012,47224,1253,33366,19970
2012,37171,19923,9112,2012,73551,7115,50973,27744
2012,37173,2976,2618,2012,13995,557,9647,4773
2012,37175,9634,6826,2012,32825,923,24351,10142
2012,37177,930,837,2012,4367,298,3400,2203
2012,37179,61107,32473,2012,201617,21054,125970,49749
2012,37181,7429,13323,2012,45183,3027,29490,18015
2012,37183,211596,267262,2012,905573,87549,583884,148479
2012,37185,3140,6978,2012,20860,696,14843,8688
2012,37187,2622,3833,2012,13085,476,8933,5079
2012,37189,13861,13002,2012,51103,1670,27885,8980
2012,37191,27641,23314,2012,122419,11983,79737,38503
2012,37193,20515,8148,2012,69265,3785,48810,28688
2012,37195,17954,20875,2012,81020,7621,53983,29007
2012,37197,12578,3957,2012,38254,3745,26360,15223
2012,37199,5278,3981,2012,17814,824,13051,6915
2012,38001,918,328,2012,2325,29,1773,825
2012,38003,2964,2394,2012,11047,131,7814,3479
2012,38005,868,1235,2012,6677,75,3851,1952
2012,38007,472,89,2012,838,4,650,305
2012,38009,2280,1183,2012,6449,70,4651,1816
2012,38011,1280,414,2012,3154,88,2273,977
2012,38013,769,230,2012,2011,50,1501,725
2012,38015,27951,14122,2012,81941,1087,54890,17059
2012,38017,36855,34712,2012,150240,3108,93077,24463
2012,38019,1195,818,2012,3974,0,3002,1280
2012,38021,1610,853,2012,5280,107,3589,1554
2012,38023,733,385,2012,2095,21,1665,694
2012,38025,1506,508,2012,3648,75,2601,1175
2012,38027,634,486,2012,2393,78,1764,786
2012,38029,1435,383,2012,3544,8,2593,1348
2012,38031,1030,607,2012,3368,43,2410,1102
2012,38033,742,162,2012,1646,23,1116,433
2012,38035,15060,14032,2012,66890,2027,38646,12126
2012,38037,1025,334,2012,2380,1,1787,917
2012,38039,771,536,2012,2393,21,1867,949
2012,38041,1000,313,2012,2502,15,1889,907
2012,38043,870,393,2012,2426,100,1822,874
2012,38045,1377,740,2012,4141,22,3080,1372
2012,38047,810,232,2012,1972,26,1453,825
2012,38049,1678,943,2012,5478,88,3972,2034
2012,38051,1035,459,2012,2813,23,2199,1200
2012,38053,2458,927,2012,6692,178,4353,1631
2012,38055,3141,1670,2012,9020,120,6784,2943
2012,38057,3152,1166,2012,8400,122,6147,2548
2012,38059,8680,4469,2012,27439,408,18763,7668
2012,38061,1962,1403,2012,7830,299,5092,2052
2012,38063,865,767,2012,3115,35,2373,975
2012,38065,693,281,2012,1875,38,1332,615
2012,38067,1899,1253,2012,7383,193,5370,2466
2012,38069,1465,660,2012,4378,110,3215,1603
2012,38071,2665,2164,2012,11450,146,7876,3144
2012,38073,1009,1343,2012,5498,69,3899,1858
2012,38075,851,398,2012,2468,0,1786,660
2012,38077,4229,3198,2012,16295,291,10571,3996
2012,38079,1092,3353,2012,14015,80,7919,3329
2012,38081,879,1075,2012,3876,63,2773,1342
2012,38083,642,163,2012,1282,0,1069,583
2012,38085,225,900,2012,4193,44,2148,1038
2012,38087,341,83,2012,768,4,569,278
2012,38089,8521,2812,2012,24682,530,16379,7075
2012,38091,498,518,2012,1976,27,1444,605
2012,38093,5685,3585,2012,20965,362,14524,7087
2012,38095,623,516,2012,2264,9,1659,659
2012,38097,1996,1811,2012,8105,206,5490,2002
2012,38099,2813,2124,2012,11131,992,7931,3966
2012,38101,16230,8441,2012,62013,2018,38432,13543
2012,38103,1654,673,2012,4228,0,3254,1615
2012,38105,7184,2322,2012,23287,531,15702,6229
2012,39001,6865,3976,2012,28524,239,19200,13135
2012,39003,29502,17913,2012,106079,2529,69341,36673
2012,39005,15519,8281,2012,53203,517,35022,19534
2012,39007,18298,23803,2012,101262,3455,69540,42374
2012,39009,8543,18307,2012,64592,1048,33577,14849
2012,39011,17169,5831,2012,45934,543,30894,16641
2012,39013,16758,14156,2012,70182,465,50769,28809
2012,39015,11916,7107,2012,44666,284,30161,19882
2012,39017,105176,62388,2012,368029,14408,234703,108055
2012,39019,7315,5543,2012,28828,242,20306,13155
2012,39021,11045,7044,2012,39982,472,26740,15543
2012,39023,31816,31298,2012,138278,3741,93192,48033
2012,39025,64208,30458,2012,197543,2987,131329,62397
2012,39027,12009,5791,2012,42161,605,27634,15621
2012,39029,25251,19821,2012,107598,1389,76010,45831
2012,39031,8390,6940,2012,36880,294,25101,15879
2012,39033,11852,7507,2012,43623,529,30291,18414
2012,39035,190651,447232,2012,1278024,61370,876191,367124
2012,39037,18108,6826,2012,52776,653,35735,22257
2012,39039,10176,7732,2012,38975,3464,26030,14343
2012,39041,60194,37292,2012,174454,3754,113076,28172
2012,39043,16952,21793,2012,76952,2620,54209,27666
2012,39045,41034,29890,2012,146138,2543,96539,42436
2012,39047,6620,4249,2012,28931,524,19512,12218
2012,39049,215987,346336,2012,1167484,55133,751700,270793
2012,39051,11738,9073,2012,42635,3312,28531,15100
2012,39053,7750,4557,2012,30877,282,20784,12182
2012,39055,30589,19659,2012,93485,1027,63085,23416
2012,39057,49819,32256,2012,161936,3590,103251,35851
2012,39059,8993,7450,2012,40056,363,27327,16336
2012,39061,193326,219927,2012,801350,20407,528988,206454
2012,39063,22443,12564,2012,75043,3409,49753,23109
2012,39065,7489,4619,2012,31986,421,19500,12657
2012,39067,4019,2950,2012,15818,91,11245,7236
2012,39069,8257,5658,2012,28246,1870,19028,10721
2012,39071,11410,6049,2012,43454,97,28998,17713
2012,39073,6285,6157,2012,29372,204,20147,11672
2012,39075,8702,2608,2012,42501,338,23815,18335
2012,39077,13060,11006,2012,59628,3350,39481,24298
2012,39079,7904,5166,2012,33134,272,22282,13922
2012,39081,17034,15385,2012,69343,782,48878,26872
2012,39083,17266,10470,2012,60791,752,39027,20577
2012,39085,58744,57680,2012,229873,7771,161884,69763
2012,39087,14651,10744,2012,62441,470,42847,25635
2012,39089,45503,34201,2012,166135,2335,110671,54081
2012,39091,13633,7062,2012,45816,544,30793,18937
2012,39093,59405,81464,2012,301108,25301,203893,95261
2012,39095,69940,136616,2012,441198,26947,287978,129506
2012,39097,10342,6845,2012,43213,618,29928,16110
2012,39099,42641,77059,2012,238352,11135,167130,86354
2012,39101,14265,12504,2012,66514,1483,46002,27229
2012,39103,50418,38785,2012,172334,2799,117036,46000
2012,39105,5895,4027,2012,23664,117,16486,10210
2012,39107,16561,4745,2012,40866,604,27003,15751
2012,39109,34606,16383,2012,102657,1337,70304,34913
2012,39111,3548,3035,2012,14679,73,10543,6898
2012,39113,124841,137139,2012,535626,12192,361374,149558
2012,39115,3179,2814,2012,15042,99,10482,6654
2012,39117,9865,5933,2012,34895,396,23410,13780
2012,39119,19264,17001,2012,85996,664,57461,33425
2012,39121,3563,2131,2012,14643,146,10724,7767
2012,39123,10538,11503,2012,41445,1797,30188,14358
2012,39125,5354,3538,2012,19522,839,13217,8039
2012,39127,7627,7033,2012,36086,209,23845,15208
2012,39129,14037,9684,2012,55795,610,37589,22363
2012,39131,5685,5684,2012,28652,211,19171,12622
2012,39133,35242,39453,2012,161178,2126,102314,49634
2012,39135,13535,6211,2012,42240,250,28785,16820
2012,39137,13721,4318,2012,34445,1891,22685,11863
2012,39139,33867,22687,2012,124286,1754,86140,48032
2012,39141,15008,14569,2012,77741,777,54190,32439
2012,39143,13755,14541,2012,60842,5395,41403,22094
2012,39145,15492,15077,2012,79122,875,53442,30577
2012,39147,13243,11353,2012,56630,2532,37314,20939
2012,39149,17142,6343,2012,49359,658,32224,19064
2012,39151,88581,89432,2012,375593,6030,256855,130916
2012,39153,111000,153037,2012,541788,8781,369270,155117
2012,39155,38279,61672,2012,209942,2842,146886,85178
2012,39157,22242,18407,2012,92532,1753,63469,40013
2012,39159,16289,8805,2012,52153,661,34332,15409
2012,39161,9585,4029,2012,28808,737,19468,11306
2012,39163,2856,2436,2012,13397,13,9017,6138
2012,39165,76561,32909,2012,213146,4815,140517,50965
2012,39167,17284,11651,2012,61751,487,43313,23904
2012,39169,30251,19808,2012,114644,1762,74123,42701
2012,39171,10047,7266,2012,37779,1410,25983,15385
2012,39173,29704,32802,2012,126254,5781,77783,30655
2012,39175,6180,4137,2012,22626,508,15499,9357
2012,40001,4381,2127,2012,22470,1221,14311,9123
2012,40003,1761,322,2012,5631,238,4322,2273
2012,40005,3538,1243,2012,14133,430,9668,5784
2012,40007,2062,244,2012,5587,1110,3754,2046
2012,40009,5508,1417,2012,22519,2730,14660,8013
2012,40011,2824,992,2012,10651,1592,7502,4221
2012,40013,9520,3681,2012,42494,2114,27638,13849
2012,40015,5687,3164,2012,29403,2978,19398,11268
2012,40017,35625,10537,2012,116299,7998,76004,28576
2012,40019,12214,4908,2012,47603,2594,31551,17993
2012,40021,8162,6144,2012,47165,2983,29158,13208
2012,40023,3572,1494,2012,15172,448,10207,6221
2012,40025,1082,115,2012,2451,497,1718,969
2012,40027,59116,34771,2012,256550,18027,159959,56534
2012,40029,1710,649,2012,5906,167,3906,2578
2012,40031,17664,12521,2012,123101,13876,75533,34010
2012,40033,1796,657,2012,6171,370,4217,2411
2012,40035,3559,1747,2012,14922,380,10353,5704
2012,40037,18986,7128,2012,69934,2245,47027,25195
2012,40039,7446,2359,2012,27583,3932,16218,7492
2012,40041,10080,4196,2012,41332,1242,29100,16114
2012,40043,1792,301,2012,4775,242,3289,1787
2012,40045,1575,226,2012,4095,258,2902,1326
2012,40047,15177,4733,2012,60272,5372,39790,20031
2012,40049,6925,2559,2012,27471,1737,18551,11199
2012,40051,14833,4786,2012,52451,2479,34622,17969
2012,40053,1675,393,2012,4536,161,3202,1511
2012,40055,1344,488,2012,6185,623,4534,2667
2012,40057,659,264,2012,2888,742,1938,1047
2012,40059,1261,173,2012,3672,634,2507,1423
2012,40061,3069,1175,2012,12761,420,8563,4969
2012,40063,2838,1370,2012,13762,534,9617,5857
2012,40065,5965,1954,2012,26275,5539,16503,7451
2012,40067,1634,605,2012,6445,544,4418,2881
2012,40069,2649,1137,2012,10938,441,7255,3621
2012,40071,11499,4627,2012,46288,3045,30632,15098
2012,40073,4870,898,2012,14965,1988,9868,4763
2012,40075,2316,1106,2012,9421,860,6458,3442
2012,40077,2628,1170,2012,11099,306,7254,3586
2012,40079,11177,4662,2012,50056,3397,33270,19016
2012,40081,9553,3273,2012,34106,844,22904,12936
2012,40083,12314,4724,2012,41982,2172,27368,12237
2012,40085,2436,1034,2012,9404,1128,6462,3951
2012,40087,11112,3194,2012,34471,2408,22771,10878
2012,40089,7635,2440,2012,33144,1564,21727,13090
2012,40091,4509,2779,2012,20266,402,14635,8459
2012,40093,2700,446,2012,7563,572,5247,2931
2012,40095,3744,1396,2012,15774,2249,10765,6167
2012,40097,9637,4823,2012,41162,1141,27242,14673
2012,40099,3606,1540,2012,13460,662,9131,5177
2012,40101,13404,9952,2012,70635,3663,46519,22610
2012,40103,3488,1143,2012,11540,303,7823,3806
2012,40105,2832,1244,2012,10627,258,7271,4261
2012,40107,2335,1256,2012,12203,369,8386,5045
2012,40109,149728,106982,2012,721088,108092,464580,183646
2012,40111,7731,5432,2012,39770,1332,26216,13658
2012,40113,11242,6704,2012,47650,1409,32579,17250
2012,40115,6466,3509,2012,31940,1515,20958,11051
2012,40117,4232,1813,2012,16573,363,11277,6096
2012,40119,16481,9198,2012,77125,3001,41586,15709
2012,40121,10841,4831,2012,45570,1810,31963,17201
2012,40123,8945,3947,2012,37438,1515,23820,10795
2012,40125,16250,7188,2012,69676,2919,45154,23312
2012,40127,3087,1043,2012,11449,294,7988,4803
2012,40129,1402,272,2012,3678,176,2531,1192
2012,40131,27553,9148,2012,87031,3281,56885,24083
2012,40133,4856,2600,2012,25394,931,16629,9334
2012,40135,9578,4193,2012,41945,1468,27905,16558
2012,40137,12908,3939,2012,44848,2800,30605,16975
2012,40139,4930,862,2012,20620,8741,12303,6780
2012,40141,1815,906,2012,7981,1802,5228,3100
2012,40143,145062,82744,2012,602692,65889,390635,148392
2012,40145,20900,7791,2012,73067,3493,48222,21513
2012,40147,15668,5532,2012,51112,2568,34846,15701
2012,40149,3494,822,2012,11616,939,7690,4247
2012,40151,2727,671,2012,8741,419,5596,2374
2012,40153,5945,1133,2012,20232,2071,13497,7118
2012,41001,5702,2369,2012,16092,559,11813,5305
2012,41003,14991,27776,2012,85501,5486,50563,10984
2012,41005,88592,95493,2012,377206,29137,258939,81049
2012,41007,7249,9861,2012,37068,2820,26255,9722
2012,41009,10772,12004,2012,49317,2035,33857,15274
2012,41011,14673,12845,2012,62937,3456,46183,20188
2012,41013,6790,3104,2012,21102,1544,15234,7585
2012,41015,6598,4625,2012,22344,1258,17461,6826
2012,41017,42463,36961,2012,158884,11827,110886,33588
2012,41019,30776,17145,2012,107391,5042,77439,35542
2012,41021,639,371,2012,1904,120,1462,617
2012,41023,2926,853,2012,7366,217,5516,2555
2012,41025,2607,832,2012,7359,299,5107,2441
2012,41027,3429,6058,2012,22207,6546,14885,6713
2012,41029,49020,44468,2012,203613,21894,141893,54702
2012,41031,4642,3301,2012,21746,4286,14393,7262
2012,41033,23673,14953,2012,82636,5274,59771,25865
2012,41035,18898,8302,2012,66350,6990,45444,20133
2012,41037,2808,770,2012,7886,560,5918,2821
2012,41039,62509,102652,2012,351794,26125,236670,81634
2012,41041,8686,13401,2012,45992,3662,35004,13518
2012,41043,28944,20378,2012,116871,9097,78853,34654
2012,41045,6851,2759,2012,31057,9793,20129,10128
2012,41047,60190,56376,2012,315391,76429,201487,87621
2012,41049,2532,1202,2012,11146,3515,7083,3907
2012,41051,75302,274887,2012,737110,79791,515923,155405
2012,41053,17819,16292,2012,75448,9122,48029,17296
2012,41055,678,319,2012,1865,112,1320,534
2012,41057,5684,6293,2012,25254,2262,18708,8632
2012,41059,15499,8584,2012,75846,17966,48616,23293
2012,41061,7636,3973,2012,25670,1016,17062,7490
2012,41063,2804,1253,2012,6938,157,5216,2183
2012,41065,5229,5211,2012,25113,3784,17412,7530
2012,41067,93974,135291,2012,531818,83085,352358,99196
2012,41069,545,266,2012,1287,24,1044,540
2012,41071,22045,19260,2012,99119,14598,64111,27754
2012,42001,26767,15091,2012,101352,6081,68993,39308
2012,42003,262039,352687,2012,1224772,19487,861245,334922
2012,42005,20142,9045,2012,68942,393,49955,31377
2012,42007,42344,37055,2012,170614,2039,122450,61023
2012,42009,16702,4788,2012,49680,461,35450,23501
2012,42011,84702,83011,2012,411094,67258,272363,148699
2012,42013,33319,16276,2012,127133,1260,88601,51797
2012,42015,14410,8624,2012,62628,748,43767,26842
2012,42017,156579,160521,2012,625485,26768,434853,170469
2012,42019,59761,28550,2012,183946,1985,125894,56170
2012,42021,35163,24249,2012,143305,2059,101713,59735
2012,42023,1359,724,2012,5058,23,3779,2487
2012,42025,13504,11580,2012,65101,2196,46966,27244
2012,42027,34001,34176,2012,153758,3789,84977,33715
2012,42029,124840,124311,2012,499548,32149,331731,103124
2012,42031,10828,5056,2012,39991,257,25845,15495
2012,42033,20347,11121,2012,81668,1913,58832,37612
2012,42035,7303,5734,2012,39261,440,25172,15112
2012,42037,14236,10937,2012,66984,1400,43750,25598
2012,42039,20901,13883,2012,88492,860,60025,35420
2012,42041,64809,44367,2012,235314,6507,161652,70659
2012,42043,57450,64965,2012,267891,18828,183216,86678
2012,42045,110853,171792,2012,558874,16560,370252,149989
2012,42047,7579,5463,2012,31981,189,23399,14258
2012,42049,49025,68036,2012,280181,9512,184247,94554
2012,42051,26018,21971,2012,136914,1111,98665,63796
2012,42053,1383,896,2012,7664,326,5808,4078
2012,42055,43260,18995,2012,149554,6423,102003,59172
2012,42057,4814,1310,2012,14829,128,10371,7001
2012,42059,8428,5852,2012,38614,671,27093,17348
2012,42061,11979,5409,2012,45931,742,32410,21080
2012,42063,21257,14473,2012,88648,984,56196,32161
2012,42065,13048,4787,2012,45051,295,31673,20806
2012,42067,6862,2547,2012,24664,613,16940,11916
2012,42069,35085,61838,2012,214353,10546,149161,74351
2012,42071,130669,88481,2012,519913,45177,340482,188038
2012,42073,21047,17513,2012,90885,938,64104,36355
2012,42075,35872,19900,2012,133578,12492,91558,54419
2012,42077,66874,78283,2012,350165,66074,236776,112055
2012,42079,58325,64307,2012,320555,21679,226173,119170
2012,42081,30658,15203,2012,116447,1595,79504,43609
2012,42083,9545,5297,2012,43451,769,30294,18153
2012,42085,25925,24232,2012,116474,1260,80211,45043
2012,42087,11939,4273,2012,46694,533,32450,22579
2012,42089,26867,35221,2012,169346,22338,111695,52958
2012,42091,174381,233356,2012,799886,33775,555266,179214
2012,42093,4652,3053,2012,18243,337,13014,6777
2012,42095,61446,67606,2012,297519,31405,203280,95957
2012,42097,19518,13072,2012,94441,2284,67952,45188
2012,42099,13120,5685,2012,45791,602,31611,19346
2012,42101,96467,588806,2012,1525811,188061,982024,532557
2012,42103,12786,10210,2012,57437,5188,40075,17771
2012,42105,5231,1897,2012,17466,177,12326,7780
2012,42107,32278,24546,2012,147935,4106,107544,67836
2012,42109,10073,4687,2012,39620,667,25777,16559
2012,42111,23984,9436,2012,77638,837,56791,36894
2012,42113,1868,1034,2012,6453,86,4822,3019
2012,42115,10800,6935,2012,43171,578,30939,18197
2012,42117,11342,5357,2012,42081,450,28748,16223
2012,42119,9896,6109,2012,44944,2376,30512,17196
2012,42121,13815,7945,2012,54865,494,38968,23584
2012,42123,10010,6995,2012,41613,319,30118,17473
2012,42125,53230,40345,2012,207916,2394,146709,74063
2012,42127,12896,8396,2012,52299,1815,38610,21478
2012,42129,103932,63722,2012,364877,3252,264595,127401
2012,42131,6587,5061,2012,28221,439,19636,11383
2012,42133,113304,73191,2012,434579,24401,296861,160424
2012,44001,9231,14974,2012,49796,1021,33794,11650
2012,44003,31567,45564,2012,166066,5429,119348,49097
2012,44005,15202,23463,2012,82503,3550,58649,17681
2012,44007,75785,159520,2012,627414,118206,413535,198594
2012,44009,25366,35888,2012,126692,3110,84357,26141
2012,45001,5981,4543,2012,25387,267,17118,9736
2012,45003,44042,25322,2012,160169,7794,109090,51385
2012,45005,838,3297,2012,10399,248,7092,4469
2012,45007,48709,22405,2012,187228,5496,126628,65479
2012,45009,2194,4624,2012,15941,128,10227,5264
2012,45011,4659,5188,2012,22523,426,14607,8922
2012,45013,42687,29848,2012,162316,19056,111678,37937
2012,45015,38475,28542,2012,179773,10513,115452,54006
2012,45017,3707,4045,2012,15134,452,10618,5494
2012,45019,77629,81487,2012,352548,18392,236915,80656
2012,45021,13314,7231,2012,55351,2020,36326,22650
2012,45023,6367,7891,2012,33028,496,22268,13723
2012,45025,8490,7958,2012,46462,1646,30898,19744
2012,45027,7071,9091,2012,34746,921,23440,14350
2012,45029,8443,8475,2012,38665,1071,26071,15783
2012,45031,14434,15457,2012,68500,1146,45872,26844
2012,45033,5427,7523,2012,31733,821,20377,14095
2012,45035,32531,23445,2012,136836,6021,88336,35903
2012,45037,6512,4967,2012,26763,1397,18904,10452
2012,45039,3999,7777,2012,23804,82,16469,9826
2012,45041,28961,28614,2012,136714,3036,89817,46015
2012,45043,16526,14163,2012,60285,1844,43048,20889
2012,45045,121685,68070,2012,452931,36453,300755,123640
2012,45047,16348,11972,2012,69531,3773,45581,23608
2012,45049,3312,5834,2012,20987,748,14064,8927
2012,45051,72127,38885,2012,270943,16365,190585,87035
2012,45053,4169,5757,2012,24792,3609,16070,10178
2012,45055,16324,11259,2012,61583,2281,41597,21157
2012,45057,19333,13419,2012,76364,3378,52607,27377
2012,45059,14746,10318,2012,66623,2707,44545,25887
2012,45061,2832,5977,2012,19160,368,12827,8702
2012,45063,76662,34148,2012,262424,14255,175665,69980
2012,45065,2467,2653,2012,10140,88,8021,4026
2012,45067,5164,9688,2012,33038,826,22100,14060
2012,45069,3676,6100,2012,28750,798,20000,13788
2012,45071,9260,6913,2012,37432,2733,25170,14113
2012,45073,21611,8550,2012,74038,3288,52280,26347
2012,45075,12022,30720,2012,92229,1729,59675,34274
2012,45077,33474,11156,2012,119167,3735,72940,35195
2012,45079,53105,103989,2012,384596,18412,239060,78108
2012,45081,5135,3328,2012,19758,2814,13407,8494
2012,45083,66969,41461,2012,284540,16640,187332,92939
2012,45085,19274,27589,2012,107279,3551,68465,33151
2012,45087,6584,5796,2012,28804,286,19946,11939
2012,45089,4824,11335,2012,34361,691,23346,14873
2012,45091,59546,39131,2012,226576,10125,148366,61494
2012,46003,804,556,2012,2726,114,1843,1032
2012,46005,4230,2881,2012,17372,1289,11896,5971
2012,46007,626,548,2012,3432,71,1800,857
2012,46009,1830,1167,2012,7041,209,5153,2628
2012,46011,6220,5827,2012,31973,639,16600,5825
2012,46013,8321,7250,2012,36562,527,24250,10285
2012,46015,1499,824,2012,5236,82,3644,1904
2012,46017,166,472,2012,1950,0,1005,632
2012,46019,3073,1002,2012,10122,310,6777,3143
2012,46021,616,153,2012,1419,0,1073,576
2012,46023,2230,1483,2012,9127,174,5750,3025
2012,46025,1067,713,2012,3653,66,2570,1289
2012,46027,2147,2955,2012,13966,286,7145,2286
2012,46029,6696,4588,2012,27284,429,17990,8134
2012,46031,515,648,2012,4046,106,2280,1169
2012,46033,3062,1335,2012,8219,187,6206,2137
2012,46035,4757,3042,2012,19513,315,12846,5135
2012,46037,1320,1497,2012,5673,57,4091,2158
2012,46039,1175,941,2012,4376,93,3070,1547
2012,46041,663,1207,2012,5358,115,2953,1602
2012,46043,1334,332,2012,2992,25,2124,1248
2012,46045,1264,622,2012,4050,37,2851,1287
2012,46047,2258,1140,2012,7028,185,5342,2278
2012,46049,765,331,2012,2374,58,1638,874
2012,46051,2034,1493,2012,7324,168,5155,3065
2012,46053,1507,599,2012,4251,40,3100,1597
2012,46055,940,138,2012,1852,14,1403,573
2012,46057,1803,921,2012,5875,144,3671,1946
2012,46059,1242,575,2012,3394,22,2511,1262
2012,46061,1627,760,2012,3366,38,2087,1072
2012,46063,638,82,2012,1367,16,899,353
2012,46065,5219,2786,2012,17064,348,11832,3820
2012,46067,2451,923,2012,7283,116,5211,2595
2012,46069,531,189,2012,1437,14,983,563
2012,46071,661,426,2012,3067,45,1813,785
2012,46073,538,452,2012,2047,79,1530,858
2012,46075,490,108,2012,1084,2,686,331
2012,46077,1451,1092,2012,5159,83,3791,1858
2012,46079,3419,2724,2012,11364,187,7488,3168
2012,46081,7025,3973,2012,24063,642,16174,6474
2012,46083,13611,7982,2012,45055,622,28719,8581
2012,46085,933,605,2012,3752,3,2324,1126
2012,46087,1655,905,2012,5592,106,3852,1723
2012,46089,921,272,2012,2485,48,1846,983
2012,46091,889,1061,2012,4631,303,3114,1533
2012,46093,7566,2928,2012,25456,820,16464,6701
2012,46095,381,375,2012,2057,36,1170,543
2012,46097,636,479,2012,2365,20,1733,862
2012,46099,40342,34674,2012,170342,7096,110787,42641
2012,46101,1535,1429,2012,6474,116,4326,1902
2012,46103,28232,15125,2012,101240,4131,66687,24795
2012,46105,1205,319,2012,2890,25,2161,1021
2012,46107,1029,339,2012,2327,0,1760,871
2012,46109,1883,2302,2012,10158,135,6502,3312
2012,46111,688,389,2012,2357,42,1642,958
2012,46113,188,2937,2012,13683,347,6456,3236
2012,46115,1670,1300,2012,6483,78,4457,2206
2012,46117,1063,435,2012,2940,41,2126,929
2012,46119,613,186,2012,1382,20,992,478
2012,46121,498,1976,2012,9711,270,4603,2124
2012,46123,1905,737,2012,5608,13,4033,1900
2012,46125,2715,1411,2012,8344,118,5842,2850
2012,46127,4698,2782,2012,14377,329,9864,3753
2012,46129,1731,671,2012,5443,13,3908,1894
2012,46135,5495,4226,2012,22434,628,15715,7059
2012,46137,314,439,2012,2796,86,1459,763
2012,47001,18968,10122,2012,75039,1749,52738,26622
2012,47003,10034,4211,2012,45060,5036,29026,18970
2012,47005,3850,2258,2012,16420,306,11990,8081
2012,47007,3022,1267,2012,12898,263,9085,6158
2012,47009,35441,12934,2012,123086,3417,85937,42336
2012,47011,27422,8037,2012,99229,4674,65970,34234
2012,47013,8604,3328,2012,40629,481,28634,20502
2012,47015,3309,1564,2012,13797,220,9616,6529
2012,47017,7225,3475,2012,28486,594,19563,12115
2012,47019,15503,4789,2012,57531,901,40545,23976
2012,47021,10268,4659,2012,39103,930,26391,14273
2012,47023,4684,1624,2012,17043,366,10752,5979
2012,47025,7617,2433,2012,32025,284,22363,15067
2012,47027,1747,1037,2012,7842,122,5549,3819
2012,47029,8459,2804,2012,35631,659,25398,17982
2012,47031,13023,5870,2012,52853,2012,35703,20518
2012,47033,3783,1669,2012,14567,1292,9845,6427
2012,47035,18653,6261,2012,56144,1349,41799,24038
2012,47037,97622,143120,2012,629113,60357,419807,162375
2012,47039,2874,1303,2012,11732,315,8345,5239
2012,47041,4143,2174,2012,18770,1235,12972,8493
2012,47043,11296,6233,2012,49704,1510,33322,19817
2012,47045,9921,3757,2012,38234,1009,25689,14914
2012,47047,12689,6688,2012,38370,885,26886,13874
2012,47049,5243,1561,2012,17945,120,12500,9092
2012,47051,10262,5603,2012,40972,1031,27824,15748
2012,47053,12883,6564,2012,49594,1039,33596,18955
2012,47055,6915,3760,2012,29439,473,20365,12762
2012,47057,5470,1668,2012,22613,524,15925,11267
2012,47059,17245,6225,2012,68755,1720,48593,29532
2012,47061,2516,1643,2012,13751,122,9558,6974
2012,47063,14522,5234,2012,62528,6597,42825,24879
2012,47065,79933,58836,2012,337023,14854,230301,94649
2012,47067,1527,475,2012,6759,14,4816,3518
2012,47069,4865,5482,2012,27193,376,18916,12380
2012,47071,7886,2467,2012,25987,491,18336,12458
2012,47073,14382,5088,2012,56725,685,40116,24997
2012,47075,2960,4569,2012,18673,720,12421,8022
2012,47077,7421,2517,2012,27835,541,19032,11625
2012,47079,8193,4339,2012,32271,576,22905,14169
2012,47081,4758,2698,2012,24481,340,16982,11213
2012,47083,1579,1400,2012,8375,141,5759,3815
2012,47085,3833,2905,2012,18428,303,12768,7606
2012,47087,2383,1739,2012,11526,173,8351,6185
2012,47089,13038,4232,2012,51541,1625,35094,20590
2012,47091,4611,1483,2012,18199,271,13482,9296
2012,47093,109707,59399,2012,433207,14991,287538,104733
2012,47095,1163,884,2012,7780,245,5737,4264
2012,47097,4616,4011,2012,27772,576,18407,12745
2012,47099,10770,4237,2012,41779,702,27921,17965
2012,47101,3117,1447,2012,12050,273,8261,5217
2012,47103,9803,3290,2012,33295,878,22935,14006
2012,47105,16707,5058,2012,48586,3344,35441,16971
2012,47107,12967,4609,2012,52325,1479,36077,21994
2012,47109,7015,2645,2012,26001,405,18054,12070
2012,47111,5260,1552,2012,22265,940,14787,10447
2012,47113,21993,18367,2012,97976,3290,63381,30551
2012,47115,6272,3953,2012,28184,361,19790,11870
2012,47117,6832,3725,2012,30585,1397,20678,12740
2012,47119,20708,11825,2012,80965,3935,54760,28887
2012,47121,2734,1163,2012,11696,37,8421,5600
2012,47123,11731,4372,2012,44680,1484,30928,20355
2012,47125,30245,24499,2012,173138,14019,103675,42556
2012,47127,2053,705,2012,6349,25,4410,2702
2012,47129,4669,1725,2012,21882,197,15489,11184
2012,47131,8814,3321,2012,31721,1015,22061,13632
2012,47133,4775,2805,2012,22040,217,15220,10296
2012,47135,1578,992,2012,7856,65,5514,3701
2012,47137,1712,712,2012,5108,0,3778,2585
2012,47139,4108,1856,2012,16756,240,11859,7722
2012,47141,17254,7802,2012,72172,3841,45603,25163
2012,47143,7802,2628,2012,31817,1177,21252,13022
2012,47145,14724,6018,2012,54027,737,39009,20466
2012,47147,17643,8290,2012,66143,3866,43882,24555
2012,47149,60846,36414,2012,263815,17587,162928,65932
2012,47151,5117,1452,2012,22196,194,14781,10175
2012,47153,3541,1489,2012,14173,455,9734,6130
2012,47155,25984,7418,2012,90218,4639,62655,35422
2012,47157,135649,232443,2012,929437,51719,589395,243108
2012,47159,4495,2470,2012,19157,170,13052,8513
2012,47161,2963,2069,2012,13262,264,9175,5161
2012,47163,43562,15321,2012,156675,2329,112729,57334
2012,47165,46003,18579,2012,161206,6227,108095,48165
2012,47167,16672,7133,2012,61038,1296,39232,20838
2012,47169,1612,1240,2012,7827,34,5242,3485
2012,47171,5032,1913,2012,18287,699,13308,8529
2012,47173,4282,1478,2012,19179,245,12989,9610
2012,47175,1386,875,2012,5552,20,3980,3111
2012,47177,8010,4752,2012,39767,3245,26988,17912
2012,47179,32808,14325,2012,122840,3575,84102,36454
2012,47181,4253,1163,2012,17015,402,12299,8636
2012,47183,8605,3548,2012,34802,695,21887,12015
2012,47185,6197,2795,2012,25863,440,17953,12532
2012,47187,69850,25142,2012,184225,8203,119541,27908
2012,47189,36109,14695,2012,114618,3706,77567,35582
2012,48001,12262,3813,2012,58269,9277,41788,25557
2012,48003,3639,795,2012,15006,7432,9130,5091
2012,48005,20303,7834,2012,86550,17128,55380,28530
2012,48007,6830,2704,2012,23391,5850,17061,8204
2012,48009,3600,525,2012,8944,692,6127,3133
2012,48011,828,98,2012,1820,185,1279,474
2012,48013,7461,5133,2012,45091,27942,28243,17490
2012,48015,9265,2252,2012,28372,6680,18906,9580
2012,48017,1339,466,2012,7096,3971,4016,2515
2012,48019,7426,1864,2012,20477,3433,15364,6303
2012,48021,14033,9864,2012,74023,24082,49175,25346
2012,48023,1297,267,2012,3706,370,2812,1435
2012,48025,4356,3452,2012,32083,18090,21751,13236
2012,48027,49574,35512,2012,310155,67384,183099,72880
2012,48029,241617,264856,2012,1719902,1010015,1065530,454163
2012,48031,3638,1220,2012,10425,1950,7585,3099
2012,48033,324,32,2012,642,86,425,203
2012,48035,5885,1367,2012,18114,2918,12838,6814
2012,48037,24869,10196,2012,92460,6103,61822,29780
2012,48039,70862,34421,2012,313813,87042,201158,81038
2012,48041,37209,17477,2012,194087,45163,94476,34512
2012,48043,1976,1765,2012,9175,3943,6210,2272
2012,48045,578,117,2012,1674,444,1138,584
2012,48047,507,1886,2012,7236,6636,4565,3303
2012,48049,11895,1904,2012,38018,7505,25369,13941
2012,48051,4671,1705,2012,17160,3176,11839,7205
2012,48053,12843,3674,2012,42946,8648,30027,14250
2012,48055,6021,4791,2012,38152,18041,23776,14348
2012,48057,4144,2410,2012,21366,9959,13988,7749
2012,48059,4378,751,2012,13521,1089,9386,4552
2012,48061,26099,49975,2012,405819,357174,231645,141450
2012,48063,2881,1428,2012,12389,2619,8179,4477
2012,48065,2451,292,2012,6215,551,4255,1810
2012,48067,8763,2924,2012,30324,1085,21207,11752
2012,48069,1470,630,2012,7984,4755,4829,3115
2012,48071,11787,2790,2012,34562,6678,22081,9816
2012,48073,12094,3875,2012,50690,10445,32750,19629
2012,48075,1665,320,2012,7047,1606,4921,2722
2012,48077,4266,740,2012,10718,503,7568,3676
2012,48079,649,256,2012,3087,1661,1901,1184
2012,48081,1218,179,2012,3298,632,2417,1140
2012,48083,3012,442,2012,8817,1449,6075,3586
2012,48085,196888,101415,2012,788580,116000,506312,113249
2012,48087,962,177,2012,3050,960,2030,1031
2012,48089,6026,2029,2012,20784,5430,14266,8443
2012,48091,39318,11450,2012,108985,27415,75501,27121
2012,48093,3944,890,2012,13875,3580,9488,5383
2012,48095,793,194,2012,4073,2167,3327,2189
2012,48097,11951,2246,2012,38427,5996,25076,12386
2012,48099,11220,5158,2012,75728,12203,45214,20172
2012,48101,555,180,2012,1600,195,1180,591
2012,48103,985,275,2012,4359,2412,2799,1657
2012,48105,957,480,2012,3669,2097,2520,1626
2012,48107,1132,639,2012,6100,3205,3895,2450
2012,48109,295,568,2012,2386,1854,1485,1043
2012,48111,1248,253,2012,6734,2726,3894,2320
2012,48113,295813,405571,2012,2379214,908199,1486474,683725
2012,48115,2591,1019,2012,13761,7354,8945,5770
2012,48117,3042,1239,2012,19275,13007,11202,7034
2012,48119,1524,454,2012,5240,302,3589,1920
2012,48121,157579,80978,2012,667934,121560,415720,113133
2012,48123,5122,1467,2012,20156,6513,14273,8658
2012,48125,793,216,2012,2399,659,1777,1063
2012,48127,762,2141,2012,10054,8624,6057,4364
2012,48129,1287,226,2012,3652,317,2392,1114
2012,48131,980,3331,2012,11821,10411,7590,5133
2012,48133,5444,970,2012,18519,2712,12426,6842
2012,48135,24010,8118,2012,138193,73284,82426,45657
2012,48137,642,232,2012,2023,1126,1406,786
2012,48139,39574,13881,2012,149712,35244,93135,42756
2012,48141,57150,112952,2012,801115,655623,470833,239210
2012,48143,10329,1965,2012,38192,7300,22065,10092
2012,48145,3356,2033,2012,17756,3698,12070,7440
2012,48147,8161,2486,2012,33867,3270,23448,13266
2012,48149,8106,2315,2012,24557,4573,17638,9693
2012,48151,1094,512,2012,3963,1100,2675,1540
2012,48153,1523,551,2012,6439,3442,4080,2322
2012,48155,348,140,2012,1273,234,932,483
2012,48157,116126,101144,2012,587666,139823,367823,111693
2012,48159,3446,751,2012,10593,1348,7191,3384
2012,48161,5646,1850,2012,19631,2705,13748,7721
2012,48163,1559,2376,2012,17265,13418,10787,7559
2012,48165,3484,535,2012,17572,6528,9785,6631
2012,48167,69059,39511,2012,292874,65767,193159,75484
2012,48169,1263,279,2012,6295,3502,4806,3087
2012,48171,10306,2055,2012,24777,4983,18388,7921
2012,48173,526,44,2012,1255,350,794,388
2012,48175,2294,1127,2012,7223,2515,5272,2632
2012,48177,4216,1777,2012,19773,9352,12723,7924
2012,48179,6443,886,2012,22731,5424,15341,8169
2012,48181,30936,10670,2012,120641,13564,80420,37243
2012,48183,28742,12398,2012,121451,19839,77658,35752
2012,48185,6141,2339,2012,26564,5680,18424,11008
2012,48187,33117,15744,2012,131945,47280,84474,35580
2012,48189,6490,2243,2012,36153,20262,21676,13221
2012,48191,832,265,2012,3337,1097,2247,1327
2012,48193,2918,591,2012,8448,891,6059,3249
2012,48195,1788,159,2012,5556,2408,3370,1888
2012,48197,1176,302,2012,4124,831,2906,1628
2012,48199,17746,3359,2012,54497,2459,35931,19287
2012,48201,586073,587044,2012,4101752,1671262,2542494,1146777
2012,48203,17512,8456,2012,65958,7253,42644,21032
2012,48205,1708,184,2012,6015,1402,4479,2458
2012,48207,1424,553,2012,5891,1424,4128,2335
2012,48209,31661,25537,2012,158464,56102,91228,29817
2012,48211,1298,192,2012,3863,1171,2482,1300
2012,48213,21231,6106,2012,78558,8554,54357,29536
2012,48215,39865,97969,2012,774820,702135,423503,266201
2012,48217,9132,2752,2012,35079,6454,23611,12140
2012,48219,5546,1486,2012,22988,10116,13907,6941
2012,48221,18409,3843,2012,51161,5299,36741,15571
2012,48223,9836,2777,2012,35088,5314,23363,13087
2012,48225,5880,2265,2012,23512,2365,16830,9984
2012,48227,6453,2110,2012,34927,13386,23632,12855
2012,48229,471,379,2012,3407,2700,2146,1532
2012,48231,21011,6671,2012,85955,11800,55946,29458
2012,48233,6804,1045,2012,21992,4420,14495,7247
2012,48235,668,112,2012,1596,460,1103,692
2012,48237,2580,303,2012,9027,1303,6173,3512
2012,48239,3906,1070,2012,14075,4113,9329,5100
2012,48241,9957,3423,2012,35703,2035,24194,13944
2012,48243,719,440,2012,2319,1033,1717,779
2012,48245,43242,44668,2012,251627,42769,164614,82170
2012,48247,356,1301,2012,5257,4909,3107,2262
2012,48249,4598,6492,2012,41014,32365,25306,15588
2012,48251,37661,10496,2012,151174,27366,97099,49348
2012,48253,4262,1226,2012,20137,5056,14556,9517
2012,48255,2825,1325,2012,14936,7466,10401,6761
2012,48257,24846,9472,2012,103385,17768,65488,32036
2012,48259,14508,3043,2012,33745,6962,23276,6723
2012,48261,84,82,2012,451,337,323,198
2012,48263,335,66,2012,829,65,589,272
2012,48265,17274,4338,2012,49469,11922,35458,14597
2012,48267,1667,217,2012,4577,1199,3457,1862
2012,48269,139,5,2012,227,20,196,92
2012,48271,880,522,2012,3574,2057,2533,1394
2012,48273,4058,4754,2012,31925,22377,18026,8715
2012,48275,1160,332,2012,3713,1117,2604,1609
2012,48277,12826,4181,2012,49740,3212,33070,16868
2012,48279,3058,998,2012,13996,7281,8674,5142
2012,48281,5621,1479,2012,19837,3478,13318,5837
2012,48283,669,965,2012,6850,5743,4271,3143
2012,48285,6796,1428,2012,19269,3124,13605,8252
2012,48287,4507,1632,2012,16591,3690,10918,6118
2012,48289,5814,1062,2012,16827,2242,11935,6497
2012,48291,17323,5202,2012,75662,13650,49137,30504
2012,48293,5288,2208,2012,23350,4448,15923,9055
2012,48295,1044,119,2012,3324,946,2111,1090
2012,48297,3154,919,2012,11526,4137,8297,4819
2012,48299,7610,1822,2012,19115,1573,14985,6209
2012,48301,54,9,2012,85,32,82,66
2012,48303,63469,26271,2012,278339,89120,163296,68157
2012,48305,1439,506,2012,5886,2735,3827,2236
2012,48307,2419,537,2012,8281,2502,5643,3090
2012,48309,47903,25694,2012,234626,55370,141235,65176
2012,48311,431,67,2012,696,291,528,299
2012,48313,3028,967,2012,13590,2721,8777,5238
2012,48315,2733,1495,2012,10544,338,7947,4572
2012,48317,1368,248,2012,4804,2155,2949,1879
2012,48319,1565,380,2012,3978,848,2902,1371
2012,48321,8040,3980,2012,36653,14055,23395,13402
2012,48323,2171,8303,2012,54107,51692,30316,20079
2012,48325,11079,4784,2012,46009,22941,29990,14284
2012,48327,665,171,2012,2232,667,1533,793
2012,48329,35689,8286,2012,138472,52702,86389,36994
2012,48331,5481,2636,2012,24691,5807,16455,9884
2012,48333,1882,279,2012,4880,830,3391,1845
2012,48335,1756,538,2012,9367,3471,6444,3590
2012,48337,6549,1116,2012,19737,1928,13644,6985
2012,48339,137969,32920,2012,458339,94933,295062,113777
2012,48341,3968,964,2012,21765,11470,12593,7703
2012,48343,3232,1858,2012,12914,1015,8914,4802
2012,48345,538,55,2012,1153,138,772,390
2012,48347,13925,6465,2012,64647,11293,36361,17195
2012,48349,10847,4350,2012,47739,11309,30481,16615
2012,48351,4112,1677,2012,14372,424,9815,6438
2012,48353,3282,1216,2012,15104,5116,9760,5518
2012,48355,48966,45772,2012,340568,206798,217032,102472
2012,48357,2719,253,2012,10314,5032,6222,3954
2012,48359,790,71,2012,2048,216,1323,590
2012,48361,23366,6800,2012,82306,4866,54523,30194
2012,48363,7393,1811,2012,28010,5012,18728,10659
2012,48365,7950,2211,2012,23814,1950,15953,9094
2012,48367,39243,7853,2012,116820,12451,77200,30966
2012,48369,2011,529,2012,10172,6069,6084,3751
2012,48371,2512,1591,2012,15510,10427,10309,7006
2012,48373,14071,4859,2012,45618,5958,32316,18754
2012,48375,18918,7126,2012,121099,42878,75406,38679
2012,48377,504,1282,2012,7678,6365,5000,3178
2012,48379,3279,761,2012,10976,872,7828,4539
2012,48381,41447,7574,2012,121090,20070,77392,24907
2012,48383,676,158,2012,3384,2188,2089,1530
2012,48385,1236,277,2012,3326,675,2500,1236
2012,48387,3549,1482,2012,12795,848,9187,5659
2012,48389,1188,1655,2012,13606,10088,9134,6269
2012,48391,1663,998,2012,7352,3494,4951,2728
2012,48393,468,33,2012,992,31,669,206
2012,48395,4419,2798,2012,16596,3029,10978,6548
2012,48397,27113,8120,2012,78749,12582,50331,15899
2012,48399,3104,519,2012,10473,3402,7131,4222
2012,48401,13924,4451,2012,53211,7620,36039,19730
2012,48403,3727,807,2012,10642,335,7791,4552
2012,48405,2469,1193,2012,8898,319,6160,4057
2012,48407,7107,2410,2012,26482,2849,18009,11042
2012,48409,12005,7856,2012,65352,35419,41116,21276
2012,48411,1905,323,2012,6037,1702,4141,2259
2012,48413,787,221,2012,3327,1560,2068,1158
2012,48415,4124,838,2012,16855,6156,11058,5803
2012,48417,1218,131,2012,3346,334,2273,1057
2012,48419,6879,2322,2012,25602,4155,16278,9963
2012,48421,908,121,2012,3040,1237,1803,962
2012,48423,57331,21456,2012,209691,36002,133303,54873
2012,48425,2871,613,2012,8444,1600,5694,2391
2012,48427,1547,10260,2012,60882,59862,33547,25421
2012,48429,2892,475,2012,9561,2002,6441,3419
2012,48431,459,31,2012,1223,386,827,438
2012,48433,507,160,2012,1447,169,1074,507
2012,48435,1110,369,2012,4123,2527,2546,1430
2012,48437,1655,579,2012,7816,3154,5004,2986
2012,48439,348920,253071,2012,1814667,484241,1135356,451905
2012,48441,32904,9750,2012,131425,29150,80720,34623
2012,48443,358,184,2012,1001,616,801,500
2012,48445,2602,1059,2012,12561,6227,8061,4990
2012,48447,700,109,2012,1626,102,1196,635
2012,48449,6084,2648,2012,32045,12652,18937,10522
2012,48451,26878,9294,2012,110434,39629,69299,33716
2012,48453,140152,232788,2012,1034842,345955,661131,198470
2012,48455,4537,1614,2012,14466,1156,10090,6701
2012,48457,5910,1668,2012,21638,1481,15387,9147
2012,48459,12015,2971,2012,39386,2600,26485,13426
2012,48461,953,333,2012,3300,1527,2129,1237
2012,48463,4529,3825,2012,26434,18351,16217,8656
2012,48465,5635,6285,2012,48578,38989,29004,17665
2012,48467,15794,3084,2012,52507,4877,36011,20621
2012,48469,19692,8802,2012,87188,38323,56137,27780
2012,48471,12140,6252,2012,67447,11351,43303,22272
2012,48473,9244,6514,2012,42894,12402,24843,14468
2012,48475,2366,841,2012,10705,5156,6755,4233
2012,48477,10857,3381,2012,33628,4586,22474,11297
2012,48479,11078,37597,2012,250320,239295,134890,76846
2012,48481,9750,4235,2012,41153,15443,26483,15708
2012,48483,1878,232,2012,5414,1339,3713,1925
2012,48485,29812,10525,2012,131019,21835,82540,39912
2012,48487,2956,971,2012,13451,3514,8463,4654
2012,48489,1416,3600,2012,21983,19179,13444,9602
2012,48491,97006,61875,2012,426296,98808,272350,78347
2012,48493,12218,4821,2012,42999,16558,28480,14330
2012,48495,1311,398,2012,7137,3854,4361,2689
2012,48497,17207,3221,2012,59351,10079,38885,20899
2012,48499,14351,3056,2012,41927,3537,30295,16078
2012,48501,1698,409,2012,7918,4668,4787,2949
2012,48503,6225,992,2012,18368,2989,12642,6998
2012,48505,997,2527,2012,14014,13052,7695,5591
2012,48507,574,3042,2012,11753,10967,6733,4314
2012,49001,2174,346,2012,6527,688,3822,1741
2012,49003,17101,1984,2012,49660,4146,28720,12012
2012,49005,35039,6244,2012,112095,11151,56998,16711
2012,49007,5090,2275,2012,21153,2624,13288,5594
2012,49009,406,94,2012,897,57,666,355
2012,49011,96861,21889,2012,306664,25821,172905,46116
2012,49013,5698,581,2012,18537,1138,10594,5252
2012,49015,3777,569,2012,10902,651,6602,2952
2012,49017,1832,308,2012,5107,237,3460,1367
2012,49019,1996,1727,2012,9183,859,6240,2314
2012,49021,14200,2148,2012,45984,3549,24136,8450
2012,49023,3448,451,2012,10233,394,5662,2656
2012,49025,2522,744,2012,7093,264,5011,1537
2012,49027,4478,431,2012,12436,1592,7487,3215
2012,49029,4114,403,2012,9485,231,5402,1782
2012,49031,697,74,2012,1699,131,1124,603
2012,49033,915,83,2012,2264,51,1377,614
2012,49035,223811,146147,2012,1032226,176023,623940,216207
2012,49037,3074,2139,2012,14707,721,8198,4278
2012,49039,8406,980,2012,27645,2574,15076,6091
2012,49041,7207,738,2012,20759,943,12524,5505
2012,49043,8884,8072,2012,36598,4162,23981,5985
2012,49045,14268,4524,2012,58158,6712,32596,13324
2012,49047,10421,997,2012,32809,2334,18855,9516
2012,49049,156950,17281,2012,516571,55498,251855,60431
2012,49051,7220,2191,2012,23661,3057,13816,4253
2012,49053,44698,8337,2012,139484,13528,84113,29541
2012,49055,1089,215,2012,2756,114,1792,586
2012,49057,54224,19841,2012,230940,38643,137903,55612
2012,50001,5203,12257,2012,36814,674,24691,10427
2012,50003,5687,11514,2012,36990,554,26155,10502
2012,50005,5088,8192,2012,31170,344,21505,9865
2012,50007,21571,53626,2012,156696,2945,101207,28784
2012,50009,1164,1539,2012,6316,63,4686,2831
2012,50011,7405,12057,2012,47853,582,32617,16495
2012,50013,1471,2531,2012,7032,90,5162,2118
2012,50015,3342,8371,2012,24471,320,16742,6713
2012,50017,4588,9076,2012,28980,306,20553,9220
2012,50019,4306,7117,2012,27198,308,19355,10667
2012,50021,10835,17088,2012,61599,706,43536,20251
2012,50023,8093,20351,2012,59462,1009,41716,14874
2012,50025,5347,16026,2012,44310,828,31910,13152
2012,50027,8598,19494,2012,56607,723,41746,16583
2012,51001,8213,7655,2012,33454,2902,23878,14255
2012,51003,23297,29757,2012,99484,5343,65425,17770
2012,51005,3595,3403,2012,16297,165,11807,6362
2012,51007,4331,2490,2012,12674,84,8900,5251
2012,51009,8876,5900,2012,32301,636,22357,12352
2012,51011,5340,2453,2012,14952,20,10524,5904
2012,51013,34474,81269,2012,209077,31505,156384,25462
2012,51015,23624,9451,2012,73662,1576,52661,30727
2012,51017,1274,894,2012,4713,143,3460,2057
2012,51019,26679,10209,2012,68750,1125,49030,22726
2012,51021,2144,735,2012,6827,20,5117,2993
2012,51023,12479,5452,2012,33074,386,23601,10615
2012,51025,2968,4994,2012,17372,306,12182,7543
2012,51027,6436,3094,2012,24071,90,17810,11824
2012,51029,3569,3750,2012,17071,189,12552,8518
2012,51031,17695,7595,2012,54797,936,37553,19600
2012,51033,6151,7276,2012,28510,992,19394,10645
2012,51035,8736,3685,2012,29989,791,21937,13121
2012,51036,1396,2772,2012,7226,99,5409,3444
2012,51037,3311,2503,2012,12546,247,8691,5148
2012,51041,90934,77694,2012,316895,22613,207467,71190
2012,51043,4296,3239,2012,14143,493,10090,3935
2012,51045,1757,830,2012,5186,0,3716,1996
2012,51047,11580,8285,2012,46894,4121,31288,15615
2012,51049,2538,2422,2012,9951,121,6661,4129
2012,51051,4274,2473,2012,15877,74,11413,7458
2012,51053,6875,6550,2012,27926,690,19008,11494
2012,51057,2602,3016,2012,11130,350,7604,4460
2012,51059,206773,315273,2012,1083770,167774,737351,160205
2012,51061,21034,13965,2012,65495,4237,44318,16351
2012,51063,4673,2732,2012,15268,410,10955,6021
2012,51065,6678,5893,2012,25749,763,18370,7853
2012,51067,16718,9090,2012,56012,1424,39953,21083
2012,51069,22858,12690,2012,78397,5257,52897,23991
2012,51071,4660,2730,2012,17149,206,12184,6909
2012,51073,12137,6764,2012,36821,954,25863,11542
2012,51075,8448,4676,2012,21496,447,15999,6300
2012,51077,4801,2068,2012,15535,425,11594,7398
2012,51079,5569,3290,2012,18453,785,12517,6371
2012,51081,1766,3135,2012,12127,176,8960,6363
2012,51083,8694,7766,2012,36140,597,25602,14963
2012,51085,39940,18294,2012,99964,2172,66998,24430
2012,51087,70449,89594,2012,307576,14907,208225,68731
2012,51089,13984,10317,2012,53971,2594,38900,23179
2012,51091,924,459,2012,2317,5,1927,1063
2012,51093,11802,8761,2012,35240,683,24805,10743
2012,51095,22843,17879,2012,66939,3078,47981,13629
2012,51097,1865,1745,2012,6968,197,5051,3081
2012,51099,6604,4477,2012,23739,863,15323,6057
2012,51101,5466,3344,2012,15861,321,10752,5589
2012,51103,3753,3149,2012,11371,111,8964,4031
2012,51105,6847,2583,2012,25528,410,18420,10769
2012,51107,75292,82479,2012,314980,38826,200381,41101
2012,51109,9215,6953,2012,33083,752,23515,13384
2012,51111,2969,2684,2012,12838,478,9244,6112
2012,51113,3869,2639,2012,13270,81,9411,5146
2012,51115,3488,1807,2012,8965,119,6774,3112
2012,51117,7973,6921,2012,32548,804,23821,13977
2012,51119,3619,2370,2012,10855,173,8425,3568
2012,51121,20006,19903,2012,94179,2527,49648,17111
2012,51125,3947,4171,2012,15000,160,11089,5987
2012,51127,7246,3555,2012,18460,208,13166,5920
2012,51131,2676,3741,2012,12408,873,9087,5312
2012,51133,4310,3191,2012,12389,92,9625,4503
2012,51135,3409,3344,2012,15875,621,11056,7144
2012,51137,9244,6870,2012,33625,1176,23730,11699
2012,51139,6344,3724,2012,24038,397,17065,11571
2012,51141,5622,2417,2012,18513,450,13702,8175
2012,51143,19263,10858,2012,63318,1355,45431,25821
2012,51145,11200,4088,2012,28003,496,20055,9176
2012,51147,3952,5132,2012,23017,516,13069,7637
2012,51149,8879,6991,2012,36013,2189,24403,12366
2012,51153,74458,103331,2012,404011,82387,252907,82517
2012,51155,8920,5292,2012,34869,455,25630,13337
2012,51157,2311,1980,2012,7440,224,5541,2483
2012,51159,2160,1574,2012,9234,508,7041,4546
2012,51161,31624,18711,2012,92432,2015,65643,23607
2012,51163,5898,4088,2012,22357,301,16283,8702
2012,51165,24186,10065,2012,76353,4085,51607,29016
2012,51167,8180,3718,2012,28773,119,20818,13087
2012,51169,7439,2395,2012,23061,238,16914,10911
2012,51171,12538,6469,2012,42076,2560,29748,16791
2012,51173,8379,4171,2012,32103,516,22932,13885
2012,51175,4733,4437,2012,18576,207,13256,7803
2012,51177,31844,25165,2012,122854,9399,78618,33002
2012,51179,32480,27182,2012,129446,12060,79969,26895
2012,51181,1671,2576,2012,6988,88,4891,2699
2012,51183,2021,3358,2012,12095,266,8856,6439
2012,51185,13843,3661,2012,44846,310,32378,18386
2012,51187,9869,6452,2012,37567,1322,25441,13588
2012,51191,18141,7076,2012,54691,712,39609,19598
2012,51193,3731,4295,2012,17468,1006,12616,7704
2012,51195,11076,3760,2012,41361,477,28592,17401
2012,51197,8324,3783,2012,29203,279,20865,11122
2012,51199,20204,13183,2012,65503,3023,42963,11306
2012,51510,20249,52199,2012,140337,22438,106444,22314
2012,51515,1527,1225,2012,6103,106,4386,2120
2012,51520,4780,2492,2012,17747,147,12488,6402
2012,51530,1564,919,2012,6679,65,4305,2728
2012,51540,4844,16510,2012,43223,2134,24772,8507
2012,51550,53900,55052,2012,223233,9754,145213,53037
2012,51570,5941,2544,2012,17426,703,11924,6084
2012,51580,975,1319,2012,5903,110,4063,2306
2012,51590,7763,12218,2012,43185,1235,29644,15400
2012,51595,886,1793,2012,5825,197,3941,2491
2012,51600,4775,6651,2012,22712,3536,15909,3359
2012,51610,2147,5015,2012,12300,1095,8342,1194
2012,51620,1496,2833,2012,8531,57,5655,2778
2012,51630,4060,7131,2012,24932,2607,14399,5891
2012,51640,1332,900,2012,6942,976,5234,2893
2012,51650,18640,46966,2012,137471,6317,88747,34435
2012,51660,6565,8654,2012,49043,7816,21495,9509
2012,51670,3739,5179,2012,22501,1415,14734,9282
2012,51678,1146,1486,2012,6990,386,2625,930
2012,51680,19806,15948,2012,75657,2275,43581,18214
2012,51683,6463,8478,2012,37943,11898,23306,10418
2012,51685,1699,2879,2012,14409,4819,8868,4360
2012,51690,2312,3855,2012,13854,550,9899,4924
2012,51700,27230,51100,2012,180831,13440,112562,44490
2012,51710,23147,62687,2012,243056,16202,144060,60567
2012,51720,895,566,2012,3971,55,2614,1108
2012,51730,1527,14283,2012,32226,1192,21695,13612
2012,51735,5312,1679,2012,12110,221,8382,2779
2012,51740,12858,32501,2012,95786,2940,62604,29522
2012,51750,2520,2732,2012,16511,388,6753,2457
2012,51760,20050,75921,2012,205348,12539,131135,55730
2012,51770,14991,24134,2012,96742,5153,67192,32001
2012,51775,7299,4760,2012,24792,615,16451,6784
2012,51790,5272,5728,2012,23906,532,16865,7699
2012,51800,17820,24267,2012,84216,2466,55370,23651
2012,51810,99291,94299,2012,439528,29365,286993,86796
2012,51820,4790,3840,2012,21030,1345,14377,7890
2012,51830,2682,4903,2012,14207,933,6721,1791
2012,51840,4946,5094,2012,26330,3984,17180,8057
2012,53001,3171,1540,2012,18575,10992,10285,6089
2012,53003,5654,4003,2012,21658,665,15245,7017
2012,53005,49461,28145,2012,175424,32471,112007,39509
2012,53007,18402,13112,2012,72431,18658,48316,21879
2012,53009,18437,18580,2012,71411,3659,53372,19152
2012,53011,92951,93382,2012,426984,32401,278845,96694
2012,53013,1568,645,2012,4001,247,3001,1204
2012,53015,20746,22726,2012,102138,7902,69279,30082
2012,53017,9425,5166,2012,38369,10869,24745,11742
2012,53019,1995,1294,2012,7584,260,5314,2596
2012,53021,13748,8398,2012,78680,40090,43772,24352
2012,53023,913,336,2012,2246,55,1755,591
2012,53025,17852,8950,2012,88885,33901,52895,27786
2012,53027,11914,15960,2012,72272,6255,50537,23342
2012,53029,19605,21478,2012,78707,4444,55571,16561
2012,53031,6405,12739,2012,29802,876,23841,6961
2012,53033,275700,668004,2012,1940777,171701,1348754,337859
2012,53035,52846,67277,2012,251400,15837,169334,51328
2012,53037,9782,7949,2012,40954,3164,24164,9213
2012,53039,5316,4598,2012,20421,2198,14649,6714
2012,53041,20452,12664,2012,75399,6540,51688,23929
2012,53043,4063,1673,2012,10536,248,7536,3051
2012,53045,12761,14764,2012,60545,4800,43682,18562
2012,53047,9221,7108,2012,40959,7204,28335,14016
2012,53049,4499,5711,2012,20945,1700,15836,7321
2012,53051,3952,2508,2012,12976,399,9471,4138
2012,53053,148467,186430,2012,798528,73070,519965,201371
2012,53055,3111,7125,2012,15740,853,12577,2917
2012,53057,25071,28688,2012,117087,19542,79685,29381
2012,53059,2687,2628,2012,11053,579,7826,3204
2012,53061,133016,188516,2012,714443,63586,477890,160842
2012,53063,115285,102295,2012,470375,21372,308165,100153
2012,53065,13691,7762,2012,43498,1207,30450,12466
2012,53067,49287,74037,2012,252410,17982,171394,51893
2012,53069,1119,1094,2012,4003,154,3014,1242
2012,53071,14648,9768,2012,58643,11599,37825,13121
2012,53073,42703,57089,2012,201404,15845,130117,41257
2012,53075,8507,8037,2012,44997,2121,21579,5023
2012,53077,42239,33217,2012,242454,108920,144753,80364
2012,54001,3824,1768,2012,16472,100,11290,7903
2012,54003,22156,14275,2012,104410,3940,70130,36754
2012,54005,5467,2790,2012,24617,88,17216,12048
2012,54007,2725,1998,2012,14531,91,10394,7388
2012,54009,5060,4005,2012,24021,153,17217,9548
2012,54011,17985,13568,2012,96240,1074,65218,30670
2012,54013,1319,818,2012,7613,1,5478,4129
2012,54015,1971,931,2012,9432,15,6518,4777
2012,54017,2130,575,2012,8147,142,5737,3887
2012,54019,8350,5419,2012,46000,409,32889,21485
2012,54021,1595,840,2012,8623,373,6175,3646
2012,54023,3783,718,2012,11929,84,8557,6218
2012,54025,7930,4710,2012,35572,431,25770,15597
2012,54027,5523,2299,2012,23791,247,16832,12819
2012,54029,7226,4627,2012,30594,316,22532,12552
2012,54031,3536,1482,2012,13912,470,9429,6486
2012,54033,15876,9732,2012,68959,879,48780,26610
2012,54035,7408,3854,2012,29206,190,20290,11394
2012,54037,11258,10398,2012,53545,2509,35617,16265
2012,54039,41364,32480,2012,192572,1945,137855,69752
2012,54041,4375,1736,2012,16389,40,11827,7710
2012,54043,4383,2227,2012,21714,15,15197,10932
2012,54045,8222,3469,2012,36508,273,26314,17585
2012,54047,3959,2109,2012,21966,21,15864,12492
2012,54049,12054,8959,2012,56460,549,39094,21394
2012,54051,8135,4484,2012,32993,269,23734,13849
2012,54053,5741,3778,2012,27242,123,19474,12292
2012,54055,15450,5432,2012,62251,493,43885,26067
2012,54057,7833,2885,2012,28049,200,19489,11911
2012,54059,6191,2428,2012,26660,67,18722,12837
2012,54061,16831,13826,2012,96417,1739,55433,23286
2012,54063,3616,1455,2012,13528,88,9775,6474
2012,54065,4513,2363,2012,17507,187,12784,8434
2012,54067,5898,2664,2012,26201,50,18678,12394
2012,54069,10768,6786,2012,44307,382,30769,13875
2012,54071,2095,1074,2012,7666,43,5686,3738
2012,54073,1825,955,2012,7630,25,5481,3160
2012,54075,2182,1303,2012,8750,22,6613,4061
2012,54077,7889,2931,2012,33471,423,24405,15944
2012,54079,16032,7256,2012,55660,493,38851,18336
2012,54081,20614,7739,2012,78852,1023,55881,33496
2012,54083,6160,3342,2012,29361,202,21096,13527
2012,54085,2921,768,2012,10391,60,7484,4558
2012,54087,2982,1939,2012,14884,111,10654,7963
2012,54089,2981,1621,2012,13813,113,10465,6598
2012,54091,3840,1941,2012,16889,97,12164,7457
2012,54093,2176,880,2012,7109,28,5220,3305
2012,54095,2314,890,2012,9188,52,6637,4408
2012,54097,5939,2158,2012,24210,210,16438,10863
2012,54099,8688,4931,2012,42273,224,29657,18397
2012,54101,1710,947,2012,9158,67,6603,4959
2012,54103,3473,2217,2012,16526,69,11868,7585
2012,54105,1427,676,2012,5769,0,4088,2638
2012,54107,22183,11230,2012,86835,739,61224,29077
2012,54109,5769,1583,2012,23668,72,16796,11930
2012,55001,4644,5542,2012,20898,783,16273,9276
2012,55003,2820,5399,2012,16113,303,10829,4736
2012,55005,11443,10890,2012,45882,896,32308,17030
2012,55007,3603,6033,2012,15078,167,11447,4522
2012,55009,64836,62526,2012,248526,17930,162235,69575
2012,55011,3364,3570,2012,13544,241,9601,5199
2012,55013,4550,3986,2012,15528,205,11688,5907
2012,55015,14539,11489,2012,48960,1703,32580,14506
2012,55017,15322,15237,2012,62362,782,43067,21052
2012,55019,7412,6172,2012,34610,1263,21909,13596
2012,55021,13026,17175,2012,56596,1443,39519,17755
2012,55023,3067,4629,2012,16677,157,11852,6531
2012,55025,83644,216071,2012,490379,28848,319289,82728
2012,55027,25211,18762,2012,88741,3532,62354,32901
2012,55029,8121,9357,2012,27872,671,21349,8941
2012,55031,7705,14863,2012,43963,511,30189,12087
2012,55033,10224,11316,2012,43788,635,26051,11566
2012,55035,23256,30666,2012,98952,1899,60573,21736
2012,55037,1645,953,2012,4486,34,3376,1821
2012,55039,30355,22379,2012,101577,4373,69468,34378
2012,55041,2172,2425,2012,9361,144,6487,3612
2012,55043,10255,13594,2012,51055,637,31446,15751
2012,55045,7857,11206,2012,36800,992,25462,12322
2012,55047,5782,3793,2012,19064,761,13477,7389
2012,55049,4287,8105,2012,23712,338,16409,7252
2012,55051,1790,1784,2012,5978,27,4681,2144
2012,55053,3900,5298,2012,20436,545,14255,7910
2012,55055,23517,20158,2012,83751,5574,55362,25405
2012,55057,5411,6242,2012,26701,699,18922,10844
2012,55059,34977,44867,2012,166373,19510,107124,47826
2012,55061,5747,5153,2012,20600,469,14340,7863
2012,55063,25751,36693,2012,114718,1755,72448,25981
2012,55065,3314,4536,2012,16836,533,11248,6216
2012,55067,5816,4573,2012,19951,340,14477,8474
2012,55069,7455,7563,2012,28710,342,20664,11057
2012,55071,21604,20403,2012,81266,2530,56963,29125
2012,55073,36617,32363,2012,134041,2966,90647,44164
2012,55075,10619,9882,2012,41704,540,30048,16031
2012,55077,3992,4014,2012,15366,394,11320,6596
2012,55078,179,1191,2012,4274,105,2514,1299
2012,55079,154924,332438,2012,946584,125377,604095,263248
2012,55081,9675,9515,2012,44714,1648,29798,15591
2012,55083,10741,8865,2012,37632,527,26844,14753
2012,55085,10917,10452,2012,36029,396,27098,11620
2012,55087,47372,45659,2012,176777,6337,116892,49403
2012,55089,36077,19159,2012,86429,2000,59492,15872
2012,55091,1794,1876,2012,7458,77,5238,2760
2012,55093,10397,10235,2012,40842,632,24824,9432
2012,55095,12094,10073,2012,44094,658,30832,14735
2012,55097,16615,22075,2012,70027,1883,43822,19697
2012,55099,3884,3887,2012,14141,155,10689,5819
2012,55101,49347,53008,2012,195024,22474,130631,59524
2012,55103,3573,4969,2012,18020,366,12463,6839
2012,55105,30517,49219,2012,160356,12092,106516,52274
2012,55107,3676,3397,2012,14670,172,10484,5972
2012,55109,25503,19910,2012,84363,1677,55822,18731
2012,55111,12838,18736,2012,61953,2618,42628,20734
2012,55113,4442,4486,2012,16580,267,12084,5570
2012,55115,11022,9000,2012,41820,919,29352,16893
2012,55117,34072,27918,2012,115377,6300,78807,37157
2012,55119,5601,3763,2012,20631,324,14123,8439
2012,55121,5707,7605,2012,28853,1615,19925,10835
2012,55123,5942,8044,2012,29827,398,20015,10268
2012,55125,7749,5951,2012,21489,277,16578,7048
2012,55127,29006,22552,2012,102310,10526,66427,29228
2012,55129,4699,4447,2012,15893,215,11799,5879
2012,55131,54765,23166,2012,131840,3391,90804,35664
2012,55133,162798,78779,2012,389740,16200,269105,80150
2012,55135,17002,11578,2012,52377,1302,36994,20501
2012,55137,6562,5335,2012,24565,1366,18111,10276
2012,55139,42122,45449,2012,166984,5793,111517,49457
2012,55141,19704,18581,2012,74591,1649,52231,25610
2012,56001,7866,7458,2012,36186,3200,19493,3944
2012,56003,4285,868,2012,11636,985,7797,3346
2012,56005,14953,2163,2012,45840,3464,28582,12679
2012,56007,4148,2110,2012,15781,2633,10856,5121
2012,56009,5043,1089,2012,13779,886,9326,4550
2012,56011,3109,426,2012,7036,146,4912,2272
2012,56013,11075,5333,2012,40103,2312,26541,9960
2012,56015,4178,1458,2012,13277,1319,9219,4120
2012,56017,1895,523,2012,4791,112,3552,1694
2012,56019,3363,749,2012,8564,295,6184,2385
2012,56021,23904,14295,2012,91719,12141,60322,21517
2012,56023,7144,1287,2012,17960,748,11722,4687
2012,56025,22132,8961,2012,75876,5352,50354,18847
2012,56027,1022,200,2012,2478,55,1787,728
2012,56029,11234,2927,2012,28203,1387,19809,6968
2012,56031,3136,1223,2012,8677,591,6349,2771
2012,56033,10267,3618,2012,29097,1050,20354,7379
2012,56035,3472,767,2012,10065,683,6969,2045
2012,56037,11428,4774,2012,43890,6654,27584,12611
2012,56039,4858,6213,2012,21326,3107,15712,4348
2012,56041,6615,1628,2012,20942,1816,13063,6098
2012,56043,3014,794,2012,8425,1154,5647,2349
2012,56045,2821,422,2012,7152,223,4962,2321
2016,01001,18172,5936,2016,55049,1416,36466,17047
2016,01003,72883,18458,2016,199510,8712,139946,54110
2016,01005,5454,4871,2016,26614,1147,18387,11246
2016,01007,6738,1874,2016,22572,502,15750,9626
2016,01009,22859,2156,2016,57704,5036,39472,20885
2016,01011,1140,3530,2016,10552,13,7333,4956
2016,01013,4901,3726,2016,20280,253,13949,8201
2016,01015,32865,13242,2016,115883,3982,78661,39122
2016,01017,7843,5784,2016,34018,148,23854,14109
2016,01019,8953,1547,2016,25897,405,18694,10221
2016,01021,15081,2911,2016,43817,3341,29735,18185
2016,01023,4106,3109,2016,13287,74,9448,5518
2016,01025,7140,5749,2016,24847,43,17022,10907
2016,01027,5245,1237,2016,13483,419,9446,5664
2016,01029,5764,684,2016,14991,349,10366,6612
2016,01031,15875,4221,2016,50991,3344,34614,15302
2016,01033,16746,7312,2016,54377,1306,38271,19681
2016,01035,3420,3080,2016,12697,224,8808,5882
2016,01037,3381,1782,2016,10864,140,7907,5013
2016,01039,13267,2387,2016,37729,578,26492,14166
2016,01041,4513,1664,2016,13896,234,9551,5751
2016,01043,32989,3798,2016,81316,3426,56323,29834
2016,01045,13808,4413,2016,49607,2921,33363,15759
2016,01047,5789,12836,2016,41426,397,27038,15530
2016,01049,21405,3622,2016,70937,9942,47440,29240
2016,01051,27634,8443,2016,80957,2268,54950,26714
2016,01053,9935,4605,2016,37875,780,25762,16224
2016,01055,32353,10442,2016,103363,3752,71696,35916
2016,01057,6712,1362,2016,16783,144,11806,7061
2016,01059,9466,2197,2016,31573,5057,20928,12770
2016,01061,9994,1525,2016,26765,992,18805,10958
2016,01063,838,4013,2016,8587,53,5965,3819
2016,01065,3173,4775,2016,15159,183,10229,6280
2016,01067,5632,2292,2016,17187,435,12221,6776
2016,01069,30728,10664,2016,103891,3311,70773,33422
2016,01071,16672,3673,2016,52608,1435,37119,22885
2016,01073,134768,156873,2016,659096,24316,446097,167205
2016,01075,5823,1036,2016,14066,201,9998,5794
2016,01077,27899,9952,2016,92641,2217,63148,31409
2016,01079,10833,3627,2016,33433,691,23427,14601
2016,01081,34617,21230,2016,153947,5681,90099,32279
2016,01083,29067,9468,2016,90257,5135,62036,30290
2016,01085,1751,4883,2016,10565,50,7165,4504
2016,01087,1431,7566,2016,19684,324,12414,6299
2016,01089,89520,62822,2016,349973,16362,236871,71264
2016,01091,5233,5615,2016,20066,190,13679,7713
2016,01093,11274,1432,2016,30239,726,21538,11864
2016,01095,29233,4917,2016,94534,12210,63366,33767
2016,01097,95116,72186,2016,414291,10957,274893,128591
2016,01099,5795,4332,2016,21975,136,14893,9389
2016,01101,34003,58916,2016,227392,7530,150072,59843
2016,01103,37486,11254,2016,119555,9339,82033,39031
2016,01105,1407,3824,2016,9856,94,5941,3751
2016,01107,5456,3972,2016,20042,486,14084,8285
2016,01109,7693,5056,2016,33277,730,19618,10343
2016,01111,7705,2291,2016,22615,661,15599,9225
2016,01113,9210,9579,2016,58636,2974,38568,18746
2016,01115,31651,5589,2016,86576,1961,60054,31614
2016,01117,73020,22977,2016,205951,11861,139017,40973
2016,01119,1581,4746,2016,13285,39,8278,5100
2016,01121,20614,12121,2016,81057,1752,55993,31279
2016,01123,13594,5519,2016,40958,988,28910,16087
2016,01125,47723,31762,2016,202471,6666,123155,51968
2016,01127,24266,4497,2016,65593,1483,45633,26492
2016,01129,6042,2374,2016,16909,219,11524,7613
2016,01131,1737,4339,2016,11119,62,7441,4841
2016,01133,9228,872,2016,24013,700,17274,10077
2016,02013,4028,1684,2016,3299,331,2545,1468
2016,02016,3203,3294,2016,5714,790,4153,2194
2016,02020,2187,4151,2016,299321,26091,191431,58711
2016,04001,8240,17083,2016,72346,4303,43657,24121
2016,04003,28092,17450,2016,128177,44097,88171,32293
2016,04005,21108,32404,2016,138064,18930,80322,26256
2016,04007,14182,7003,2016,53179,9864,38557,17122
2016,04009,8025,3301,2016,37529,12046,22996,10926
2016,04011,1892,1092,2016,9224,4290,5772,2825
2016,04012,4003,1575,2016,20304,5316,15369,9419
2016,04013,747361,702907,2016,4088549,1238292,2672410,961924
2016,04015,58282,17455,2016,203629,31987,151909,79197
2016,04017,20577,16459,2016,108209,11957,68065,33242
2016,04019,167428,224661,2016,1003338,362265,662883,230993
2016,04021,72819,47892,2016,397604,116072,269816,119489
2016,04023,3897,11690,2016,46547,38736,28782,14785
2016,04025,71330,35590,2016,218586,30722,165655,59020
2016,04027,25165,24605,2016,203292,125972,126271,67989
2016,05001,3826,1939,2016,18569,556,12745,7401
2016,05003,5338,2408,2016,20989,1080,14337,8006
2016,05005,14682,4169,2016,40992,836,31435,14817
2016,05007,60871,28005,2016,245231,39405,158777,68680
2016,05009,12235,2926,2016,37301,859,26136,12959
2016,05011,2164,1317,2016,11096,1573,7582,4669
2016,05013,1556,639,2016,5210,198,3704,2459
2016,05015,6786,3342,2016,27690,4021,19478,9957
2016,05017,1716,2350,2016,11189,578,7728,4788
2016,05019,4404,3620,2016,22684,1013,13141,5826
2016,05021,3781,1199,2016,15202,275,10812,6844
2016,05023,9458,2101,2016,25587,615,18821,10328
2016,05025,2462,723,2016,8421,189,5760,3328
2016,05027,5456,3140,2016,24168,619,15040,8132
2016,05029,4849,2656,2016,21060,790,14516,8322
2016,05031,22892,10538,2016,102884,4856,65447,30290
2016,05033,16686,4488,2016,61927,4328,41418,22653
2016,05035,6964,8410,2016,49511,1151,31056,16710
2016,05037,4584,1999,2016,17329,322,11608,7353
2016,05039,1509,1165,2016,7738,229,5399,3534
2016,05041,1919,2228,2016,12234,642,8010,5091
2016,05043,3968,2365,2016,18688,551,11575,6397
2016,05045,29346,14629,2016,120417,4754,72992,28889
2016,05047,5039,1376,2016,17799,501,12041,7186
2016,05049,3471,1067,2016,12186,158,8909,5057
2016,05051,26087,12311,2016,97119,5064,69592,29905
2016,05053,5725,1373,2016,18046,168,12376,6384
2016,05055,10720,3071,2016,43745,1144,29009,16746
2016,05057,4401,2377,2016,22208,2782,14775,8765
2016,05059,8172,3149,2016,33440,1093,23482,13090
2016,05061,3157,1351,2016,13487,1538,9063,4930
2016,05063,9936,2881,2016,37030,2221,25007,13266
2016,05065,4042,1113,2016,13461,254,10025,5693
2016,05067,3267,1583,2016,17495,469,12561,8222
2016,05069,9250,15772,2016,72385,1369,48054,26029
2016,05071,6091,2427,2016,26025,3474,17050,10927
2016,05073,1758,1032,2016,7127,71,5074,3172
2016,05075,4064,1263,2016,16915,209,11438,6796
2016,05077,1229,1735,2016,9781,144,6939,4807
2016,05079,2455,1252,2016,13935,501,10073,7171
2016,05081,3605,1397,2016,12616,404,8921,4869
2016,05083,5746,1715,2016,21935,593,15278,9338
2016,05085,19958,5664,2016,71279,2895,46472,21274
2016,05087,4928,1588,2016,15761,827,10820,7223
2016,05089,5336,1434,2016,16404,344,12503,6682
2016,05091,11294,4273,2016,43666,1266,29461,15818
2016,05093,7061,5670,2016,44199,1725,28100,15854
2016,05095,1489,1312,2016,7542,181,5247,3333
2016,05097,2643,748,2016,9100,355,6746,3754
2016,05099,2000,1157,2016,8668,26,6017,3724
2016,05101,2875,699,2016,7988,86,5893,3551
2016,05103,5351,4321,2016,24728,494,17182,9698
2016,05105,3008,1049,2016,10246,243,7171,4360
2016,05107,2446,4310,2016,19929,332,12645,6962
2016,05109,3150,685,2016,11017,727,7692,4163
2016,05111,5502,1880,2016,24131,665,16322,10404
2016,05113,6618,1212,2016,20290,1278,14094,7424
2016,05115,16256,5000,2016,63107,5175,39650,19949
2016,05117,2505,814,2016,8334,34,5997,3659
2016,05119,61257,89574,2016,391806,23294,263171,97418
2016,05121,4509,1425,2016,17584,312,12276,6759
2016,05123,3195,4031,2016,27023,1260,18555,11275
2016,05125,35863,13256,2016,115577,4895,79783,35250
2016,05127,2731,602,2016,10661,786,7144,4433
2016,05129,2955,601,2016,7938,107,5871,3376
2016,05131,29127,12300,2016,127351,17041,83893,41466
2016,05133,3282,1075,2016,17193,5560,10638,6909
2016,05135,5407,1472,2016,17027,355,12290,7365
2016,05137,4113,1203,2016,12503,213,9144,5351
2016,05139,10456,5855,2016,40334,1486,27433,14323
2016,05141,5382,1549,2016,16892,488,12417,7557
2016,05143,41476,33366,2016,219930,35554,131905,57129
2016,05145,21077,5170,2016,78823,3214,50487,27333
2016,05147,1347,1118,2016,6873,43,4845,3388
2016,05149,4608,1480,2016,21716,4191,14543,9164
2016,06001,95922,514842,2016,1605217,362070,1113279,341764
2016,06003,217,334,2016,1184,92,790,327
2016,06005,10485,6004,2016,36963,4822,28746,11044
2016,06007,45144,41567,2016,223877,34503,144395,49725
2016,06009,13511,7944,2016,44787,5028,33853,12463
2016,06011,3551,2661,2016,21361,12351,13392,7204
2016,06013,115956,319287,2016,1107925,277676,752880,219163
2016,06015,5134,3485,2016,27628,5326,19394,9424
2016,06017,49247,36404,2016,183000,22868,130300,37964
2016,06019,124049,141341,2016,963160,501136,579136,283585
2016,06021,5788,3065,2016,27976,11255,17855,9881
2016,06023,18373,33200,2016,135182,14530,90903,31280
2016,06025,12704,32667,2016,178807,147880,107679,59709
2016,06027,4248,3155,2016,18326,3867,13233,5657
2016,06029,129584,98689,2016,871337,449747,518804,278174
2016,06031,18093,13617,2016,150261,79862,91823,49179
2016,06033,10599,11496,2016,64076,12086,46222,20389
2016,06035,7574,2224,2016,31945,5880,22818,11295
2016,06037,769743,2464364,2016,10057155,4861648,6712079,2883597
2016,06039,23357,17029,2016,153366,86265,95172,51579
2016,06041,21771,108707,2016,259358,40943,189717,34450
2016,06043,5185,3122,2016,17645,1789,13540,5265
2016,06045,10888,22079,2016,87409,20955,61660,24457
2016,06047,28725,37317,2016,265001,152475,154008,87216
2016,06049,2696,877,2016,9033,1335,6683,2718
2016,06051,2111,2773,2016,14051,3865,9287,3157
2016,06053,34895,89088,2016,430201,247084,270496,133802
2016,06055,17411,39199,2016,140823,47164,97243,33924
2016,06057,23365,26053,2016,98639,9019,74327,19524
2016,06059,507148,609961,2016,3132211,1070553,2100472,691295
2016,06061,95138,73509,2016,370571,49904,256598,64167
2016,06063,5420,3459,2016,18754,1578,14499,4632
2016,06065,333243,373695,2016,2323892,1102968,1468896,667032
2016,06067,189789,326023,2016,1479300,332967,978644,348630
2016,06069,7841,12521,2016,58051,33864,36661,16989
2016,06071,271240,340833,2016,2106754,1089104,1293779,613591
2016,06073,477766,735476,2016,3253356,1076319,2161760,700589
2016,06075,37688,345084,2016,850282,129898,668995,167413
2016,06077,88936,121124,2016,714860,289329,442112,215153
2016,06079,56164,67107,2016,278680,61095,184345,53910
2016,06081,57929,237882,2016,754748,189305,535502,146290
2016,06083,56365,107142,2016,439395,195021,270363,102308
2016,06085,144826,511684,2016,1885056,496591,1284765,355856
2016,06087,22438,95249,2016,270931,89587,175387,51138
2016,06089,51778,22301,2016,179228,16703,125235,44419
2016,06091,1048,601,2016,2931,305,2381,893
2016,06093,11341,7234,2016,43668,5100,31725,11697
2016,06095,51920,102360,2016,429596,109287,289265,104210
2016,06097,51408,160435,2016,497776,129634,350617,112903
2016,06099,78494,81647,2016,530561,234995,331349,167430
2016,06101,18176,13076,2016,95406,28485,61269,27692
2016,06103,15494,6809,2016,63015,14959,42822,20635
2016,06105,2812,2214,2016,13180,950,10187,4256
2016,06107,58299,47585,2016,455769,287144,263099,150454
2016,06109,14551,9123,2016,53864,6233,40694,15802
2016,06111,132323,194402,2016,843110,353232,555316,196227
2016,06113,20739,54752,2016,209671,65448,122238,41061
2016,06115,13170,7910,2016,73897,19903,45723,19279
2016,08001,80082,96558,2016,479977,186852,303509,140581
2016,08003,3046,3189,2016,16353,7470,9332,3784
2016,08005,117053,159885,2016,617668,115309,413227,116870
2016,08007,4264,2500,2016,12355,2290,9115,3121
2016,08009,1753,283,2016,3648,363,2619,1134
2016,08011,1188,590,2016,5816,1838,4688,2870
2016,08013,41396,132334,2016,313961,42914,202434,37279
2016,08014,14367,19731,2016,62449,7448,42402,8055
2016,08015,5391,4888,2016,18507,1876,14370,4960
2016,08017,925,132,2016,2071,266,1323,574
2016,08019,2575,2729,2016,9238,523,7172,1679
2016,08021,1914,1771,2016,8213,4435,5289,2522
2016,08023,588,1125,2016,3590,2302,2611,1289
2016,08025,1079,339,2016,5537,1708,3737,2151
2016,08027,2061,797,2016,4375,195,3350,1009
2016,08029,11655,4087,2016,30221,4499,21753,10636
2016,08031,62690,244551,2016,663303,204042,468263,146420
2016,08033,944,242,2016,1789,93,1336,639
2016,08035,102573,68657,2016,314238,25735,203279,29218
2016,08037,8990,14099,2016,52894,15724,36594,10644
2016,08039,11705,3134,2016,24225,1514,16940,5029
2016,08041,179228,108010,2016,665171,107654,422966,112544
2016,08043,15122,5297,2016,46835,6037,36329,18336
2016,08045,13132,11271,2016,57495,16056,37845,15806
2016,08047,1566,1634,2016,5708,534,4394,1156
2016,08049,4494,3358,2016,14490,1151,10737,3223
2016,08051,3289,5128,2016,15889,1413,10085,2298
2016,08053,339,197,2016,856,26,701,196
2016,08055,1883,1633,2016,6521,2246,5148,1858
2016,08057,629,171,2016,1306,226,991,490
2016,08059,138177,160776,2016,558810,84009,395230,105679
2016,08061,728,91,2016,1465,97,944,399
2016,08063,2967,536,2016,8174,1589,5813,3169
2016,08065,1270,1616,2016,7401,2554,5098,2078
2016,08067,12587,15525,2016,53994,6684,37860,9276
2016,08069,83430,93113,2016,325228,35804,210378,49842
2016,08071,3710,2650,2016,14322,6060,10360,4538
2016,08073,1892,409,2016,5515,1176,4079,2632
2016,08075,7282,1851,2016,21862,3350,14675,6587
2016,08077,49779,21729,2016,148166,20788,99979,39415
2016,08079,344,237,2016,793,115,713,174
2016,08081,5305,874,2016,13034,1904,8676,4240
2016,08083,7853,3973,2016,26006,3149,18206,7163
2016,08085,14382,5466,2016,40866,8255,28950,12537
2016,08087,8145,3151,2016,28288,9958,18182,9231
2016,08089,4928,2943,2016,18440,7613,12348,5265
2016,08091,1351,1697,2016,4651,297,3762,766
2016,08093,6135,3421,2016,16440,921,12809,3808
2016,08095,1791,436,2016,4347,771,3035,1313
2016,08097,2550,7333,2016,17543,1720,13484,2475
2016,08099,3531,1186,2016,12121,4449,7821,3514
2016,08101,36265,35875,2016,162158,68992,108786,44640
2016,08103,2791,436,2016,6658,685,4261,1779
2016,08105,3085,2001,2016,11623,5151,7808,3438
2016,08107,5230,7600,2016,23980,1649,17382,4355
2016,08109,1147,1417,2016,6255,2383,4429,2013
2016,08111,215,265,2016,552,130,457,170
2016,08113,1033,2975,2016,7767,756,5766,1249
2016,08115,1015,267,2016,2367,329,1701,725
2016,08117,5100,9557,2016,29269,4143,21914,4896
2016,08119,9745,3603,2016,23472,1432,17572,5449
2016,08121,2299,296,2016,4814,442,3383,1448
2016,08123,76651,46519,2016,278065,80005,175279,70021
2016,08125,3850,726,2016,10150,2193,6671,3069
2016,09001,160077,243852,2016,941618,175480,636392,206587
2016,09003,148173,240403,2016,895699,151355,619328,234840
2016,09005,53051,39775,2016,185141,10003,135352,51159
2016,09007,38867,45357,2016,164438,9276,118519,39523
2016,09009,159048,205609,2016,860874,144549,591915,241755
2016,09011,54058,62278,2016,272033,26701,188716,74124
2016,09013,34194,38506,2016,151689,7629,95330,31732
2016,09015,25747,21792,2016,117078,12735,80577,36432
2016,10001,36991,33351,2016,171474,11326,112384,52456
2016,10003,85525,162919,2016,551997,51912,373316,143500
2016,10005,62611,39333,2016,211224,19424,155215,75251
2016,11001,12723,282830,2016,659009,69106,462997,129877
2016,12001,46834,75820,2016,256581,23079,153641,45162
2016,12003,10294,2112,2016,27312,633,17878,10619
2016,12005,62194,21797,2016,178361,10217,124142,52011
2016,12007,8913,2924,2016,26919,1022,19390,11242
2016,12009,181848,119679,2016,560683,52153,412117,155297
2016,12011,260951,553320,2016,1863780,513748,1304351,508513
2016,12013,4655,1241,2016,14550,820,10376,6535
2016,12015,60218,33445,2016,169642,11251,137850,61759
2016,12017,54456,22789,2016,140453,7194,111198,56494
2016,12019,74963,27822,2016,200346,18047,134708,53737
2016,12021,105423,61085,2016,348236,92751,260789,105610
2016,12023,20368,7601,2016,68198,3788,46923,23401
2016,12027,6778,3781,2016,35134,10782,24454,17156
2016,12029,5822,1270,2016,16084,608,12021,7869
2016,12031,211672,205704,2016,900890,77771,607088,237615
2016,12033,88808,57461,2016,309574,16686,204939,78297
2016,12035,33850,22026,2016,102917,10079,77355,32749
2016,12037,4125,1744,2016,11705,599,8952,5030
2016,12039,6728,15020,2016,46153,4628,31799,18066
2016,12041,6740,1458,2016,17033,909,11397,6452
2016,12043,2996,1271,2016,13420,2817,9954,6925
2016,12045,5329,1720,2016,15851,762,12106,6442
2016,12047,3443,1904,2016,14362,1297,9842,6253
2016,12049,5242,2149,2016,27302,11741,17163,12274
2016,12051,6195,4615,2016,38376,19625,23888,16434
2016,12053,58970,31795,2016,176797,20459,131317,65142
2016,12055,29565,14937,2016,98862,18267,74900,40177
2016,12057,266870,307896,2016,1323059,352295,888930,350126
2016,12059,7483,853,2016,19569,310,13910,8260
2016,12061,48620,29043,2016,145342,17143,110018,46847
2016,12063,14257,6397,2016,48721,2240,35443,20237
2016,12065,3930,3541,2016,14082,569,10797,5698
2016,12067,2809,518,2016,8742,1124,6120,3829
2016,12069,102188,62838,2016,317586,43852,232300,106208
2016,12071,191551,124908,2016,680970,133752,504918,220845
2016,12073,53821,92068,2016,284788,17319,165868,43094
2016,12075,13775,5101,2016,39707,3148,28729,17064
2016,12077,2543,651,2016,8285,510,5633,3795
2016,12079,4851,3526,2016,18560,896,13207,7377
2016,12081,101944,71224,2016,353411,55380,259773,110274
2016,12083,107833,62041,2016,340341,40579,252140,128004
2016,12085,53204,30185,2016,153592,19777,117748,42479
2016,12086,333999,624146,2016,2664418,1769923,1869613,892465
2016,12087,21904,18971,2016,77150,17364,59901,22632
2016,12089,34266,10869,2016,77187,2922,55772,24511
2016,12091,71893,23780,2016,195798,16347,133072,45568
2016,12093,9356,3959,2016,39420,9890,26976,17828
2016,12095,195216,329894,2016,1256055,368503,825249,314063
2016,12097,50301,85458,2016,311962,156730,203314,97449
2016,12099,272402,374673,2016,1398757,289651,1013381,376649
2016,12101,142101,90142,2016,488310,65569,353206,158852
2016,12103,239201,233701,2016,939548,83145,712289,275373
2016,12105,157430,117433,2016,637691,125841,437227,227005
2016,12107,22138,10094,2016,72304,6901,50941,30470
2016,12109,88684,43099,2016,218362,13384,153706,40863
2016,12111,70289,66881,2016,293136,51763,209615,99314
2016,12113,65339,18464,2016,163903,8379,112777,41931
2016,12115,124438,97870,2016,398011,34234,314565,117290
2016,12117,109443,105914,2016,442905,85292,307232,92191
2016,12119,52730,22638,2016,113589,6357,101207,40303
2016,12121,14287,3964,2016,43653,3818,30818,18770
2016,12123,6930,2152,2016,22582,777,16320,10175
2016,12125,4568,1014,2016,15159,821,11038,7205
2016,12127,143007,109091,2016,510806,62994,374690,165504
2016,12129,10512,4348,2016,31314,1152,22313,11085
2016,12131,25756,6876,2016,61528,3623,44776,18603
2016,12133,8637,2264,2016,24627,847,17617,10918
2016,13001,5494,1434,2016,18410,1722,12326,7937
2016,13003,1878,697,2016,8268,2046,5211,3760
2016,13005,3364,608,2016,11251,926,7312,4452
2016,13007,775,650,2016,3250,215,2391,1501
2016,13009,7697,7970,2016,45808,995,27875,15435
2016,13011,6134,684,2016,18336,1164,12525,8454
2016,13013,21108,6580,2016,73340,7043,47542,24557
2016,13015,29911,8212,2016,101942,8153,67331,35560
2016,13017,3739,2101,2016,17405,1054,11400,7063
2016,13019,5422,1047,2016,18986,922,12799,7486
2016,13021,24043,36787,2016,154194,4796,99419,47668
2016,13023,3719,1101,2016,12835,333,7938,4537
2016,13025,5567,619,2016,18403,392,12177,7965
2016,13027,3701,2528,2016,15645,878,10790,6418
2016,13029,10529,4014,2016,34104,2198,21502,7600
2016,13031,15097,9261,2016,73141,2658,39691,16252
2016,13033,4491,4731,2016,22838,680,14706,8953
2016,13035,6717,2566,2016,23479,724,16306,10979
2016,13037,830,1179,2016,6443,296,4751,3050
2016,13039,12310,5930,2016,52092,3185,31946,13237
2016,13043,2664,1026,2016,10962,1212,7238,4390
2016,13045,30029,12464,2016,113756,7465,70887,38314
2016,13047,20876,4771,2016,65645,1768,44671,20634
2016,13049,2951,1004,2016,12968,1140,9123,5972
2016,13051,45688,62290,2016,282613,17095,186212,66406
2016,13053,751,594,2016,11882,1761,5090,1859
2016,13055,6462,1613,2016,25046,1157,17270,11517
2016,13057,80649,25231,2016,230629,22809,152050,52140
2016,13059,12717,29603,2016,122037,12838,66272,23323
2016,13061,566,697,2016,3068,155,2084,1326
2016,13063,12645,78220,2016,270269,35506,165413,79768
2016,13065,1727,686,2016,6814,306,4422,2751
2016,13067,152912,160121,2016,728388,91921,481463,134020
2016,13069,9588,4094,2016,43042,4753,27606,16785
2016,13071,9898,3463,2016,46002,8535,29348,18930
2016,13073,43085,18887,2016,139904,8455,91502,29851
2016,13075,4176,1753,2016,17103,997,11114,6962
2016,13077,42533,16583,2016,135625,8992,89400,38057
2016,13079,3635,1421,2016,12483,99,8944,5099
2016,13081,4549,2837,2016,23061,749,15182,8832
2016,13083,5051,965,2016,16356,349,11161,6254
2016,13085,9900,1448,2016,22939,904,16263,6921
2016,13087,6020,4124,2016,27237,1533,17982,9786
2016,13089,51468,251370,2016,723902,63173,485606,156825
2016,13091,5021,1839,2016,20995,731,14510,8833
2016,13093,1951,1872,2016,14089,1024,9953,6525
2016,13095,10232,23311,2016,92326,2347,58156,26863
2016,13097,24817,31005,2016,138283,12445,88440,38156
2016,13099,2552,2168,2016,10480,216,6993,4254
2016,13101,1007,156,2016,4025,1196,2555,1746
2016,13103,17874,4853,2016,55852,2056,35904,18203
2016,13105,5292,2539,2016,19394,1052,13464,8993
2016,13107,5335,2435,2016,22723,1015,14837,9254
2016,13109,2404,1130,2016,10733,1250,7134,4468
2016,13111,9632,1923,2016,24017,483,18198,10150
2016,13113,35048,23284,2016,109495,7653,73601,19241
2016,13115,24114,9159,2016,96199,9910,63533,32594
2016,13117,69851,23462,2016,203841,19121,131143,33292
2016,13119,7054,1243,2016,22188,956,15156,9615
2016,13121,117783,297051,2016,996757,73953,663465,177477
2016,13123,10477,1965,2016,28956,3169,20808,11556
2016,13125,1235,138,2016,3053,47,2068,1339
2016,13127,21512,11775,2016,82623,5427,56717,22684
2016,13129,15191,3181,2016,56079,8409,37178,22278
2016,13131,6053,3013,2016,25145,2678,16758,10073
2016,13133,5490,3199,2016,16535,1020,12252,6270
2016,13135,146989,166153,2016,874242,179634,551242,197327
2016,13137,13190,2483,2016,43724,6013,29334,16415
2016,13139,51733,16180,2016,190482,52154,122335,61657
2016,13141,843,2701,2016,8747,169,6529,4402
2016,13143,9585,1475,2016,28667,420,19290,11265
2016,13145,11936,4086,2016,32992,1036,22924,8526
2016,13147,7286,2585,2016,25518,919,17939,10191
2016,13149,3370,743,2016,11571,71,7846,5075
2016,13151,45724,50057,2016,214171,13492,136110,55105
2016,13153,35430,22553,2016,149137,9613,96336,38035
2016,13155,2716,891,2016,9365,107,6386,3752
2016,13157,21784,4491,2016,62131,4319,41310,21306
2016,13159,4360,1544,2016,13571,523,9206,5896
2016,13161,4104,901,2016,14953,1708,9527,5732
2016,13163,3063,3821,2016,16201,558,10734,7181
2016,13165,1895,1123,2016,9055,353,6157,3812
2016,13167,2519,1136,2016,9694,224,6444,4082
2016,13169,8305,3961,2016,28701,393,19454,9835
2016,13171,5190,2270,2016,18195,400,11639,6366
2016,13173,1984,806,2016,10382,546,6876,3473
2016,13175,12411,6752,2016,47802,1204,31817,19453
2016,13177,10646,3170,2016,29134,779,18946,7637
2016,13179,6134,9556,2016,63949,7706,35858,14999
2016,13181,2759,1273,2016,7712,109,5626,3324
2016,13183,2626,1360,2016,17243,2031,10290,4872
2016,13185,21635,15064,2016,113898,6055,65985,29547
2016,13187,9619,2220,2016,31094,1430,19281,8632
2016,13189,5432,3699,2016,21558,601,14220,8502
2016,13191,3487,2303,2016,13941,195,10293,5427
2016,13193,1540,2705,2016,13846,556,9578,5992
2016,13195,9201,2425,2016,28362,1315,19410,11055
2016,13197,1921,1213,2016,8646,141,6040,3631
2016,13199,5222,3804,2016,21195,189,14705,9091
2016,13201,1891,623,2016,5911,6,4078,2434
2016,13205,4279,3493,2016,22778,998,15341,9861
2016,13207,8832,3571,2016,27044,628,18968,9713
2016,13209,2670,847,2016,9005,574,5999,3391
2016,13211,6559,2663,2016,17943,556,12277,6340
2016,13213,10341,1800,2016,39358,5496,25808,17293
2016,13215,26976,39851,2016,200303,14805,128278,51597
2016,13217,20913,21943,2016,103901,5097,65767,30915
2016,13219,13425,5581,2016,35071,1630,22922,6319
2016,13221,4625,1831,2016,14743,590,10448,5997
2016,13223,44662,18025,2016,149830,8434,94847,41636
2016,13225,5413,5100,2016,26907,1950,16724,7665
2016,13227,11651,1979,2016,29992,913,21707,10089
2016,13229,6302,903,2016,19030,970,12828,7488
2016,13231,7278,1240,2016,17843,256,11962,6424
2016,13233,11014,2867,2016,41263,5287,27025,16624
2016,13235,2437,1104,2016,11460,538,8381,5237
2016,13237,6544,2758,2016,21259,1382,15427,8355
2016,13239,575,461,2016,2095,21,1577,1036
2016,13241,6287,1444,2016,16312,1308,12185,5786
2016,13243,1271,1598,2016,7224,40,4800,2916
2016,13245,24461,48814,2016,201418,9333,129729,61271
2016,13247,13478,23255,2016,87569,8774,56812,25612
2016,13249,1472,401,2016,5089,243,3310,1755
2016,13251,3305,2300,2016,14114,246,9604,5705
2016,13253,2345,1189,2016,8696,257,6067,3471
2016,13255,15646,9357,2016,64006,2789,42819,25097
2016,13257,7686,1837,2016,25584,754,17097,9611
2016,13259,805,1222,2016,5791,1296,4204,3077
2016,13261,5276,5520,2016,31070,1640,19329,10351
2016,13263,1196,2002,2016,6373,141,4665,3096
2016,13265,349,545,2016,1904,81,1437,1124
2016,13267,5096,1681,2016,25260,2746,17578,11332
2016,13269,2064,1296,2016,8354,187,5724,3415
2016,13271,2450,1313,2016,16405,2378,12296,9255
2016,13273,1874,2267,2016,9132,236,6128,3446
2016,13275,11228,7142,2016,44977,1546,30456,15482
2016,13277,9584,4347,2016,40691,4526,25633,13649
2016,13279,6615,2338,2016,27160,3089,17410,10413
2016,13281,5383,1210,2016,10976,258,8085,3439
2016,13283,1809,862,2016,6711,116,4602,2867
2016,13285,15750,9713,2016,69314,2514,44457,23057
2016,13287,2095,1246,2016,8151,361,5498,3355
2016,13289,2035,1971,2016,8363,41,5884,3926
2016,13291,9852,1963,2016,22033,636,17105,7933
2016,13293,7292,3475,2016,26394,609,17921,10258
2016,13295,18950,4215,2016,68143,1323,47314,26956
2016,13297,31125,8292,2016,87436,3368,57494,28683
2016,13299,8513,3440,2016,35671,1340,23805,14095
2016,13301,991,1314,2016,5504,37,3896,2758
2016,13303,4149,4200,2016,20680,454,14146,8780
2016,13305,8153,2041,2016,30006,1819,20107,11737
2016,13307,630,473,2016,2672,30,1804,1206
2016,13309,1421,646,2016,7932,160,5691,4371
2016,13311,9761,1674,2016,28140,835,19738,9239
2016,13313,21537,7937,2016,103653,34728,65576,39102
2016,13315,2096,852,2016,8884,362,6359,4551
2016,13317,2572,1848,2016,9924,415,6884,4406
2016,13319,2333,1894,2016,9312,236,6423,4330
2016,13321,6152,2020,2016,20988,434,14295,9039
2016,15001,17501,41259,2016,193680,24027,135381,54267
2016,15003,90326,175696,2016,986999,92635,673882,236588
2016,15007,7574,16456,2016,70447,7506,49582,19445
2016,15009,13446,33480,2016,162456,17656,114016,45187
2016,16001,93752,75677,2016,425798,32905,281818,76901
2016,16003,1556,415,2016,3865,122,2945,1414
2016,16005,17180,10342,2016,83815,6678,52263,18066
2016,16007,2203,255,2016,5928,243,3923,1783
2016,16009,3103,770,2016,9068,300,6379,3324
2016,16011,10907,2924,2016,45261,8037,27068,12085
2016,16013,3340,6416,2016,21427,4444,15049,4430
2016,16015,2673,777,2016,6891,260,5247,1780
2016,16017,13343,5819,2016,41389,1143,30431,12230
2016,16019,26699,8930,2016,108989,13517,65861,23547
2016,16021,3789,933,2016,11141,493,7716,3728
2016,16023,914,160,2016,2592,101,1826,817
2016,16025,410,110,2016,968,82,643,267
2016,16027,47222,16883,2016,202782,49941,122815,59150
2016,16029,2275,271,2016,6813,363,4411,1929
2016,16031,5949,1036,2016,23441,6248,13705,6372
2016,16033,203,44,2016,960,454,545,339
2016,16035,2852,704,2016,8528,329,6721,3289
2016,16037,1777,427,2016,4185,132,3236,1242
2016,16039,5816,1814,2016,26103,4204,15788,6553
2016,16041,3901,385,2016,13013,871,7555,3217
2016,16043,4090,651,2016,12896,1589,8169,3801
2016,16045,5980,1229,2016,16853,1362,11858,6225
2016,16047,3743,930,2016,15157,4388,9560,5452
2016,16049,6441,1196,2016,16251,507,11886,5777
2016,16051,8436,976,2016,27096,2810,15446,6495
2016,16053,4644,1329,2016,22694,7622,13618,7463
2016,16055,44449,16264,2016,147716,6219,100600,35826
2016,16057,7265,8093,2016,38593,1559,21318,5141
2016,16059,3011,733,2016,7743,231,5972,2498
2016,16061,1202,270,2016,3826,160,2710,1218
2016,16063,1184,360,2016,5292,1577,3205,1838
2016,16065,8941,1201,2016,38114,2639,15798,2982
2016,16067,4887,1167,2016,20331,6869,12667,6478
2016,16069,10699,4828,2016,39995,1429,27701,11077
2016,16071,1531,184,2016,4269,162,2667,1179
2016,16073,3052,591,2016,11356,3001,7353,4569
2016,16075,6489,1507,2016,22773,3796,14810,6935
2016,16077,1666,699,2016,7696,2487,4582,2635
2016,16079,3297,1384,2016,12551,412,9156,4698
2016,16081,2167,2159,2016,10437,1814,6796,1909
2016,16083,19828,6233,2016,80955,12235,51370,21789
2016,16085,2906,1913,2016,9897,111,7445,2311
2016,16087,3283,776,2016,10035,1743,6974,3496
2016,17001,22790,7676,2016,66949,959,46128,20191
2016,17003,1496,1262,2016,7051,127,4808,2845
2016,17005,4888,2068,2016,17137,598,11958,6309
2016,17007,12282,8986,2016,53656,11020,34640,17083
2016,17009,1796,476,2016,6836,249,4979,2655
2016,17011,9281,6029,2016,33822,2874,23786,11490
2016,17013,1721,739,2016,4962,52,3570,1890
2016,17015,4434,2447,2016,14793,503,10832,5501
2016,17017,3216,1621,2016,13068,2411,8835,5366
2016,17019,33368,50137,2016,206420,11579,118545,32599
2016,17021,10543,3992,2016,33888,512,23974,13266
2016,17023,5622,1877,2016,16089,227,11175,5498
2016,17025,5021,1020,2016,13466,182,9366,4670
2016,17027,12412,3945,2016,37858,1154,26690,11265
2016,17029,13003,7309,2016,52802,1224,32608,13344
2016,17031,453287,1611946,2016,5227575,1300843,3546688,1343168
2016,17033,6277,1992,2016,19441,415,13957,6284
2016,17035,4206,1031,2016,10890,155,7576,3771
2016,17037,19091,20466,2016,104458,11166,60786,20361
2016,17039,5077,1910,2016,16322,393,11591,5265
2016,17041,5698,1949,2016,19770,1399,13135,6736
2016,17043,166415,228622,2016,930514,129964,629381,165491
2016,17045,5645,1793,2016,17828,198,12713,6226
2016,17047,2778,434,2016,6612,61,4603,2188
2016,17049,13635,3083,2016,34356,648,23212,10550
2016,17051,7372,1819,2016,22025,461,15228,8810
2016,17053,4480,1414,2016,13758,394,9602,4690
2016,17055,13116,4727,2016,39503,603,27710,12625
2016,17057,8492,6133,2016,36047,982,25866,12162
2016,17059,1942,657,2016,5325,35,3813,2059
2016,17061,4145,1205,2016,13390,149,9435,5305
2016,17063,13454,8065,2016,50338,4584,33114,14384
2016,17065,3206,802,2016,8251,22,5798,2700
2016,17067,6430,2139,2016,18633,253,13424,6174
2016,17069,1653,420,2016,4173,71,3118,1614
2016,17071,2155,1155,2016,6966,101,5132,2892
2016,17073,13985,8871,2016,49681,2706,34409,15405
2016,17075,9750,2504,2016,28814,1827,20276,10613
2016,17077,10843,11634,2016,59188,2460,35084,11402
2016,17079,3975,924,2016,9592,123,6696,3169
2016,17081,11695,4425,2016,38523,898,26805,12376
2016,17083,7748,2679,2016,22441,285,15435,7021
2016,17085,6121,4462,2016,22186,652,16281,7344
2016,17087,4649,1142,2016,12866,436,9347,4444
2016,17089,82734,103665,2016,526615,165114,336969,135017
2016,17091,25129,18971,2016,111493,10975,72888,34030
2016,17093,24961,24884,2016,121452,20608,76080,23621
2016,17095,10737,10083,2016,51752,2778,36060,17556
2016,17097,109767,171095,2016,702890,146608,452827,141009
2016,17099,26689,19543,2016,111935,10126,77885,37494
2016,17101,4521,1290,2016,16582,806,12081,6800
2016,17103,8612,5528,2016,34718,1989,24854,11943
2016,17105,10208,4023,2016,37278,1602,26071,13865
2016,17107,8181,3313,2016,29820,995,20958,9892
2016,17109,6795,5288,2016,31727,847,18326,6611
2016,17111,71612,60803,2016,307083,37727,203847,69821
2016,17113,37237,36196,2016,173254,8107,104229,31176
2016,17115,26866,18343,2016,108404,2285,74063,33426
2016,17117,14322,6689,2016,46482,486,32705,15802
2016,17119,70490,50587,2016,266759,8133,183772,71970
2016,17121,11859,4369,2016,38503,687,26548,12554
2016,17123,3785,1789,2016,12060,370,8659,4206
2016,17125,4058,2014,2016,13931,140,9982,5530
2016,17127,4846,1558,2016,14883,381,10547,5168
2016,17129,4231,1817,2016,12576,173,8816,3788
2016,17131,4807,3071,2016,15971,336,11325,5613
2016,17133,12629,5535,2016,33703,495,23552,8686
2016,17135,8630,3504,2016,29301,498,20959,11395
2016,17137,9076,4696,2016,34801,795,24005,12266
2016,17139,4455,1481,2016,14915,170,10154,5158
2016,17141,14352,8050,2016,52034,4990,35891,16340
2016,17143,35633,38060,2016,186818,8356,124198,46406
2016,17145,6855,2462,2016,21595,638,15253,8141
2016,17147,5634,2645,2016,16469,207,11576,4555
2016,17149,5754,1413,2016,16054,202,11188,5996
2016,17151,1678,375,2016,4255,84,3260,1469
2016,17153,1675,962,2016,5792,113,4052,2107
2016,17155,1767,1147,2016,5746,287,4188,2011
2016,17157,10023,3439,2016,32934,984,23979,13558
2016,17159,5739,1584,2016,16072,245,11168,5144
2016,17161,26998,32298,2016,146536,18092,100539,42755
2016,17163,53857,60756,2016,265569,10008,177512,67273
2016,17165,8276,2572,2016,24659,405,17189,7796
2016,17167,49944,40907,2016,198639,4217,136182,48487
2016,17169,2524,1075,2016,7205,21,5383,2583
2016,17171,1966,535,2016,5169,60,3638,2106
2016,17173,8229,2288,2016,22011,211,15620,8546
2016,17175,1778,751,2016,5840,74,4180,2075
2016,17177,11083,7768,2016,46283,1588,32576,14482
2016,17179,38707,20685,2016,135400,2995,94070,37700
2016,17181,5790,2402,2016,17458,863,12524,5877
2016,17183,19087,10039,2016,79613,3744,53999,28845
2016,17185,4047,1151,2016,11587,200,8034,3451
2016,17187,4275,2987,2016,17611,1595,11556,5468
2016,17189,5571,1448,2016,14369,208,10257,4296
2016,17191,6967,1048,2016,16517,126,11569,5537
2016,17193,5640,1412,2016,14410,188,10266,4987
2016,17195,12615,11035,2016,57155,6669,39744,18856
2016,17197,132720,151927,2016,685378,113180,440254,158647
2016,17199,21570,8581,2016,67336,1632,47275,19057
2016,17201,55624,55713,2016,288896,34439,194929,87514
2016,17203,13207,5092,2016,39123,667,25964,10071
2016,18001,9648,2805,2016,34813,1533,20942,12015
2016,18003,83930,55382,2016,365565,25810,235198,93886
2016,18005,20640,9841,2016,80203,5079,54155,24162
2016,18007,2579,860,2016,8709,449,5832,3232
2016,18009,3350,1243,2016,12364,176,8700,5328
2016,18011,19654,10181,2016,61884,1603,40735,13125
2016,18013,5016,2518,2016,14965,230,11025,5131
2016,18015,6273,1892,2016,20007,788,13841,7312
2016,18017,9701,3759,2016,38324,5391,25871,14664
2016,18019,30035,18808,2016,113993,5833,78451,36245
2016,18021,8531,2306,2016,26568,344,18248,10042
2016,18023,8531,2819,2016,32692,4812,21431,12684
2016,18025,3015,1323,2016,10582,154,7413,4816
2016,18027,8545,1800,2016,32583,1508,20085,12373
2016,18029,18113,4883,2016,49552,584,34006,16842
2016,18031,8490,2121,2016,26340,486,17691,9637
2016,18033,12054,3942,2016,42489,1144,28274,14749
2016,18035,24263,18153,2016,116463,2481,71040,32757
2016,18037,13365,5389,2016,42345,2831,28562,14953
2016,18039,41867,20740,2016,201640,30252,127176,71480
2016,18041,6839,2252,2016,23608,231,16435,10164
2016,18043,21432,13945,2016,76290,2270,51839,22006
2016,18045,5662,1476,2016,16741,395,11569,6503
2016,18047,8669,1969,2016,22887,250,15517,8486
2016,18049,6010,1960,2016,20412,994,14009,7862
2016,18051,11081,3721,2016,33684,483,22845,11310
2016,18053,17008,7010,2016,68269,2772,44699,24369
2016,18055,10277,2929,2016,32633,405,22771,12448
2016,18057,87404,57263,2016,303042,11350,195132,38587
2016,18059,25074,8904,2016,71955,1499,48651,18978
2016,18061,12943,4783,2016,39370,657,27457,14621
2016,18063,48337,22600,2016,155817,5493,102640,35962
2016,18065,13895,5124,2016,48953,783,34597,19236
2016,18067,23675,11215,2016,82728,2526,57226,27462
2016,18069,11649,3506,2016,36696,754,24876,13253
2016,18071,12859,3843,2016,43637,2677,29563,17401
2016,18073,9382,3329,2016,33461,1976,22198,12054
2016,18075,5697,1889,2016,21196,629,13930,8862
2016,18077,8546,4326,2016,32482,800,21973,11583
2016,18079,8224,2364,2016,28023,633,18740,11750
2016,18081,45456,17318,2016,147567,4920,97494,40199
2016,18083,11077,3772,2016,37956,660,24770,11905
2016,18085,23935,6313,2016,78461,6062,51671,26980
2016,18087,7025,2080,2016,38395,1496,21954,14865
2016,18089,75625,116935,2016,489698,88341,325433,155171
2016,18091,22687,19798,2016,110993,6747,77055,39583
2016,18093,14035,4210,2016,45696,693,31959,17290
2016,18095,32376,18595,2016,129862,4814,89705,46413
2016,18097,130360,212899,2016,932142,91656,608059,258227
2016,18099,12288,4798,2016,46833,4362,30894,17334
2016,18101,3697,881,2016,10218,22,7129,4165
2016,18103,9975,2766,2016,36093,1004,24750,14243
2016,18105,20592,34216,2016,143292,4672,80706,24553
2016,18107,11059,3362,2016,38108,1751,25564,14056
2016,18109,23674,6040,2016,69504,979,47385,25443
2016,18111,4077,1404,2016,14022,828,9835,5966
2016,18113,12198,3904,2016,47587,4754,31373,17687
2016,18115,2118,686,2016,6003,37,4384,2551
2016,18117,5803,2048,2016,19579,261,13354,8241
2016,18119,6153,1946,2016,21038,246,14930,8796
2016,18121,4863,1441,2016,17033,244,12024,6839
2016,18123,4556,3062,2016,19301,237,13593,8721
2016,18125,4398,1297,2016,12554,56,8810,5251
2016,18127,38832,33676,2016,167016,15662,113063,48848
2016,18129,8404,3521,2016,25527,273,17683,7870
2016,18131,3854,1327,2016,12910,360,8932,5268
2016,18133,10637,3356,2016,37626,985,24863,13218
2016,18135,7517,2446,2016,25403,819,17429,9979
2016,18137,9806,2471,2016,28633,500,19437,10965
2016,18139,5292,1525,2016,16873,241,11605,7345
2016,18141,52021,52252,2016,267696,21797,173405,74903
2016,18143,6074,2642,2016,23734,439,16315,9468
2016,18145,12718,4247,2016,44404,1747,30570,16891
2016,18147,6572,2861,2016,20777,575,14473,7898
2016,18149,6367,2489,2016,23069,797,15848,9283
2016,18151,10133,3744,2016,34279,1151,23294,11536
2016,18153,6138,2113,2016,21026,350,14929,8408
2016,18155,2558,930,2016,10484,188,7070,4637
2016,18157,30768,27282,2016,183397,14628,100694,36099
2016,18159,5589,1587,2016,15447,383,10926,5584
2016,18161,2445,715,2016,7251,1,4974,2810
2016,18163,40496,28530,2016,181692,4500,122490,53899
2016,18165,4513,2081,2016,15752,174,11030,6207
2016,18167,21937,15931,2016,108099,2708,69166,31337
2016,18169,9821,3018,2016,32177,779,21971,11878
2016,18171,2898,839,2016,8309,113,5913,3088
2016,18173,19113,9086,2016,61427,1052,41847,16775
2016,18175,8209,2636,2016,27792,355,18966,11404
2016,18177,16028,8322,2016,67423,1869,46204,25160
2016,18179,10005,2586,2016,27836,721,18735,9216
2016,18181,6893,2590,2016,24265,1833,16749,8978
2016,18183,11358,3379,2016,33354,615,22932,11748
2016,19001,2461,1133,2016,7330,117,5275,2628
2016,19003,1395,565,2016,3822,31,2748,1309
2016,19005,4093,2421,2016,14001,792,9854,5147
2016,19007,4033,1814,2016,12602,217,8950,4098
2016,19009,2136,1080,2016,5793,35,4208,2222
2016,19011,8232,4678,2016,25720,355,17432,7490
2016,19013,27476,32233,2016,132821,5493,83290,34880
2016,19015,7484,5541,2016,26411,626,18380,7346
2016,19017,7208,5356,2016,24663,339,16174,6339
2016,19019,5510,3970,2016,21031,301,13951,6734
2016,19021,4903,2856,2016,20445,5046,12846,6719
2016,19023,4921,2157,2016,14933,177,10504,5089
2016,19025,3468,1398,2016,9876,180,7053,3112
2016,19027,6638,3309,2016,20555,464,14015,6519
2016,19029,4761,1951,2016,13433,316,9470,4971
2016,19031,5295,3599,2016,18389,334,12886,5519
2016,19033,11621,9862,2016,43303,1907,30829,11756
2016,19035,4192,1679,2016,11752,365,8412,3716
2016,19037,3742,2266,2016,12164,269,8356,4500
2016,19039,2713,1465,2016,9273,1119,6210,3327
2016,19041,5877,2249,2016,16478,527,11488,4749
2016,19043,5317,3237,2016,17735,331,12594,6767
2016,19045,11276,10095,2016,47972,1416,33105,14864
2016,19047,4617,1991,2016,17147,4677,11027,6524
2016,19049,19339,15701,2016,78074,4778,50916,12172
2016,19051,2723,977,2016,8768,110,5532,2849
2016,19053,2296,1201,2016,8210,220,4978,2501
2016,19055,5694,2957,2016,17445,210,11915,6291
2016,19057,9529,8212,2016,40114,1147,27782,11900
2016,19059,6753,3056,2016,17046,295,12648,4257
2016,19061,23460,22850,2016,96359,2126,64082,27137
2016,19063,3124,1357,2016,9820,890,6711,2986
2016,19065,5620,3689,2016,20391,455,13924,6785
2016,19067,4375,3179,2016,16004,377,11107,5141
2016,19069,3163,1493,2016,10393,1233,7244,3596
2016,19071,2407,963,2016,7019,176,4995,2174
2016,19073,2820,1691,2016,9083,232,6338,2829
2016,19075,4527,1856,2016,12373,151,8625,3357
2016,19077,3628,1732,2016,10691,254,7574,3566
2016,19079,4463,2726,2016,15227,857,10647,4181
2016,19081,3977,1587,2016,11006,411,7771,3415
2016,19083,5254,2787,2016,17324,699,12094,5096
2016,19085,4902,2131,2016,14335,228,10029,4734
2016,19087,5779,2904,2016,19941,894,13629,6193
2016,19089,2611,1677,2016,9430,144,6415,3500
2016,19091,3568,1252,2016,9607,354,6697,2929
2016,19093,2655,792,2016,7041,148,4933,2315
2016,19095,5205,3084,2016,16326,384,11335,5524
2016,19097,5824,3837,2016,19529,264,13778,7171
2016,19099,10560,7109,2016,36715,681,25786,12463
2016,19101,3748,3710,2016,17662,521,12433,4244
2016,19103,21044,50200,2016,142006,7558,83193,18086
2016,19105,5720,3787,2016,20481,340,14593,6926
2016,19107,3390,1342,2016,10234,147,7152,3690
2016,19109,5653,2543,2016,15226,310,10730,4674
2016,19111,8803,6215,2016,35172,1196,24733,12217
2016,19113,48390,58935,2016,218076,6527,145121,47311
2016,19115,3069,1648,2016,11251,1792,7659,4179
2016,19117,2877,1239,2016,8700,37,6093,3244
2016,19119,5192,920,2016,11730,286,7598,3544
2016,19121,5360,2678,2016,15661,250,10603,4560
2016,19123,7432,2619,2016,22324,425,15056,6944
2016,19125,10962,5482,2016,33197,602,21618,9281
2016,19127,9146,7652,2016,40735,8064,27001,12947
2016,19129,5067,2090,2016,14841,408,10174,4277
2016,19131,3190,1888,2016,10757,140,7316,3854
2016,19133,3120,1247,2016,9013,150,6572,3238
2016,19135,2638,1056,2016,7964,199,5421,3127
2016,19137,3436,1314,2016,10380,352,7350,3459
2016,19139,9584,8368,2016,42949,7360,28370,13355
2016,19141,5752,1315,2016,14055,602,9768,4325
2016,19143,2531,552,2016,6154,426,4317,2245
2016,19145,4893,1807,2016,15552,463,11096,5046
2016,19147,3081,1398,2016,9155,198,6288,2302
2016,19149,9680,2885,2016,24972,1006,16859,7167
2016,19151,2702,963,2016,7061,247,4993,2301
2016,19153,93492,119804,2016,459159,36682,302061,100521
2016,19155,24447,15355,2016,93198,6746,62717,28051
2016,19157,4946,4304,2016,18622,567,12034,5515
2016,19159,1824,753,2016,5054,108,3525,1640
2016,19161,3703,1270,2016,10034,261,7114,3336
2016,19163,39149,40440,2016,171116,10752,115182,41921
2016,19165,4362,1662,2016,11944,347,8436,3926
2016,19167,14785,2300,2016,34621,3409,20516,8407
2016,19169,19458,25709,2016,94834,2990,48629,10750
2016,19171,4971,3196,2016,17423,1432,11868,5943
2016,19173,2111,758,2016,6209,460,4361,2217
2016,19175,3525,1922,2016,12539,338,8538,4010
2016,19177,2527,845,2016,7380,98,5170,2786
2016,19179,8715,5594,2016,35242,3609,24126,12143
2016,19181,14814,10411,2016,48170,1165,31423,11477
2016,19183,6173,3943,2016,22115,1245,14978,6986
2016,19185,2069,719,2016,6403,77,4382,2475
2016,19187,10056,6305,2016,37050,1614,24837,10398
2016,19189,3447,1931,2016,10580,413,7372,3083
2016,19191,5344,5254,2016,20789,437,13571,5322
2016,19193,24727,16210,2016,102426,15635,65067,31426
2016,19195,2453,1530,2016,7562,205,5316,2285
2016,19197,3800,1896,2016,12891,1359,8968,4098
2016,20001,3651,1433,2016,12951,422,8782,3702
2016,20003,2435,672,2016,7858,36,5357,2474
2016,20005,4049,1989,2016,16557,465,10273,5020
2016,20007,1850,286,2016,4831,152,3391,1496
2016,20009,7888,1839,2016,27214,3857,18177,8261
2016,20011,4424,1336,2016,14751,350,9562,3742
2016,20013,2906,863,2016,9810,380,6675,3102
2016,20015,19073,6573,2016,66264,2920,43118,14574
2016,20017,969,316,2016,2694,109,1908,747
2016,20019,1236,197,2016,3470,58,2527,1273
2016,20021,6182,2005,2016,20737,473,14226,6688
2016,20023,1173,181,2016,2679,169,1889,703
2016,20025,825,120,2016,2131,253,1485,533
2016,20027,2891,677,2016,8346,200,5792,2155
2016,20029,2919,761,2016,9302,297,6213,2508
2016,20031,3050,727,2016,8433,208,5946,2649
2016,20033,715,102,2016,1898,119,1339,545
2016,20035,8270,3551,2016,35977,3689,23421,9669
2016,20037,8624,5199,2016,39281,2007,23503,9089
2016,20039,1210,178,2016,2886,82,2167,949
2016,20041,6029,1609,2016,19384,859,13339,6246
2016,20043,2606,587,2016,7793,207,5160,2503
2016,20045,14688,31195,2016,116352,6714,65863,16014
2016,20047,1037,212,2016,2975,591,2085,957
2016,20049,1048,160,2016,2635,106,2038,937
2016,20051,8466,2742,2016,29032,1592,17516,5794
2016,20053,1969,521,2016,6375,384,4631,1965
2016,20055,6350,3195,2016,36983,17908,21545,10976
2016,20057,5114,2149,2016,34492,18313,20281,10728
2016,20059,7185,2892,2016,25663,1014,16959,7493
2016,20061,4274,2722,2016,36818,5526,19630,7375
2016,20063,1140,149,2016,2682,90,1943,866
2016,20065,1025,188,2016,2577,81,1941,810
2016,20067,1804,441,2016,7748,3579,4669,2795
2016,20069,1698,263,2016,6037,888,3768,1889
2016,20071,534,83,2016,1235,257,872,374
2016,20073,2160,485,2016,6304,239,4546,2098
2016,20075,705,121,2016,2567,922,1566,872
2016,20077,1996,393,2016,5798,366,4049,1927
2016,20079,8668,5068,2016,34814,3963,22978,8528
2016,20081,1040,245,2016,4087,1181,2480,1192
2016,20083,855,124,2016,1919,135,1384,451
2016,20085,3939,1512,2016,13365,563,8976,4034
2016,20087,5213,2518,2016,18880,449,13165,6241
2016,20089,1223,180,2016,3003,71,2241,1092
2016,20091,137490,129852,2016,572428,41946,383300,73230
2016,20093,1075,174,2016,3943,1203,2483,1236
2016,20095,2530,599,2016,7697,235,5457,2286
2016,20097,900,114,2016,2520,152,1643,592
2016,20099,5335,2291,2016,20833,901,14106,6364
2016,20101,718,106,2016,1687,89,1171,437
2016,20103,17638,10209,2016,78785,5282,53079,20206
2016,20105,1179,215,2016,3134,84,2181,833
2016,20107,3484,736,2016,9524,231,6687,3256
2016,20109,1132,149,2016,2800,141,1914,740
2016,20111,6552,4649,2016,33401,6893,19999,8809
2016,20113,8549,3226,2016,29164,1139,19836,7511
2016,20115,4003,1204,2016,12213,381,8413,3834
2016,20117,3307,1072,2016,9963,230,7046,3420
2016,20119,1415,210,2016,4310,654,2801,1262
2016,20121,10003,3991,2016,32787,957,21936,8224
2016,20123,2308,477,2016,6299,129,4274,1517
2016,20125,8679,2637,2016,33765,2050,22644,9370
2016,20127,1820,601,2016,5694,245,4145,2019
2016,20129,995,147,2016,3033,650,1949,966
2016,20131,4124,725,2016,10177,163,6749,3435
2016,20133,4431,1501,2016,16358,811,10801,4320
2016,20135,1228,162,2016,3047,317,2204,944
2016,20137,1840,281,2016,5558,277,4045,1874
2016,20139,4826,1753,2016,16001,447,11016,5328
2016,20141,1460,233,2016,3746,69,2697,1186
2016,20143,2283,424,2016,6004,164,4129,1708
2016,20145,1904,579,2016,6840,515,5052,1924
2016,20147,2233,300,2016,5484,167,3801,1600
2016,20149,7612,2225,2016,22920,1202,14399,4997
2016,20151,2838,771,2016,9729,666,6328,2305
2016,20153,1220,163,2016,2557,136,1902,706
2016,20155,15513,6837,2016,63803,5663,43380,18365
2016,20157,2024,375,2016,4768,72,3547,1383
2016,20159,2837,695,2016,9949,1104,6380,2579
2016,20161,10107,9341,2016,75026,5838,37238,8019
2016,20163,2031,275,2016,5160,126,3627,1522
2016,20165,1197,233,2016,3144,99,2309,890
2016,20167,2574,461,2016,6988,199,4996,2046
2016,20169,13828,6317,2016,55547,5935,36669,15961
2016,20171,1865,236,2016,4958,746,3323,1527
2016,20173,104353,69627,2016,508221,70597,325515,122443
2016,20175,3159,1628,2016,23185,13675,13194,7911
2016,20177,35934,33926,2016,178567,20903,119829,47641
2016,20179,1197,127,2016,2522,102,1858,748
2016,20181,2089,347,2016,6038,716,4132,1616
2016,20183,1661,297,2016,3701,70,2759,1181
2016,20185,1490,304,2016,4284,569,2976,1219
2016,20187,492,115,2016,2115,695,1415,636
2016,20189,1599,220,2016,5738,1989,3549,1749
2016,20191,6984,2076,2016,23509,1231,15758,6862
2016,20193,2908,473,2016,7909,408,5046,1722
2016,20195,1227,198,2016,2927,24,2163,826
2016,20197,2372,776,2016,6960,236,4766,2001
2016,20199,721,46,2016,1584,76,1061,443
2016,20201,2194,387,2016,5613,184,3951,1771
2016,20203,769,140,2016,2168,717,1423,661
2016,20205,2788,594,2016,8956,250,6218,3066
2016,20207,1082,273,2016,3186,87,2331,1131
2016,20209,15806,30146,2016,161777,44658,101519,55550
2016,21001,6637,1323,2016,19156,353,12753,7703
2016,21003,6466,1349,2016,20421,378,13827,8212
2016,21005,8242,2634,2016,21867,342,14970,7630
2016,21007,3161,816,2016,8216,96,5766,2916
2016,21009,13483,4275,2016,43287,1280,29416,17290
2016,21011,3082,1361,2016,12113,183,8115,5224
2016,21013,7764,1720,2016,27676,119,19428,13290
2016,21015,39082,15026,2016,125656,4984,81533,28212
2016,21017,5569,2791,2016,20004,1327,13879,7410
2016,21019,13591,6021,2016,48716,784,34732,15979
2016,21021,8040,4281,2016,29650,926,19857,9780
2016,21023,2711,705,2016,8404,130,5698,3453
2016,21025,3991,1537,2016,13476,115,9401,5920
2016,21027,6484,1960,2016,20000,243,13867,8904
2016,21029,26210,8255,2016,77727,1320,53090,28842
2016,21031,4428,947,2016,12828,439,8995,5906
2016,21033,4507,1260,2016,12758,196,8938,5218
2016,21035,10367,4749,2016,38302,974,23270,10018
2016,21037,25050,14658,2016,91456,1675,61794,25169
2016,21039,2094,432,2016,4954,111,3496,1821
2016,21041,2588,1106,2016,10776,724,7196,4554
2016,21043,7587,2276,2016,27292,327,18391,11244
2016,21045,5482,767,2016,15928,430,11088,6982
2016,21047,14108,7188,2016,73936,5406,41893,19907
2016,21049,10710,4706,2016,35706,983,24981,12878
2016,21051,5861,752,2016,21160,455,14897,10500
2016,21053,3809,547,2016,10172,279,6982,4670
2016,21055,3290,617,2016,9211,79,6459,3792
2016,21057,2502,459,2016,6780,14,4786,2701
2016,21059,28907,14163,2016,98724,2706,66401,31751
2016,21061,4135,979,2016,12086,151,8595,5437
2016,21063,2000,740,2016,7661,17,5639,3745
2016,21065,4236,1108,2016,14406,40,10190,7353
2016,21067,56894,69778,2016,311529,21322,200906,61664
2016,21069,4722,1348,2016,14543,171,9817,6041
2016,21071,11993,4015,2016,38144,275,26544,16045
2016,21073,11819,10717,2016,49982,1453,34721,14949
2016,21075,1549,774,2016,6323,37,4437,2564
2016,21077,2443,749,2016,8543,437,5618,3601
2016,21079,5904,1453,2016,17051,385,12040,7002
2016,21081,7268,1910,2016,24705,629,15780,9995
2016,21083,12671,3308,2016,37379,2217,25331,14068
2016,21085,8219,1959,2016,26092,319,17649,11239
2016,21087,4372,832,2016,11123,101,7916,5260
2016,21089,11546,4146,2016,36255,373,25679,12958
2016,21091,2788,1244,2016,8716,117,5849,3334
2016,21093,26971,13944,2016,107573,5888,69718,29109
2016,21095,9129,1372,2016,28031,229,19405,12380
2016,21097,5435,2031,2016,18629,418,12805,7717
2016,21099,5320,1730,2016,18510,317,12537,8407
2016,21101,12159,6707,2016,46362,1039,31966,15753
2016,21103,4944,1828,2016,15528,507,10635,6628
2016,21105,1657,449,2016,4691,41,3304,2175
2016,21107,15277,4310,2016,46359,851,32189,17867
2016,21109,4889,482,2016,13357,0,9273,6359
2016,21111,143768,190836,2016,759724,36568,520121,196588
2016,21113,15474,6144,2016,51015,1534,33007,14598
2016,21115,8043,1250,2016,23280,171,16204,9492
2016,21117,42958,24214,2016,163393,4797,110045,43655
2016,21119,4357,1245,2016,15884,55,10913,6898
2016,21121,9885,1761,2016,31740,332,21288,14493
2016,21123,4799,1278,2016,14127,443,9905,5712
2016,21125,20592,3440,2016,59950,863,40879,25114
2016,21127,4816,1045,2016,15870,128,10899,7095
2016,21129,2151,444,2016,6896,15,4962,3639
2016,21131,4015,400,2016,10869,56,7658,5432
2016,21133,7293,1542,2016,23382,154,16557,10460
2016,21135,4363,785,2016,13646,96,9500,6293
2016,21137,7338,1865,2016,24424,378,16801,11219
2016,21139,3570,887,2016,9353,141,6815,4341
2016,21141,7778,2755,2016,26757,705,18219,11086
2016,21143,2789,1045,2016,8325,114,6584,3449
2016,21145,20774,9134,2016,65292,1508,46026,19649
2016,21147,5012,664,2016,17850,539,12283,8362
2016,21149,3381,988,2016,9492,124,6578,3780
2016,21151,23431,11793,2016,87324,1948,53115,23128
2016,21153,3824,1172,2016,12887,125,8842,5967
2016,21155,5122,2679,2016,19497,480,13237,8221
2016,21157,12322,3672,2016,31213,419,22645,12264
2016,21159,3503,363,2016,12478,219,8719,5762
2016,21161,4944,1970,2016,17229,271,11771,6605
2016,21163,8660,3026,2016,28751,1106,19124,9726
2016,21165,2010,700,2016,6345,53,4586,2877
2016,21167,7740,2395,2016,21411,533,14986,7905
2016,21169,3491,976,2016,9983,160,6976,4337
2016,21171,4278,601,2016,10692,305,7449,4915
2016,21173,7856,3158,2016,27391,703,18505,10361
2016,21175,3628,1006,2016,13379,182,9853,6254
2016,21177,9393,3272,2016,31216,175,21649,13695
2016,21179,13431,6434,2016,44875,906,29822,15412
2016,21181,1957,787,2016,7062,127,4881,3108
2016,21183,7942,2080,2016,24152,683,16448,10631
2016,21185,20469,10268,2016,63876,2392,42333,12772
2016,21187,3745,1062,2016,10673,272,7315,4701
2016,21189,1474,256,2016,4552,18,3136,2118
2016,21191,4604,1164,2016,14509,170,9959,6144
2016,21193,8158,2136,2016,27818,260,19511,11485
2016,21195,19747,4280,2016,62791,495,43893,27607
2016,21197,3513,1272,2016,12387,177,8346,5390
2016,21199,22902,4208,2016,63772,1480,44608,26070
2016,21201,759,222,2016,2191,33,1587,947
2016,21203,5609,915,2016,16893,82,11828,8134
2016,21205,5174,3295,2016,24302,541,13907,6782
2016,21207,6863,1093,2016,17684,624,12424,7629
2016,21209,15052,7715,2016,51348,2202,33057,13814
2016,21211,13196,6276,2016,44967,3980,30362,14042
2016,21213,5077,2144,2016,17856,377,12174,7208
2016,21215,7196,1921,2016,17798,337,12177,5546
2016,21217,8320,2553,2016,25315,537,16438,9246
2016,21219,3612,1042,2016,12465,488,8082,5204
2016,21221,4931,1587,2016,14267,265,10224,4766
2016,21223,2771,879,2016,8751,252,6017,3786
2016,21225,4701,1331,2016,15065,283,9725,5347
2016,21227,28673,16966,2016,121066,6010,73406,31019
2016,21229,4013,1420,2016,12017,478,8016,4832
2016,21231,6371,1431,2016,20557,600,14517,9927
2016,21233,4397,1240,2016,13331,660,9155,5922
2016,21235,11312,2067,2016,35842,398,22896,13464
2016,21237,1804,753,2016,7221,20,5018,3502
2016,21239,7697,4958,2016,25591,1686,17668,7049
2016,22001,21162,5638,2016,62372,1362,40069,26002
2016,22003,6867,2106,2016,25619,1092,17927,11431
2016,22005,36143,16476,2016,117009,5939,74802,34855
2016,22007,6714,3931,2016,22973,589,15542,10693
2016,22009,11165,5035,2016,41252,705,27923,19089
2016,22011,12238,2393,2016,36435,1299,24097,13694
2016,22013,3756,3129,2016,13924,246,9597,5631
2016,22015,35474,12641,2016,124720,7937,81134,32775
2016,22017,49006,53483,2016,253125,6830,167830,78435
2016,22019,54191,26296,2016,197233,5982,129071,63435
2016,22021,3822,788,2016,9997,276,6746,4544
2016,22023,3256,323,2016,6739,342,4554,2426
2016,22025,3479,1322,2016,10145,130,6894,4487
2016,22027,3585,2717,2016,16452,228,11727,7283
2016,22029,5477,3272,2016,20288,261,13544,8692
2016,22031,8068,5165,2016,27047,747,18273,10765
2016,22033,84660,102828,2016,445337,17240,279129,103790
2016,22035,1059,1838,2016,7419,58,4597,3040
2016,22037,5569,4235,2016,19756,292,14229,8797
2016,22039,10360,4208,2016,33765,1072,21639,14132
2016,22041,6514,2506,2016,20464,63,13515,8944
2016,22043,7408,1181,2016,22372,1334,15717,9735
2016,22045,20903,10698,2016,73799,2849,47452,30125
2016,22047,7320,8324,2016,33159,824,22836,14227
2016,22049,5169,2139,2016,15999,245,11210,7089
2016,22051,100398,73670,2016,435204,60284,302942,140699
2016,22053,10775,3080,2016,31399,679,20659,12861
2016,22055,68195,32726,2016,234963,10331,153993,64486
2016,22057,31959,8423,2016,97688,4190,65045,41608
2016,22059,5836,605,2016,14927,379,10142,6799
2016,22061,10761,7107,2016,47480,1327,25500,10217
2016,22063,48824,6950,2016,135925,4566,88415,49786
2016,22065,1927,2744,2016,11803,228,7756,5113
2016,22067,6502,5155,2016,26739,320,17919,11464
2016,22069,8968,7144,2016,39258,824,23294,11520
2016,22071,24292,133996,2016,382922,20951,265166,98830
2016,22073,41734,24428,2016,156398,3285,99811,48339
2016,22075,6900,3347,2016,23584,1465,15232,8772
2016,22077,6789,4764,2016,22366,522,15406,9433
2016,22079,36816,18322,2016,132373,3860,86793,45826
2016,22081,2391,1938,2016,8757,167,5767,3707
2016,22083,6287,3157,2016,20692,417,13681,8444
2016,22085,7879,1703,2016,24144,882,16392,9922
2016,22087,10237,4960,2016,44091,4268,28135,16232
2016,22089,16621,8559,2016,52708,2998,34706,16843
2016,22091,2497,3353,2016,10714,13,7183,4799
2016,22093,5456,6418,2016,21581,322,14516,8562
2016,22095,7569,12661,2016,43888,2415,28685,15345
2016,22097,21971,17209,2016,83699,1603,53830,36283
2016,22099,16873,8266,2016,53385,1429,35313,21888
2016,22101,14359,8050,2016,53053,3431,35182,24286
2016,22103,90915,27717,2016,246269,12898,166729,63126
2016,22105,33959,16878,2016,127115,4975,81365,44231
2016,22107,1182,1332,2016,4793,83,3259,2264
2016,22109,31902,10665,2016,113099,5477,73521,45590
2016,22111,7972,2691,2016,22460,1021,15527,9460
2016,22113,20063,4857,2016,59524,1878,38826,25351
2016,22115,13471,2665,2016,52101,4766,31138,15453
2016,22117,12556,5692,2016,46367,940,31312,20460
2016,22119,11542,6260,2016,40335,703,27591,16562
2016,22121,6927,5383,2016,25017,712,16661,9064
2016,22123,3970,715,2016,11370,343,7752,5199
2016,22125,3390,2248,2016,15384,241,10595,5555
2016,22127,4608,1644,2016,14695,273,10186,6306
2016,23001,28227,23009,2016,107376,1861,74194,35643
2016,23003,19419,13386,2016,69405,736,50858,25808
2016,23005,57709,102981,2016,288204,5538,205616,59929
2016,23007,7918,7016,2016,30270,384,21515,9573
2016,23009,13705,16117,2016,54483,711,40820,16067
2016,23011,31675,29302,2016,120953,1730,86359,37746
2016,23013,9148,12443,2016,39717,493,29796,12469
2016,23015,9727,10241,2016,34165,352,25993,10338
2016,23017,16210,12172,2016,57299,688,41822,22394
2016,23019,41622,32838,2016,152978,1895,106526,47132
2016,23021,5406,3098,2016,17044,210,12999,6645
2016,23023,9304,10664,2016,35134,518,25868,9402
2016,23025,15001,9092,2016,51363,507,37544,20213
2016,23027,10378,10440,2016,39071,446,28494,12003
2016,23029,9093,6075,2016,31925,581,23457,11847
2016,23031,50403,55844,2016,200536,3122,145205,57469
2016,24001,21270,7875,2016,73060,1233,50793,26845
2016,24003,122403,128419,2016,559737,39402,382657,124814
2016,24005,149477,218412,2016,825666,40850,569088,206193
2016,24009,26176,18225,2016,90527,3092,60627,22770
2016,24011,9368,4009,2016,32653,2101,22037,12887
2016,24013,58215,26567,2016,167535,5096,114734,44183
2016,24015,28868,13650,2016,102175,4087,69319,34235
2016,24017,25614,49341,2016,154357,7939,101706,40199
2016,24019,8413,6245,2016,32451,1516,23113,12365
2016,24021,59522,56522,2016,243465,20485,163563,53428
2016,24023,10776,2567,2016,29677,301,21250,11445
2016,24025,77860,47077,2016,249776,10208,171128,60001
2016,24027,47484,102597,2016,308447,19595,207335,38810
2016,24029,4876,4575,2016,19819,870,13928,6353
2016,24031,92704,357837,2016,1026371,190550,703977,161021
2016,24033,32811,344049,2016,897693,150268,597885,239500
2016,24035,16993,7973,2016,48712,1668,34080,13044
2016,24037,28663,17534,2016,110675,5136,72507,29266
2016,24039,5341,4196,2016,25899,937,16959,10610
2016,24041,10724,8653,2016,37668,2298,28138,10427
2016,24043,40998,21129,2016,149571,6283,103724,52985
2016,24045,22198,18050,2016,101527,4968,63454,28520
2016,24047,17210,9753,2016,51441,1726,38616,16474
2016,24510,25205,202673,2016,621000,29537,422021,194686
2016,25001,54099,72430,2016,214703,5661,164809,49037
2016,25003,16839,43714,2016,128563,5220,92918,37261
2016,25005,105443,129540,2016,554868,38919,383924,177640
2016,25007,2477,8400,2016,17137,286,12726,4042
2016,25009,136316,222310,2016,769362,144843,527506,192275
2016,25011,10364,24478,2016,70916,2599,52404,18227
2016,25013,78685,112590,2016,468072,109127,311830,140332
2016,25015,21790,55367,2016,161035,8460,98409,29569
2016,25017,219793,520360,2016,1567610,117082,1092070,304841
2016,25019,1892,4146,2016,10694,1268,7785,2363
2016,25021,119723,221819,2016,691218,27586,481812,130367
2016,25023,115369,135513,2016,506657,18014,348844,127383
2016,25025,50421,245751,2016,767719,167446,522045,201145
2016,25027,157682,198778,2016,813589,85228,552915,215001
2016,26001,4201,1732,2016,10461,145,8552,4415
2016,26003,2585,1663,2016,9396,127,7245,3976
2016,26005,34183,18050,2016,113666,8049,76426,36496
2016,26007,9090,4877,2016,28929,375,21150,9128
2016,26009,8469,4448,2016,23215,454,17290,7341
2016,26011,4950,2384,2016,15327,291,11426,6471
2016,26013,2158,1156,2016,8612,122,6422,3791
2016,26015,19202,9114,2016,59316,1528,41144,18799
2016,26017,28328,21642,2016,106107,5350,74904,34753
2016,26019,5539,4108,2016,17462,397,13009,5467
2016,26021,38647,29495,2016,155134,7833,106865,43269
2016,26023,11786,5061,2016,43603,1890,29903,15680
2016,26025,31494,24157,2016,134691,6509,90994,41108
2016,26027,14243,7270,2016,51795,1800,36542,17137
2016,26029,8674,5137,2016,26172,451,19033,7457
2016,26031,8683,4302,2016,25579,324,19223,9510
2016,26033,9122,5379,2016,38330,639,26407,12746
2016,26035,8505,4249,2016,30608,570,22225,12256
2016,26037,21636,16492,2016,77245,3363,52058,17845
2016,26039,4354,2110,2016,13840,244,10325,4945
2016,26041,11121,6436,2016,36570,417,26485,10919
2016,26043,8580,3923,2016,25889,346,18806,8540
2016,26045,27609,24938,2016,108544,5601,75109,26859
2016,26047,10616,6972,2016,33091,506,23718,7559
2016,26049,84175,102751,2016,413090,13426,278481,118856
2016,26051,8124,3794,2016,25367,354,18727,10386
2016,26053,4018,2925,2016,15650,188,11901,5491
2016,26055,27413,20965,2016,90715,2378,64721,20534
2016,26057,9880,5666,2016,41676,2348,28260,14625
2016,26059,14095,4799,2016,46024,975,31222,16174
2016,26061,8475,6018,2016,36565,529,21430,9086
2016,26063,10692,4579,2016,32021,698,23515,12815
2016,26065,43868,79110,2016,284559,21480,170159,49818
2016,26067,16635,8352,2016,64126,2974,43274,21524
2016,26069,8345,4345,2016,25373,498,19508,9990
2016,26071,3675,2004,2016,11393,190,8914,4724
2016,26073,12338,11404,2016,70574,2613,37410,14860
2016,26075,39793,25795,2016,159483,5307,109502,47999
2016,26077,51034,67148,2016,258605,11859,160127,46973
2016,26079,6116,2280,2016,17259,293,12366,6636
2016,26081,148180,138683,2016,629352,63915,408603,144728
2016,26083,814,527,2016,2195,24,1710,683
2016,26085,3159,1939,2016,11415,292,8741,5284
2016,26087,30037,12734,2016,88310,3982,61478,28670
2016,26089,7239,6774,2016,21764,872,16628,4555
2016,26091,26430,16750,2016,98673,7567,67537,31331
2016,26093,65680,34384,2016,185841,4094,127944,39215
2016,26095,1756,681,2016,6451,182,4916,2719
2016,26097,3744,2085,2016,10998,167,8394,3879
2016,26099,224665,176317,2016,859703,21027,597899,246783
2016,26101,6915,4979,2016,24465,680,18130,8444
2016,26103,14646,16042,2016,67418,941,44635,16618
2016,26105,8505,5281,2016,28755,1257,20576,8754
2016,26107,10305,5827,2016,43259,895,26482,12143
2016,26109,6702,3539,2016,23568,383,17312,8935
2016,26111,23846,15635,2016,83559,2090,57485,20421
2016,26113,5386,1565,2016,15032,380,10411,5598
2016,26115,43261,26863,2016,149945,5049,103660,47356
2016,26117,16907,7874,2016,62922,2095,43290,22186
2016,26119,3498,1287,2016,9317,116,7434,4096
2016,26121,36127,37304,2016,172148,9173,115950,52833
2016,26123,15173,6212,2016,47957,2747,33063,18146
2016,26125,289203,343070,2016,1235215,46483,860757,224261
2016,26127,7228,3973,2016,26152,3771,17816,8900
2016,26129,6827,3030,2016,21103,395,15655,8515
2016,26131,2066,1176,2016,6165,74,5053,2520
2016,26133,7336,2705,2016,23172,387,15991,9184
2016,26135,2843,1044,2016,8374,110,6228,3482
2016,26137,8266,3556,2016,24198,381,16963,7821
2016,26139,88467,44973,2016,276583,25658,169697,63520
2016,26141,4488,2400,2016,12955,145,10079,5234
2016,26143,8141,4287,2016,23900,364,18885,9751
2016,26145,45469,44396,2016,195201,16003,131885,60017
2016,26147,49051,24553,2016,160069,5058,111685,50746
2016,26149,14884,7526,2016,60923,4456,40651,21519
2016,26151,13446,4873,2016,41761,1520,29278,16206
2016,26153,2556,1369,2016,8186,72,6109,3457
2016,26155,19230,12546,2016,68800,1899,47519,21447
2016,26157,17102,7429,2016,54014,1714,38124,20238
2016,26159,17890,13258,2016,75216,8282,50901,23903
2016,26161,50631,128483,2016,358082,15908,221550,46232
2016,26163,228993,519444,2016,1767593,99752,1168342,526603
2016,26165,10000,4436,2016,32829,580,22657,11238
2016,27001,5516,3134,2016,15722,186,12182,5806
2016,27003,93339,75500,2016,341249,13847,229933,79637
2016,27005,10880,5208,2016,33375,587,22835,9212
2016,27007,10783,8688,2016,45644,945,27550,10197
2016,27009,12872,5640,2016,39457,791,26541,10621
2016,27011,1608,921,2016,5098,64,3709,1969
2016,27013,15667,14428,2016,65524,2016,37943,12997
2016,27015,8708,3763,2016,25327,987,17370,8106
2016,27017,8160,8460,2016,35482,590,24670,10494
2016,27019,29056,21508,2016,97143,3927,62455,15454
2016,27021,9982,4949,2016,28633,521,20695,8860
2016,27023,3764,1978,2016,12126,730,8446,3889
2016,27025,18441,9278,2016,54041,1044,37112,14961
2016,27027,13543,12971,2016,61402,2583,36983,11857
2016,27029,2925,1100,2016,8764,150,5978,3080
2016,27031,1156,1912,2016,5215,98,4093,1174
2016,27033,3679,1678,2016,11557,786,7932,3552
2016,27035,22287,10982,2016,63321,860,44683,16512
2016,27037,99583,110483,2016,411402,27048,275344,72572
2016,27039,6527,3102,2016,20361,988,13190,5274
2016,27041,13966,6227,2016,36862,532,26249,9183
2016,27043,4659,2153,2016,14119,877,10153,5109
2016,27045,6271,3872,2016,20877,266,14422,6274
2016,27047,8808,6041,2016,30751,2880,21874,10317
2016,27049,14041,9446,2016,46450,1446,32472,12946
2016,27051,2063,1105,2016,5943,113,4249,1730
2016,27053,191770,429288,2016,1209265,82312,831660,205236
2016,27055,5616,4145,2016,18791,172,13394,5390
2016,27057,7261,3423,2016,20640,384,14961,5971
2016,27059,13635,5657,2016,38461,683,26122,11916
2016,27061,12920,9015,2016,45356,568,32508,12250
2016,27063,3609,1492,2016,10163,333,7147,2919
2016,27065,5230,2327,2016,15918,246,11255,5875
2016,27067,12785,7266,2016,42510,4993,28588,10940
2016,27069,1349,823,2016,4436,86,3169,1406
2016,27071,3569,2306,2016,12930,25,9516,4382
2016,27073,2293,1305,2016,6916,145,5066,2328
2016,27075,2932,3077,2016,10721,149,8135,3101
2016,27077,1540,553,2016,3901,48,2910,1522
2016,27079,9182,4623,2016,27650,1553,18871,8531
2016,27081,1931,860,2016,5793,93,4122,2013
2016,27083,7256,3825,2016,25670,1586,16448,6754
2016,27085,12155,4978,2016,35926,1982,24697,11216
2016,27087,991,930,2016,5480,188,3362,1644
2016,27089,3208,1225,2016,9406,385,6556,3122
2016,27091,7062,2733,2016,20193,802,14336,6975
2016,27093,8104,3191,2016,23094,805,15791,7154
2016,27095,8340,3710,2016,25788,528,17729,8513
2016,27097,12925,3637,2016,32850,491,22679,11008
2016,27099,8823,7437,2016,39248,4293,26194,11705
2016,27101,2974,1295,2016,8463,285,6108,2899
2016,27103,8437,7886,2016,33226,1384,21497,7202
2016,27105,5299,2733,2016,21729,5661,13963,7816
2016,27107,1699,1264,2016,6638,320,4652,2357
2016,27109,35668,36268,2016,150104,6957,101189,26540
2016,27111,20939,9340,2016,57694,1791,41119,16010
2016,27113,4000,2147,2016,14156,479,9690,4314
2016,27115,8191,4580,2016,29067,803,21058,10998
2016,27117,3338,1127,2016,9285,491,6313,3068
2016,27119,8979,4712,2016,31550,1880,20979,8366
2016,27121,3793,2106,2016,10975,130,7948,3196
2016,27123,70894,177738,2016,531528,38985,349954,110456
2016,27125,1141,540,2016,4042,129,2790,1363
2016,27127,5137,1887,2016,15578,451,10614,5212
2016,27129,4890,2117,2016,14995,1146,10538,5003
2016,27131,15429,14437,2016,65116,5059,41110,16897
2016,27133,3091,1373,2016,9554,246,6493,3111
2016,27135,5451,1856,2016,15609,166,10486,4691
2016,27137,44630,57771,2016,200353,2943,136035,48514
2016,27139,39948,28502,2016,139490,6617,89060,25054
2016,27141,31053,13293,2016,91188,2233,58467,19135
2016,27143,5193,1954,2016,14957,1237,10244,5165
2016,27145,47617,25576,2016,153661,4745,94448,35650
2016,27147,11198,6241,2016,36541,2636,24392,10552
2016,27149,2799,2116,2016,9762,447,5718,2011
2016,27151,2963,1686,2016,9483,407,6679,3129
2016,27153,8485,2783,2016,24335,1299,16589,8113
2016,27155,1049,630,2016,3397,77,2486,1126
2016,27157,6989,3866,2016,21327,613,15048,6613
2016,27159,4837,1684,2016,13755,236,9363,4578
2016,27161,5967,2838,2016,19034,1079,13163,5826
2016,27163,64428,67086,2016,248745,9493,166376,42596
2016,27165,2768,1814,2016,10996,2489,7428,4146
2016,27167,2129,893,2016,6479,82,4632,1717
2016,27169,12122,11366,2016,51145,1400,31030,11378
2016,27171,43274,20334,2016,129922,3502,83193,28742
2016,27173,3382,1524,2016,10038,416,7003,3238
2016,28001,5874,7757,2016,31747,2538,22155,11895
2016,28003,11819,2684,2016,37309,1154,25189,13482
2016,28005,4289,2697,2016,12692,35,9245,5688
2016,28007,4897,3242,2016,19085,371,12622,6670
2016,28009,2251,1719,2016,8378,190,5730,3467
2016,28011,4590,9046,2016,33615,703,21344,10748
2016,28013,4390,1910,2016,14724,814,9900,5905
2016,28015,3799,1680,2016,10301,52,7274,4005
2016,28017,4127,3649,2016,17357,728,11339,7255
2016,28019,2788,1218,2016,8320,22,5701,3113
2016,28021,540,3708,2016,9209,122,5277,2704
2016,28023,5137,2585,2016,16203,163,11108,6182
2016,28025,4150,5722,2016,20147,257,13395,7141
2016,28027,2426,6378,2016,24804,51,15186,7415
2016,28029,6103,6741,2016,28780,831,18770,10072
2016,28031,5435,3276,2016,19503,145,12798,7512
2016,28033,43089,20591,2016,170890,8109,110504,44168
2016,28035,15461,11716,2016,76274,2344,46623,19749
2016,28037,2721,1502,2016,7818,81,5329,2868
2016,28039,8696,1027,2016,23313,545,15142,9044
2016,28041,4335,974,2016,13941,146,9956,6120
2016,28043,5970,4424,2016,21518,26,14485,7520
2016,28045,13811,3344,2016,46028,1694,31990,14093
2016,28047,40354,21169,2016,198570,10569,129834,55933
2016,28049,25275,67594,2016,244596,3716,154494,59889
2016,28051,1309,6689,2016,18547,58,11171,7386
2016,28053,1151,3071,2016,8822,237,5579,3474
2016,28055,298,395,2016,1352,8,1054,716
2016,28057,8470,1117,2016,23511,338,15655,8472
2016,28059,33629,14657,2016,140850,7756,94378,41123
2016,28061,4038,4368,2016,16538,54,11265,6135
2016,28063,490,3337,2016,7528,10,4937,2836
2016,28065,2466,3720,2016,11771,40,8174,4754
2016,28067,20133,7791,2016,68313,2891,44779,21854
2016,28069,1778,2827,2016,10128,151,6852,3632
2016,28071,10872,7969,2016,52193,1232,29500,9287
2016,28073,18751,5190,2016,59623,1468,38492,12359
2016,28075,17741,11269,2016,79233,1709,52341,23591
2016,28077,4091,2195,2016,12603,81,8429,4776
2016,28079,4782,3584,2016,23011,987,14471,8717
2016,28081,22220,10029,2016,85281,2062,55985,24292
2016,28083,3212,7787,2016,30500,761,18494,10410
2016,28085,10550,4458,2016,34691,349,22981,11852
2016,28087,13271,11819,2016,59785,1145,39356,18158
2016,28089,28265,20343,2016,101791,2806,66923,17398
2016,28091,7836,3677,2016,25810,362,17402,10339
2016,28093,6587,8023,2016,36196,1242,24478,14752
2016,28095,10167,5524,2016,36029,386,24560,13829
2016,28097,2818,2115,2016,10353,151,7013,4112
2016,28099,7679,2715,2016,29474,556,18645,10180
2016,28101,6548,2756,2016,21652,374,13819,6396
2016,28103,1200,4347,2016,11098,439,7266,4580
2016,28105,8576,8859,2016,49424,804,24909,8414
2016,28107,7449,7431,2016,34319,555,22250,12681
2016,28109,17782,3604,2016,55167,1619,37048,17306
2016,28111,4135,1220,2016,12174,156,8295,4812
2016,28113,8009,8043,2016,39939,570,25466,13669
2016,28115,10336,2386,2016,30862,1886,19928,11327
2016,28117,7648,2067,2016,25339,328,16756,9280
2016,28119,1001,2312,2016,7634,89,5029,3198
2016,28121,47178,14110,2016,147930,3765,100309,37501
2016,28123,6122,4268,2016,28268,3039,18170,11255
2016,28125,692,1479,2016,4662,18,3052,1636
2016,28127,7393,3874,2016,27279,483,18086,10400
2016,28129,5928,1617,2016,16137,43,10764,6637
2016,28131,5306,1573,2016,17995,315,11914,6330
2016,28133,2794,6725,2016,27424,434,17856,10197
2016,28135,2462,3337,2016,14776,2243,10130,6680
2016,28137,7495,3926,2016,28338,698,18225,8850
2016,28139,7240,1842,2016,22061,1050,14491,8233
2016,28141,7166,999,2016,19503,536,13650,8391
2016,28143,853,2667,2016,10407,179,6292,3312
2016,28145,9235,2012,2016,27989,1220,18531,10263
2016,28147,4056,2790,2016,14812,77,9826,6481
2016,28149,9767,9284,2016,47834,1002,31728,14425
2016,28151,5244,11380,2016,48824,670,31122,16608
2016,28153,5990,3524,2016,20517,297,13553,8411
2016,28155,3976,1019,2016,9922,137,6812,3427
2016,28157,1318,2857,2016,9233,32,6379,4452
2016,28159,4910,3850,2016,18519,211,12718,7037
2016,28161,3376,2582,2016,12380,182,8434,4943
2016,28163,4598,5369,2016,27719,1007,18571,11484
2016,29001,6030,3500,2016,25547,631,13621,6137
2016,29003,6665,2045,2016,17347,385,12005,5738
2016,29005,2060,541,2016,5380,66,3945,2018
2016,29007,6981,2570,2016,25868,743,17659,10931
2016,29009,11428,2710,2016,35716,3078,24688,14853
2016,29011,4959,795,2016,12075,285,8154,4549
2016,29013,6001,1618,2016,16513,332,11323,6693
2016,29015,7213,2025,2016,18825,340,14451,8560
2016,29017,4827,705,2016,12282,129,8594,5779
2016,29019,36200,41125,2016,172773,5494,101676,27194
2016,29021,21320,12013,2016,89415,5457,59825,29469
2016,29023,13650,3036,2016,42887,821,29211,15636
2016,29025,3232,838,2016,9057,180,6223,3359
2016,29027,13057,4989,2016,44693,877,30003,15517
2016,29029,16944,4768,2016,44152,1147,32899,15802
2016,29031,27017,8492,2016,78089,1764,50061,20866
2016,29033,3480,745,2016,9009,127,6248,3727
2016,29035,2324,436,2016,6249,138,4247,2261
2016,29037,33098,14846,2016,101324,4200,67897,28555
2016,29039,5021,1011,2016,13932,263,9669,5440
2016,29041,2950,888,2016,7615,61,5378,3316
2016,29043,30946,8508,2016,82053,2268,54396,21777
2016,29045,2458,724,2016,6860,18,4784,2722
2016,29047,57476,45304,2016,233135,15082,155930,56639
2016,29049,7067,2572,2016,20494,395,14059,6451
2016,29051,24616,10913,2016,76603,2076,51995,20856
2016,29053,5624,1932,2016,17613,281,12030,6153
2016,29055,7724,1824,2016,24545,442,16873,10401
2016,29057,3184,637,2016,7590,144,5459,3109
2016,29059,5895,1272,2016,16508,315,11363,6887
2016,29061,2767,730,2016,8257,118,5451,3162
2016,29063,3540,824,2016,12706,491,9477,5841
2016,29065,5600,978,2016,15578,235,10914,6607
2016,29067,5486,984,2016,13467,171,9663,6138
2016,29069,8026,2360,2016,31271,1930,20521,13103
2016,29071,35430,12341,2016,102063,1672,69763,32444
2016,29073,5670,1520,2016,14875,190,10646,5989
2016,29075,2304,605,2016,6745,73,4590,2489
2016,29077,78035,42728,2016,285449,9664,185485,69053
2016,29079,3462,780,2016,10231,202,6870,3611
2016,29081,2965,574,2016,8649,176,5929,3734
2016,29083,7075,2357,2016,21930,470,15554,8584
2016,29085,3542,1016,2016,9267,129,7174,4361
2016,29087,1926,347,2016,4537,9,3345,1789
2016,29089,3277,1283,2016,10148,139,6566,3268
2016,29091,13893,2881,2016,40265,788,27214,14849
2016,29093,3173,933,2016,10220,176,7259,4350
2016,29095,91557,71237,2016,683643,59377,459102,181481
2016,29097,35070,10572,2016,117376,8871,76064,37071
2016,29099,69036,31568,2016,222453,3954,151205,68941
2016,29101,13719,5930,2016,54229,2114,31046,12475
2016,29103,1416,379,2016,3997,39,2714,1562
2016,29105,12881,2553,2016,35505,798,24121,13770
2016,29107,10988,4053,2016,32789,869,22568,12143
2016,29109,13089,2901,2016,38204,2676,25512,13937
2016,29111,3344,934,2016,10146,173,6608,3912
2016,29113,18159,5575,2016,54286,1217,35324,19499
2016,29115,4088,1240,2016,12319,239,8459,5128
2016,29117,4879,1265,2016,15057,229,10682,5907
2016,29119,6599,1329,2016,22720,2597,14827,8491
2016,29121,5798,1548,2016,15399,183,10626,6053
2016,29123,4102,1005,2016,12403,104,8576,4855
2016,29125,3561,794,2016,8987,170,6367,3777
2016,29127,9419,2994,2016,28858,451,19339,9919
2016,29129,1486,216,2016,3702,47,2515,1480
2016,29131,9285,1750,2016,25011,437,17171,9981
2016,29133,3600,1458,2016,14112,268,9865,6539
2016,29135,5347,1237,2016,15840,707,10584,6361
2016,29137,3159,853,2016,8642,124,6118,3568
2016,29139,4127,1119,2016,11820,196,8298,4904
2016,29141,6760,1768,2016,20182,412,14402,9088
2016,29143,5270,1933,2016,18229,297,12554,8196
2016,29145,20553,4990,2016,58741,2926,39172,19068
2016,29147,6380,2529,2016,23026,349,12566,6116
2016,29149,3671,865,2016,10922,173,7707,4491
2016,29151,5856,998,2016,13704,102,9255,5059
2016,29153,3639,724,2016,9450,157,7070,4434
2016,29155,3964,1947,2016,17599,428,11387,7199
2016,29157,6908,1520,2016,19152,397,12956,7596
2016,29159,12810,4324,2016,42193,3482,27875,13747
2016,29161,12709,4766,2016,44833,1061,27780,12835
2016,29163,5274,1806,2016,18475,397,12757,8226
2016,29165,25933,20057,2016,94970,5332,64196,17250
2016,29167,10438,2631,2016,31113,708,19738,10014
2016,29169,9876,2922,2016,53302,5581,28651,11789
2016,29171,1936,353,2016,4877,69,3432,1774
2016,29173,3969,1138,2016,10225,131,7264,4466
2016,29175,7529,2283,2016,25081,480,17167,8688
2016,29177,7104,3090,2016,22921,527,15717,9149
2016,29179,2406,540,2016,6530,85,4745,3136
2016,29181,4522,830,2016,13936,167,9650,5969
2016,29183,121650,68626,2016,379856,11715,254000,79393
2016,29185,3501,936,2016,9444,201,7014,4384
2016,29186,5496,2542,2016,17937,183,12420,6883
2016,29187,17468,6250,2016,66230,950,46050,24814
2016,29189,202434,286704,2016,1000560,27008,687472,196554
2016,29195,5977,2789,2016,23214,2201,15127,8234
2016,29197,1505,354,2016,4396,15,2901,1597
2016,29199,1525,365,2016,4893,16,3121,1849
2016,29201,13168,3575,2016,38994,817,26422,15627
2016,29203,2966,776,2016,8256,146,5766,3437
2016,29205,2524,606,2016,6148,93,4241,2392
2016,29207,11079,1876,2016,29788,468,20830,12292
2016,29209,13158,2887,2016,31197,616,23805,12414
2016,29211,1884,526,2016,6416,1175,4444,2873
2016,29213,18276,4373,2016,53853,2892,37036,17168
2016,29215,8875,1728,2016,25690,513,17760,10888
2016,29217,6533,1707,2016,20836,425,13921,7470
2016,29219,11111,3915,2016,33290,1054,22813,11438
2016,29221,7048,1926,2016,25002,79,17250,11081
2016,29223,4658,948,2016,13341,195,9626,5944
2016,29225,12840,3177,2016,37075,696,24057,12624
2016,29227,808,195,2016,2061,33,1500,824
2016,29229,6707,1170,2016,18378,304,12416,7911
2016,29510,20832,104235,2016,316030,12216,218566,83793
2016,30001,3353,1143,2016,9317,358,6279,2414
2016,30003,1853,2094,2016,13214,691,7537,3593
2016,30005,1268,1202,2016,6609,158,4019,1598
2016,30007,2348,573,2016,5692,70,4161,1832
2016,30009,3748,1828,2016,10340,246,7863,2812
2016,30011,678,70,2016,1295,18,951,418
2016,30013,19632,12175,2016,82049,3353,55400,22004
2016,30015,1679,732,2016,5837,124,3891,1549
2016,30017,3657,1176,2016,11980,353,8317,3251
2016,30019,730,168,2016,1787,38,1315,503
2016,30021,3320,787,2016,9431,263,6517,2823
2016,30023,1763,2058,2016,9176,282,6843,3343
2016,30025,1279,154,2016,2913,50,1978,864
2016,30027,4269,1202,2016,11429,94,8398,3360
2016,30029,30240,13293,2016,94696,2417,66344,23050
2016,30031,23802,24246,2016,97958,3075,61913,14064
2016,30033,653,34,2016,1061,8,758,390
2016,30035,1620,3121,2016,13695,386,7991,3917
2016,30037,365,71,2016,730,49,573,292
2016,30039,1192,472,2016,3212,64,2443,1133
2016,30041,3478,2371,2016,16529,541,10303,3928
2016,30043,4177,1998,2016,11601,254,8437,2759
2016,30045,872,235,2016,1981,30,1554,624
2016,30047,7530,4776,2016,29311,1197,19912,7785
2016,30049,16895,14478,2016,65989,1954,46073,13641
2016,30051,698,206,2016,2292,17,1641,745
2016,30053,6729,2041,2016,19268,516,14616,6808
2016,30055,862,154,2016,1678,15,1242,633
2016,30057,3297,1180,2016,7810,235,6176,2444
2016,30059,729,193,2016,1960,38,1437,710
2016,30061,1330,519,2016,4223,56,3119,1724
2016,30063,22250,31543,2016,113101,3413,74509,20145
2016,30065,1967,332,2016,4778,127,3413,1795
2016,30067,4980,3595,2016,15843,412,11836,4440
2016,30069,278,30,2016,445,0,357,195
2016,30071,1723,318,2016,4150,90,2927,1439
2016,30073,1799,738,2016,6166,116,4194,1952
2016,30075,884,127,2016,1648,25,1266,454
2016,30077,2029,551,2016,6928,170,5335,2561
2016,30079,556,100,2016,1414,21,1012,492
2016,30081,14810,6223,2016,41130,1322,30071,12306
2016,30083,3908,671,2016,11392,566,7576,3509
2016,30085,1797,1560,2016,11230,331,6407,3456
2016,30087,2253,987,2016,9348,424,5794,2549
2016,30089,4286,1218,2016,11375,299,8598,4766
2016,30091,1241,477,2016,3645,84,2642,1049
2016,30093,6376,8619,2016,34560,1411,23436,10042
2016,30095,3661,908,2016,9342,311,6744,2749
2016,30097,1595,402,2016,3634,66,2607,1116
2016,30099,2170,808,2016,6067,86,4190,1723
2016,30101,1497,402,2016,5114,171,3648,1856
2016,30103,351,59,2016,846,42,600,257
2016,30105,2698,886,2016,7576,166,5330,2244
2016,30107,702,179,2016,2109,50,1426,815
2016,30109,463,55,2016,1143,17,834,414
2016,30111,40920,22171,2016,155344,8171,105681,40221
2016,31001,9287,3302,2016,31536,2809,20312,8297
2016,31003,2732,383,2016,6421,202,4492,1908
2016,31005,244,17,2016,437,0,280,91
2016,31007,357,19,2016,793,77,569,204
2016,31009,276,30,2016,580,0,391,145
2016,31011,2299,414,2016,5353,94,3705,1663
2016,31013,3617,965,2016,11279,1333,7528,3108
2016,31015,983,128,2016,2006,15,1464,669
2016,31017,1385,153,2016,3022,31,2288,1082
2016,31019,14569,4763,2016,48402,4085,29339,9239
2016,31021,2367,930,2016,6594,172,4712,2262
2016,31023,3079,691,2016,8205,239,5663,2700
2016,31025,8452,3484,2016,25463,746,17377,6636
2016,31027,3532,571,2016,8657,146,5882,2645
2016,31029,1648,171,2016,4061,551,2796,1133
2016,31031,2623,317,2016,5781,158,4205,1752
2016,31033,3665,711,2016,10090,663,7005,2293
2016,31035,2422,477,2016,6313,554,4333,1967
2016,31037,2171,859,2016,10499,4603,6461,3876
2016,31039,3122,719,2016,9055,870,6095,3075
2016,31041,4695,641,2016,10784,285,7519,3027
2016,31043,3616,2314,2016,20697,7824,12661,7798
2016,31045,2632,801,2016,9082,416,5468,1779
2016,31047,5984,2136,2016,23924,7822,15259,8483
2016,31049,809,120,2016,1932,120,1408,586
2016,31051,2041,556,2016,5809,702,3918,1896
2016,31053,9933,4544,2016,36679,4181,24724,11902
2016,31055,108077,113798,2016,543253,65203,351559,113526
2016,31057,823,89,2016,1823,105,1326,560
2016,31059,2130,613,2016,5676,211,4097,1906
2016,31061,1347,250,2016,3076,57,2276,1051
2016,31063,1110,161,2016,2599,28,1745,667
2016,31065,1921,304,2016,4850,168,3420,1522
2016,31067,6380,2935,2016,21778,464,15422,7083
2016,31069,869,153,2016,1930,84,1492,538
2016,31071,821,121,2016,1968,41,1411,602
2016,31073,794,166,2016,1977,11,1392,578
2016,31075,367,20,2016,647,20,460,198
2016,31077,912,210,2016,2447,48,1705,779
2016,31079,14408,6282,2016,61105,15966,39111,18658
2016,31081,3783,878,2016,9118,270,6201,2380
2016,31083,1496,254,2016,3465,150,2507,1120
2016,31085,472,30,2016,1013,58,758,276
2016,31087,1232,161,2016,2866,24,2078,947
2016,31089,4354,531,2016,10360,425,7209,3117
2016,31091,355,40,2016,669,29,541,216
2016,31093,2284,544,2016,6365,153,4457,2125
2016,31095,2399,837,2016,7354,249,5276,2626
2016,31097,1355,563,2016,5167,510,3737,1966
2016,31099,2531,550,2016,6548,349,4513,1857
2016,31101,3235,571,2016,8103,516,5923,2522
2016,31103,460,40,2016,736,8,549,246
2016,31105,1330,230,2016,3713,295,2672,1240
2016,31107,3188,720,2016,8551,222,5922,2631
2016,31109,61588,61898,2016,301707,19707,186219,53839
2016,31111,12164,2913,2016,35777,2888,24326,9270
2016,31113,400,32,2016,830,16,549,210
2016,31115,323,48,2016,542,0,402,162
2016,31117,257,14,2016,425,4,322,109
2016,31119,10628,2711,2016,35125,4994,22768,9473
2016,31121,2926,602,2016,7793,311,5439,2298
2016,31123,1802,284,2016,4843,733,3339,1504
2016,31125,1261,281,2016,3607,88,2549,1190
2016,31127,2116,785,2016,7101,178,4606,1768
2016,31129,1726,353,2016,4352,117,3196,1607
2016,31131,4860,2025,2016,15890,1137,10846,5061
2016,31133,974,279,2016,2695,50,1948,1034
2016,31135,1217,161,2016,2911,109,2063,864
2016,31137,3849,572,2016,9236,485,6301,2493
2016,31139,3052,382,2016,7179,114,4878,1964
2016,31141,10965,2646,2016,32703,5527,21282,8982
2016,31143,2028,413,2016,5242,227,3655,1388
2016,31145,4258,645,2016,10884,522,7299,3054
2016,31147,2769,818,2016,8149,147,5931,2802
2016,31149,687,70,2016,1407,10,1047,535
2016,31151,3004,1733,2016,14356,3348,8778,4425
2016,31153,45143,28033,2016,172460,14507,108936,28865
2016,31155,7555,2523,2016,20946,420,14169,5451
2016,31157,10076,3207,2016,36599,8349,24466,10389
2016,31159,5454,1875,2016,17113,390,10867,3983
2016,31161,2211,287,2016,5259,228,3728,1528
2016,31163,1150,340,2016,3090,59,2245,1123
2016,31165,616,81,2016,1274,31,898,349
2016,31167,2187,417,2016,6022,318,4023,1678
2016,31169,2051,499,2016,5163,114,3742,1661
2016,31171,344,30,2016,675,4,467,167
2016,31173,1043,919,2016,6989,327,3799,1773
2016,31175,1780,339,2016,4240,112,3025,1468
2016,31177,7424,2623,2016,20338,550,13668,4734
2016,31179,2693,835,2016,9414,512,5254,1443
2016,31181,1330,306,2016,3665,159,2586,1149
2016,31183,377,62,2016,805,0,616,282
2016,31185,4700,1186,2016,13842,648,9383,3345
2016,32001,7830,2210,2016,24148,3126,16346,7176
2016,32003,320057,402227,2016,2070153,628456,1391680,612138
2016,32005,17415,8454,2016,47426,5710,35742,11011
2016,32007,13551,3401,2016,52029,12522,32601,14435
2016,32009,329,65,2016,1069,136,785,419
2016,32011,723,74,2016,1730,8,1319,659
2016,32013,4521,1386,2016,17091,4419,10793,5606
2016,32015,1828,403,2016,5907,1533,3751,2001
2016,32017,1671,285,2016,5155,442,3535,1571
2016,32019,16005,6146,2016,51897,8197,36600,17285
2016,32021,1179,637,2016,4519,586,3368,1575
2016,32023,13324,5094,2016,43198,6110,32804,16989
2016,32027,1403,430,2016,6690,1580,5013,2849
2016,32029,1616,752,2016,3941,244,3217,1106
2016,32031,94758,97379,2016,439914,103468,299065,110165
2016,32033,2723,707,2016,9893,1486,6966,3657
2016,32510,13125,9610,2016,54412,12474,38540,15886
2016,33001,19315,13517,2016,60392,953,44280,17014
2016,33003,14635,12987,2016,47416,645,36385,13424
2016,33005,16876,22064,2016,76320,1289,52514,21331
2016,33007,7952,6563,2016,32219,537,24695,12672
2016,33009,19010,28510,2016,89164,1936,61876,22335
2016,33011,100013,99589,2016,404948,24490,281112,100001
2016,33013,37674,40198,2016,147715,2810,103791,36183
2016,33015,90447,79994,2016,300365,7546,215076,67582
2016,33017,29072,34894,2016,125913,2691,81175,28810
2016,33019,10796,10210,2016,43051,603,31440,14294
2016,34001,52690,60924,2016,274026,50170,187290,88872
2016,34003,175529,231211,2016,930310,171201,653207,208786
2016,34005,89272,121725,2016,450236,33575,312858,113427
2016,34007,72631,146717,2016,511145,80127,347104,148787
2016,34009,28446,18750,2016,95404,6836,70266,30756
2016,34011,24453,27771,2016,155744,45376,104849,65022
2016,34013,63176,240837,2016,792586,174414,526945,230877
2016,34015,67544,66870,2016,291286,16238,197574,83685
2016,34017,49043,163917,2016,668526,287817,470945,201450
2016,34019,38712,28898,2016,125708,7530,88335,24506
2016,34021,46193,104775,2016,371101,60982,247879,93058
2016,34023,122953,193044,2016,831852,166115,566559,210333
2016,34025,166723,137181,2016,627532,65243,434984,140993
2016,34027,126071,115249,2016,498215,63251,346314,96012
2016,34029,179079,87150,2016,586166,52014,404208,179236
2016,34031,72902,116759,2016,507204,202234,332386,171827
2016,34033,16381,11904,2016,64504,5092,44731,23228
2016,34035,65505,85689,2016,331686,46906,228768,61961
2016,34037,46658,24212,2016,144694,10480,101456,37833
2016,34039,68114,147414,2016,550436,165481,371007,162149
2016,34041,29858,17281,2016,107095,8749,74882,31821
2016,35001,94698,143417,2016,674777,331567,455336,161644
2016,35003,1464,427,2016,3547,684,2920,1321
2016,35005,12872,5534,2016,65610,36047,41113,19979
2016,35006,3195,3741,2016,27373,10364,18094,9668
2016,35007,2585,2129,2016,12716,6226,9362,4255
2016,35009,9035,3121,2016,50544,20405,30721,13325
2016,35011,620,193,2016,1977,942,1488,784
2016,35013,25374,37947,2016,213825,143707,127632,55300
2016,35015,13147,5033,2016,56369,26318,36493,18749
2016,35017,5288,6276,2016,28879,14311,20511,8254
2016,35019,595,970,2016,4469,3462,3284,2094
2016,35021,311,156,2016,565,237,454,226
2016,35023,910,784,2016,4531,2592,3069,1620
2016,35025,12495,3930,2016,68930,38493,41228,24117
2016,35027,5896,2331,2016,19726,6217,14974,5582
2016,35028,3359,5562,2016,17895,3002,12720,1786
2016,35029,3478,3195,2016,24627,16011,15743,9989
2016,35031,5104,13576,2016,74346,10214,43490,25956
2016,35033,665,1536,2016,4598,3674,3012,1574
2016,35035,11887,6124,2016,65333,24037,42385,19014
2016,35037,2212,1017,2016,8555,3792,5943,3229
2016,35039,3599,9592,2016,39924,28509,26836,13094
2016,35041,3884,1454,2016,19618,7957,11118,5196
2016,35043,25905,27707,2016,138117,51452,92821,31920
2016,35045,27946,12865,2016,122537,24234,78121,37396
2016,35047,2313,7285,2016,28350,21999,19311,9192
2016,35049,14332,50793,2016,147320,75265,107601,36281
2016,35051,3010,1612,2016,11442,3387,8948,4416
2016,35053,2616,3313,2016,17324,8562,10697,5691
2016,35055,2727,10668,2016,32961,18647,24193,9291
2016,35057,3714,1785,2016,15599,6430,10890,5409
2016,35059,1216,320,2016,4292,1753,3065,1782
2016,35061,13215,10841,2016,75993,45334,50347,25694
2016,36001,47810,83077,2016,307891,17098,204003,67291
2016,36003,12525,4882,2016,47700,740,30449,14843
2016,36005,37797,353646,2016,1436785,796193,905151,509196
2016,36007,40943,39212,2016,197381,7614,130537,54368
2016,36009,19692,9497,2016,78506,1530,53233,27732
2016,36011,17384,13522,2016,78783,2120,55396,25238
2016,36013,31594,19091,2016,131748,9288,90235,42956
2016,36015,20097,13757,2016,87742,2579,60379,26972
2016,36017,11921,6775,2016,49286,1024,34728,17985
2016,36019,14449,15059,2016,81505,2233,55217,27144
2016,36021,13756,15284,2016,61860,2679,45731,19290
2016,36023,9900,8771,2016,48713,1250,30566,13232
2016,36025,11942,6627,2016,46480,1663,32976,16604
2016,36027,61797,62261,2016,295905,33945,202687,73887
2016,36029,188303,215456,2016,922129,46752,637800,238529
2016,36031,7958,7762,2016,38598,1187,29016,13135
2016,36033,8221,7297,2016,51007,1681,35796,18161
2016,36035,13462,6496,2016,54297,1485,38699,19329
2016,36037,16915,7650,2016,59053,1772,41449,18631
2016,36039,13073,7405,2016,48069,2608,35014,17770
2016,36041,2064,949,2016,4697,66,3575,1589
2016,36043,16699,8083,2016,63558,1246,44238,20033
2016,36045,21763,13809,2016,117966,8359,73692,32314
2016,36047,141044,640553,2016,2606852,506102,1753695,803495
2016,36049,7400,3146,2016,27107,445,18490,10301
2016,36051,17290,10697,2016,64622,2158,42621,19118
2016,36053,15936,11667,2016,72089,1468,47606,20654
2016,36055,136582,188592,2016,749236,60840,507237,172938
2016,36057,11301,6595,2016,49667,6239,34243,17948
2016,36059,288313,326088,2016,1356801,218178,934765,307157
2016,36061,64929,579013,2016,1634989,423526,1237623,316163
2016,36063,51961,35559,2016,213374,5555,150231,66091
2016,36065,51437,33743,2016,232858,12140,159946,72573
2016,36067,83649,112337,2016,468050,21351,315056,111370
2016,36069,26029,22233,2016,109450,4643,76016,27176
2016,36071,76645,68278,2016,376242,72877,238224,96322
2016,36073,10936,4470,2016,41938,1946,29695,15789
2016,36075,27688,17095,2016,120513,2869,80149,41986
2016,36077,13308,10451,2016,60979,2111,39869,17024
2016,36079,27024,19366,2016,99408,13066,69769,23909
2016,36081,149341,517220,2016,2310011,647005,1630963,760281
2016,36083,33726,32717,2016,159959,7182,110059,41058
2016,36085,101437,74143,2016,473324,85119,324340,138060
2016,36087,60911,69342,2016,322642,54700,202987,71395
2016,36089,19942,16488,2016,111529,2495,72141,34552
2016,36091,54575,50913,2016,224929,6431,158211,49571
2016,36093,28953,33747,2016,154845,10165,106136,41842
2016,36095,8831,4240,2016,31667,943,22026,10900
2016,36097,5050,3091,2016,18336,316,13277,6625
2016,36099,7236,5697,2016,35036,1124,24924,12486
2016,36101,26831,12526,2016,98151,1534,68291,32546
2016,36103,350570,303951,2016,1498130,272306,1024860,398222
2016,36105,15931,12568,2016,75818,11358,53020,25013
2016,36107,13260,7526,2016,49649,842,34981,15743
2016,36109,10371,28890,2016,104268,4926,59666,15162
2016,36111,34006,42101,2016,180505,17382,129015,52194
2016,36113,15751,13091,2016,64911,1439,47419,20032
2016,36115,13610,9098,2016,62465,1581,44794,22868
2016,36117,23380,13473,2016,91874,3772,63894,29466
2016,36119,131238,272926,2016,969229,228843,661283,212357
2016,36121,12442,3904,2016,41239,1322,29560,15692
2016,36123,5660,3659,2016,25106,518,16434,8038
2016,37001,38815,29833,2016,156372,18879,105035,45625
2016,37003,13893,3767,2016,37211,1662,26287,15517
2016,37005,3814,1306,2016,10868,1014,8022,4111
2016,37007,4506,5859,2016,25883,940,18180,11036
2016,37009,9412,3500,2016,26992,1382,20231,9747
2016,37011,6298,1689,2016,17633,884,13135,6672
2016,37013,14543,8764,2016,47513,3553,33861,16331
2016,37015,3456,5778,2016,20324,394,14946,9458
2016,37017,8550,7058,2016,34454,2580,24247,12972
2016,37019,42720,23282,2016,119167,5640,91995,36353
2016,37021,55716,75452,2016,250112,15738,181217,62641
2016,37023,26238,11251,2016,89082,5170,63189,31866
2016,37025,53819,35521,2016,192296,18877,126364,47177
2016,37027,26621,8425,2016,81623,3998,57994,31480
2016,37029,3546,1274,2016,10228,271,7029,2823
2016,37031,26569,9939,2016,68537,2850,51177,18749
2016,37033,6026,4792,2016,23094,823,16896,9857
2016,37035,48324,21216,2016,155461,13956,106667,50237
2016,37037,17105,21065,2016,68778,8500,50607,17643
2016,37039,10844,2860,2016,27226,780,20675,10256
2016,37041,4014,2992,2016,14556,496,10580,5299
2016,37043,4437,1367,2016,10730,338,8070,3602
2016,37045,28479,14964,2016,97113,3113,66196,33892
2016,37047,14272,9063,2016,57015,2825,39320,20457
2016,37049,27731,17630,2016,104190,7293,67479,26703
2016,37051,51265,71605,2016,325841,35520,201229,71311
2016,37053,9163,2913,2016,24864,891,17586,7353
2016,37055,11460,7222,2016,35187,2437,26002,8338
2016,37057,54317,18109,2016,164058,10989,114042,58310
2016,37059,15602,5270,2016,41568,2667,29431,13408
2016,37061,12217,8283,2016,59121,12603,39458,23242
2016,37063,28350,121250,2016,294618,39257,198989,59028
2016,37065,8261,16224,2016,54669,2252,37030,21845
2016,37067,75975,94464,2016,364691,45145,242327,90675
2016,37069,16368,12874,2016,62989,4969,43150,20281
2016,37071,61798,31177,2016,211753,13527,144794,67747
2016,37073,2874,2385,2016,11615,139,8245,4285
2016,37075,3283,768,2016,8651,259,6004,3389
2016,37077,13591,12909,2016,58341,4365,40513,20132
2016,37079,4374,3605,2016,21241,3124,14865,8402
2016,37081,98062,149248,2016,511815,38767,339288,122576
2016,37083,9031,15748,2016,52849,1370,36756,21786
2016,37085,27614,16737,2016,126620,15035,80278,36522
2016,37087,18929,10473,2016,59577,2153,44393,18472
2016,37089,35809,19827,2016,110905,10806,81797,30639
2016,37091,3099,6910,2016,24285,807,16827,8861
2016,37093,7760,9726,2016,51853,6541,32562,14336
2016,37095,1288,965,2016,5629,326,4069,2457
2016,37097,54754,24734,2016,167493,12130,113529,46928
2016,37099,9870,7713,2016,41227,2220,26312,10524
2016,37101,54372,28362,2016,182155,23824,119442,54044
2016,37103,2974,2065,2016,10074,422,7453,3563
2016,37105,13712,10469,2016,59540,11418,39503,17797
2016,37107,13613,12634,2016,58343,4227,40257,20620
2016,37109,28806,9897,2016,79783,5628,55973,26592
2016,37111,14568,4667,2016,45013,2619,32087,16930
2016,37113,12127,4876,2016,33991,2246,25339,10860
2016,37115,6783,3926,2016,21130,509,14943,7188
2016,37117,5897,5846,2016,23510,824,16797,8801
2016,37119,155518,294562,2016,1011774,127614,669789,192954
2016,37121,6282,1596,2016,15263,719,11286,5752
2016,37123,7130,4150,2016,27475,4144,19275,10735
2016,37125,30490,16329,2016,93070,5786,67105,23241
2016,37127,23319,23235,2016,94385,6163,64449,31982
2016,37129,55344,50979,2016,216430,11574,146747,43876
2016,37131,3582,6144,2016,20628,413,15083,9038
2016,37133,37122,17514,2016,185755,21908,99874,37929
2016,37135,18557,59923,2016,139807,11545,85572,19385
2016,37137,4258,2448,2016,12892,453,9832,4366
2016,37139,8180,8615,2016,39909,1864,26667,12428
2016,37141,17639,9354,2016,56358,3625,39475,17570
2016,37143,4177,2319,2016,13470,329,10020,5060
2016,37145,11185,7833,2016,39196,1605,27539,14515
2016,37147,35691,41824,2016,175150,10375,103759,37449
2016,37149,6768,3735,2016,20324,1149,15498,5792
2016,37151,49430,13194,2016,142588,15468,97483,53185
2016,37153,10383,8501,2016,45710,2796,30690,16807
2016,37155,20762,19016,2016,134576,11213,85168,49449
2016,37157,26830,14228,2016,91898,5419,65420,35996
2016,37159,42810,19400,2016,138694,11191,94810,46756
2016,37161,21871,7512,2016,66701,2680,47393,24111
2016,37163,14838,10547,2016,63713,11627,42520,24566
2016,37165,6256,7319,2016,35711,977,23654,13195
2016,37167,21964,7094,2016,60610,2345,41814,20550
2016,37169,17116,4665,2016,46453,1299,33618,19187
2016,37171,23671,7488,2016,72767,7222,50839,27069
2016,37173,3565,2196,2016,14234,673,9749,5122
2016,37175,10520,6558,2016,33062,1024,24839,9971
2016,37177,975,720,2016,4128,424,3118,2068
2016,37179,66707,34337,2016,217614,23393,137190,49153
2016,37181,7332,12229,2016,44508,3179,29683,17805
2016,37183,196082,302736,2016,998576,98800,656256,156662
2016,37185,3214,6413,2016,20324,793,14437,8106
2016,37187,2564,3510,2016,12503,611,8641,5048
2016,37189,13697,14138,2016,52745,1799,29439,9695
2016,37191,27540,21770,2016,124447,13625,81949,38026
2016,37193,23752,6638,2016,68888,4071,48877,27402
2016,37195,17531,19663,2016,81617,8029,55015,29331
2016,37197,13880,3160,2016,37819,4010,26459,14904
2016,37199,6385,3196,2016,17599,857,12972,6617
2016,38001,909,216,2016,2348,20,1682,640
2016,38003,3160,1597,2016,11033,202,7712,3224
2016,38005,929,842,2016,6802,166,3861,1830
2016,38007,495,59,2016,936,30,687,294
2016,38009,2494,736,2016,6650,141,4653,1920
2016,38011,1446,227,2016,3238,154,2215,949
2016,38013,895,119,2016,2239,79,1519,602
2016,38015,32532,10881,2016,90560,1791,60830,18431
2016,38017,39816,31361,2016,166852,4018,103797,27275
2016,38019,1357,476,2016,3867,50,2822,1054
2016,38021,1667,554,2016,5160,172,3531,1398
2016,38023,867,245,2016,2369,8,1781,813
2016,38025,1771,358,2016,4284,122,2957,1225
2016,38027,791,355,2016,2370,43,1693,704
2016,38029,1677,215,2016,3426,0,2473,1280
2016,38031,1241,347,2016,3345,39,2390,952
2016,38033,796,99,2016,1895,34,1237,399
2016,38035,16340,10851,2016,69793,2656,40330,12686
2016,38037,1108,185,2016,2369,15,1816,880
2016,38039,847,298,2016,2311,10,1732,782
2016,38041,1050,168,2016,2639,73,1951,940
2016,38043,1111,179,2016,2419,123,1782,798
2016,38045,1481,502,2016,4111,36,2952,1303
2016,38047,888,114,2016,1939,29,1456,833
2016,38049,2050,490,2016,5912,142,4101,1835
2016,38051,1100,235,2016,2737,42,2123,1057
2016,38053,3670,698,2016,10718,663,6485,2513
2016,38055,3860,1081,2016,9576,215,6972,3066
2016,38057,3759,621,2016,8671,210,6137,2373
2016,38059,11336,3080,2016,29633,710,20665,8087
2016,38061,2582,1220,2016,9675,620,6137,2309
2016,38063,1025,536,2016,3032,73,2312,943
2016,38065,830,119,2016,1768,28,1282,572
2016,38067,2208,681,2016,7136,234,5189,2399
2016,38069,1437,431,2016,4373,35,3169,1492
2016,38071,3217,1505,2016,11578,269,7948,3212
2016,38073,1210,838,2016,5457,93,3852,1796
2016,38075,993,201,2016,2573,97,1722,669
2016,38077,4767,2064,2016,16329,411,10478,3946
2016,38079,1217,2099,2016,14607,53,8240,3160
2016,38081,1088,694,2016,3889,115,2780,1100
2016,38083,650,95,2016,1395,15,1088,540
2016,38085,260,758,2016,4431,163,2306,1071
2016,38087,362,43,2016,665,2,508,199
2016,38089,9755,1753,2016,29837,1498,19510,7828
2016,38091,538,361,2016,1969,42,1451,519
2016,38093,6718,2498,2016,21108,450,14564,6485
2016,38095,733,305,2016,2292,53,1630,668
2016,38097,2265,1241,2016,8075,255,5462,1858
2016,38099,2995,1167,2016,10995,1183,7686,3825
2016,38101,18636,5806,2016,68954,3597,42320,15475
2016,38103,1796,419,2016,4179,37,3137,1513
2016,38105,10069,1735,2016,31643,1681,20494,7398
2016,39001,8659,2326,2016,28111,147,19106,12886
2016,39003,30487,13294,2016,104664,2874,69294,34351
2016,39005,17493,5740,2016,53343,630,35233,19618
2016,39007,23318,15577,2016,99175,3843,68800,40527
2016,39009,11354,16370,2016,65103,1191,35638,15394
2016,39011,18658,3980,2016,45871,656,30993,16055
2016,39013,21108,8785,2016,69228,573,50793,26665
2016,39015,14573,4353,2016,44059,360,30392,18991
2016,39017,106976,58642,2016,373638,16338,237812,103726
2016,39019,9254,3154,2016,28108,329,20017,12158
2016,39021,12631,4594,2016,39175,583,26605,14961
2016,39023,35205,23328,2016,136175,4222,92888,46380
2016,39025,67518,26715,2016,201092,3460,136065,59745
2016,39027,13838,4066,2016,41854,661,27753,14918
2016,39029,31676,12432,2016,105230,1560,75173,43406
2016,39031,10785,4013,2016,36665,342,25192,16011
2016,39033,13611,4625,2016,42485,603,29720,17026
2016,39035,184211,398271,2016,1258710,68117,871903,346755
2016,39037,20012,4470,2016,52185,743,35498,21163
2016,39039,11688,5368,2016,38488,3661,25881,14167
2016,39041,57568,40872,2016,188996,4546,122837,29349
2016,39043,19648,16057,2016,75808,3050,53707,25600
2016,39045,44314,24881,2016,150163,2987,100589,42337
2016,39047,7995,2739,2016,28719,539,19699,12217
2016,39049,199331,351198,2016,1232118,62758,812175,281160
2016,39051,13709,6069,2016,42466,3502,28535,14705
2016,39053,9822,2628,2016,30376,368,20590,12329
2016,39055,30227,17569,2016,94020,1217,63739,22907
2016,39057,48540,28943,2016,164325,4308,109074,35561
2016,39059,11445,4359,2016,39478,427,27290,15790
2016,39061,173665,215719,2016,805965,23300,539750,199236
2016,39063,24183,9609,2016,75672,3835,51192,22465
2016,39065,8717,2920,2016,31652,472,19340,11491
2016,39067,5098,1688,2016,15521,131,11153,6838
2016,39069,9301,3756,2016,27890,2037,19062,10106
2016,39071,14020,3773,2016,43109,384,29250,17336
2016,39073,8497,3775,2016,28690,245,19914,11332
2016,39075,8720,1788,2016,43702,392,24892,19377
2016,39077,16226,7192,2016,58704,3528,39230,23276
2016,39079,9949,3226,2016,32717,316,22233,13002
2016,39081,21117,9675,2016,67607,900,47810,25029
2016,39083,19131,8171,2016,60878,855,39526,20362
2016,39085,64255,46397,2016,229266,9018,163400,67823
2016,39087,18689,6974,2016,61503,541,42820,23970
2016,39089,51241,27376,2016,169762,2820,113951,52398
2016,39091,15957,4647,2016,45388,637,31017,18484
2016,39093,66818,66949,2016,304091,28288,207879,89456
2016,39095,75698,110833,2016,434800,29012,290221,120783
2016,39097,11631,4779,2016,43537,741,30727,16976
2016,39099,53616,57381,2016,233015,12442,164692,78754
2016,39101,16961,7928,2016,65620,1605,46162,26104
2016,39103,54810,32182,2016,175543,3288,120879,46208
2016,39105,7309,2260,2016,23345,130,16515,9783
2016,39107,17506,3384,2016,40886,718,27115,15194
2016,39109,37079,13120,2016,103864,1574,71649,33640
2016,39111,4868,1662,2016,14442,72,10470,6659
2016,39113,123909,122016,2016,532761,13960,362549,140456
2016,39115,4431,1736,2016,14857,118,10417,6142
2016,39117,11948,3761,2016,35032,491,23736,14105
2016,39119,24056,11123,2016,85991,844,58097,31902
2016,39121,4549,1221,2016,14429,114,10719,7050
2016,39123,12653,8285,2016,40981,1971,30239,13724
2016,39125,6500,2093,2016,19057,867,13115,7799
2016,39127,10228,4138,2016,35947,268,24171,14591
2016,39129,17076,6529,2016,56804,755,38985,21907
2016,39131,7902,3539,2016,28298,266,19226,12020
2016,39133,39971,32397,2016,161796,2595,103493,46897
2016,39135,15446,4325,2016,41561,302,28699,16078
2016,39137,14961,2922,2016,34116,2013,22548,11155
2016,39139,36590,16085,2016,121888,2078,84981,45623
2016,39141,18652,10356,2016,77193,890,54241,31383
2016,39143,16316,9929,2016,59870,5711,41173,21813
2016,39145,20550,9132,2016,77366,964,53122,30019
2016,39147,14825,7404,2016,55711,2684,37039,20267
2016,39149,18590,4243,2016,48949,722,32301,17038
2016,39151,98388,68146,2016,374762,6939,258785,122811
2016,39153,112026,134256,2016,541372,10170,375132,154383
2016,39155,49024,43014,2016,204908,3311,145249,81813
2016,39157,26918,12188,2016,92579,2175,64053,38741
2016,39159,18096,7718,2016,53955,818,35863,15677
2016,39161,10469,2697,2016,28501,823,19492,10931
2016,39163,3883,1351,2016,13128,28,9018,5905
2016,39165,77643,33730,2016,222184,5630,147940,49121
2016,39167,20514,8026,2016,61154,620,43337,22142
2016,39169,32270,15031,2016,115747,2081,75672,41699
2016,39171,11939,4358,2016,37270,1507,25769,14541
2016,39173,32498,27318,2016,129418,6761,79630,29726
2016,39175,7468,2515,2016,22359,580,15415,8896
2016,40001,4787,1382,2016,22161,1362,14239,9040
2016,40003,1933,216,2016,5784,289,4286,2208
2016,40005,4084,795,2016,13847,471,9575,5630
2016,40007,1993,176,2016,5479,1191,3636,1949
2016,40009,6308,960,2016,23290,3215,15315,8469
2016,40011,2884,711,2016,9777,938,6965,3694
2016,40013,10478,2804,2016,44529,2462,29488,14185
2016,40015,6482,2420,2016,29510,3451,19473,10808
2016,40017,39986,11674,2016,129571,10250,85210,32184
2016,40019,13752,4002,2016,48530,3181,32200,16574
2016,40021,9994,5456,2016,48267,3238,29926,13862
2016,40023,4206,1067,2016,15051,572,10267,6069
2016,40025,963,71,2016,2269,476,1598,852
2016,40027,62538,38829,2016,271818,21658,170573,58292
2016,40029,1898,411,2016,5755,228,3880,2212
2016,40031,19183,11463,2016,124583,15486,77549,34120
2016,40033,2054,424,2016,6062,429,4163,2204
2016,40035,4283,1252,2016,14683,480,10264,5616
2016,40037,21575,5841,2016,70931,2631,47999,26261
2016,40039,7826,2104,2016,29248,4887,17003,7911
2016,40041,11826,3311,2016,41433,1458,29661,15541
2016,40043,1965,222,2016,4862,309,3219,1726
2016,40045,1611,155,2016,4123,303,2849,1373
2016,40047,16009,4397,2016,62481,7055,40732,20025
2016,40049,8253,1855,2016,27570,2117,18421,10810
2016,40051,17316,3882,2016,53955,2897,36156,18639
2016,40053,1827,288,2016,4497,202,3155,1390
2016,40055,1482,323,2016,6081,654,4311,2228
2016,40057,715,225,2016,2813,768,1917,952
2016,40059,1318,134,2016,3785,799,2516,1351
2016,40061,3701,882,2016,12835,500,8735,5135
2016,40063,3388,961,2016,13727,652,9639,5825
2016,40065,5969,1473,2016,25864,5918,16474,7269
2016,40067,1910,365,2016,6280,598,4282,2494
2016,40069,3093,786,2016,11027,519,7468,4159
2016,40071,12172,3738,2016,45398,3305,29914,13865
2016,40073,5156,786,2016,15392,2290,10026,4760
2016,40075,2596,767,2016,9239,1000,6414,3381
2016,40077,3100,797,2016,10643,349,7103,3595
2016,40079,13362,3250,2016,49885,3380,33529,19784
2016,40081,10854,2430,2016,34640,1061,23440,12579
2016,40083,13633,4248,2016,45171,2512,30101,12903
2016,40085,2922,735,2016,9768,1402,6456,3888
2016,40087,13169,2894,2016,37222,2842,24583,11418
2016,40089,8656,1802,2016,33071,1833,21731,13077
2016,40091,5505,2123,2016,20161,509,14666,8209
2016,40093,2948,310,2016,7721,702,5210,2780
2016,40095,4206,1096,2016,16079,2647,10999,5996
2016,40097,11555,3423,2016,40923,1300,27504,14332
2016,40099,4175,1087,2016,13792,795,9514,5248
2016,40101,15043,7977,2016,69939,4006,46411,23370
2016,40103,3715,901,2016,11470,378,7834,3658
2016,40105,3321,742,2016,10510,300,7228,4171
2016,40107,2800,943,2016,12212,468,8270,4842
2016,40109,141569,112813,2016,764698,125150,495713,192661
2016,40111,8944,4385,2016,39322,1443,25923,12799
2016,40113,12577,5597,2016,47923,1570,33387,17875
2016,40115,7631,2584,2016,32022,1677,20815,10897
2016,40117,4729,1344,2016,16444,447,11225,6224
2016,40119,16651,8788,2016,79953,3571,42694,15036
2016,40121,12753,3711,2016,44643,2059,31143,15689
2016,40123,10431,3637,2016,38213,1866,24576,11166
2016,40125,17848,6015,2016,71551,3402,46853,22927
2016,40127,3581,748,2016,11149,357,7896,4499
2016,40129,1547,151,2016,3732,242,2491,1160
2016,40131,30913,7902,2016,89970,3779,59768,24878
2016,40133,5613,2071,2016,25403,1154,16627,8644
2016,40135,10888,3061,2016,41344,1549,28049,15941
2016,40137,14182,3086,2016,44631,3125,30468,16181
2016,40139,4621,858,2016,21499,9683,13083,7560
2016,40141,1944,657,2016,7611,1929,5137,3009
2016,40143,144258,87847,2016,629823,74451,410633,151955
2016,40145,23005,6723,2016,76190,4170,50989,23038
2016,40147,15825,5048,2016,51892,2932,35459,15723
2016,40149,3854,588,2016,11626,1101,7735,4091
2016,40151,2947,522,2016,9125,578,5713,2600
2016,40153,6347,873,2016,21111,2509,13824,7022
2016,41001,6218,1797,2016,16030,615,11808,4864
2016,41003,13445,29193,2016,87455,6100,52728,10192
2016,41005,88392,102095,2016,394967,32503,275392,80288
2016,41007,8138,9252,2016,37660,3074,27112,9126
2016,41009,13217,10167,2016,49645,2301,35024,14775
2016,41011,17865,10448,2016,62944,3910,46614,20278
2016,41013,8511,2637,2016,21334,1588,15879,7750
2016,41015,7212,4300,2016,22364,1457,17756,6739
2016,41017,45692,42444,2016,170813,13029,122101,37383
2016,41019,34582,14096,2016,107375,5649,78692,34084
2016,41021,671,239,2016,1913,186,1337,640
2016,41023,3210,739,2016,7227,253,5491,2316
2016,41025,2912,683,2016,7214,356,5155,2365
2016,41027,3272,6510,2016,22842,7046,15336,6833
2016,41029,53870,44447,2016,210916,25058,149411,57033
2016,41031,5483,2980,2016,22305,4421,15059,6887
2016,41033,26923,13453,2016,84063,5850,61626,26847
2016,41035,20435,7210,2016,65946,7823,45833,19760
2016,41037,3022,639,2016,7799,592,5837,2887
2016,41039,67141,102753,2016,360273,29403,244078,81995
2016,41041,10039,12501,2016,46685,4028,35587,14423
2016,41043,33488,17995,2016,119862,10054,82255,33544
2016,41045,7194,2246,2016,30474,10015,19837,9899
2016,41047,63377,57788,2016,326527,83659,212044,89106
2016,41049,2721,1017,2016,11207,3886,7030,4182
2016,41051,67954,292561,2016,778193,86579,557727,150444
2016,41053,18940,16420,2016,78470,10232,50046,17441
2016,41055,732,202,2016,1705,87,1308,556
2016,41057,6538,5768,2016,25552,2573,18934,8303
2016,41059,17059,7673,2016,76582,19596,49500,22956
2016,41061,8431,3249,2016,25758,1131,17088,7005
2016,41063,2848,1116,2016,6836,174,5316,2087
2016,41065,5833,4781,2016,25657,4289,17800,7857
2016,41067,83197,153251,2016,564088,91495,380395,105582
2016,41069,591,155,2016,1369,26,1144,531
2016,41071,23250,19301,2016,102217,15768,67506,27060
2016,42001,31423,14219,2016,101759,6721,70701,38230
2016,42003,259480,367617,2016,1230360,23255,880163,308541
2016,42005,23484,7178,2016,67512,456,49477,29556
2016,42007,48167,32531,2016,169205,2409,122503,57797
2016,42009,19552,3645,2016,48852,545,35306,22646
2016,42011,96626,78437,2016,414097,77946,278049,146076
2016,42013,39135,13958,2016,125917,1430,88815,51030
2016,42015,18141,6369,2016,61808,886,43610,25910
2016,42017,164361,167060,2016,626220,30399,442193,161871
2016,42019,64428,28584,2016,185974,2440,130462,53055
2016,42021,42258,18867,2016,137762,2102,98242,54093
2016,42023,1589,531,2016,4807,39,3632,2132
2016,42025,18743,8936,2016,64330,2616,47165,27110
2016,42027,35274,37088,2016,159178,4390,93781,35490
2016,42029,116114,141682,2016,512028,36161,344791,101797
2016,42031,12576,4273,2016,38939,301,26119,15039
2016,42033,24932,8200,2016,81170,2309,59324,37759
2016,42035,10022,4744,2016,39536,537,25045,14620
2016,42037,18004,8934,2016,66772,1685,43723,24328
2016,42039,24987,10971,2016,87027,1017,59938,33897
2016,42041,69076,47085,2016,243838,8282,169530,72084
2016,42043,60863,64706,2016,271962,22415,187723,84316
2016,42045,110667,177402,2016,562316,19528,377935,148060
2016,42047,10025,3853,2016,31111,223,22764,13030
2016,42049,60069,58112,2016,279133,10844,187749,91492
2016,42051,34590,17946,2016,134229,1385,97484,61451
2016,42053,1683,626,2016,7493,565,6495,4797
2016,42055,49768,17465,2016,152707,7724,105687,59803
2016,42057,5694,912,2016,14653,158,10406,6806
2016,42059,10849,4482,2016,37669,536,26768,16324
2016,42061,14494,4539,2016,45844,853,32701,20456
2016,42063,24888,11528,2016,87491,1106,56145,30942
2016,42065,15192,3650,2016,44575,363,31541,19619
2016,42067,8273,1821,2016,24811,766,17397,12007
2016,42069,48384,51983,2016,213006,13462,149770,71260
2016,42071,137914,91093,2016,533110,52083,354397,186949
2016,42073,25428,14009,2016,88528,1103,63036,34549
2016,42075,40525,18953,2016,136950,16007,93706,53685
2016,42077,73690,81324,2016,358792,78318,243937,110419
2016,42079,78688,52451,2016,318917,29797,226781,113538
2016,42081,35627,13020,2016,116313,2075,80680,41433
2016,42083,11635,4025,2016,42609,887,30138,17579
2016,42085,31544,18733,2016,114598,1514,79922,43658
2016,42087,14094,3877,2016,46585,633,32676,22246
2016,42089,33386,33918,2016,167126,24474,113238,53135
2016,42091,162731,256082,2016,815876,38600,570837,175011
2016,42093,5288,2857,2016,18404,441,13364,6901
2016,42095,71736,66272,2016,300520,36294,208317,93149
2016,42097,25427,9788,2016,93590,2852,67943,43757
2016,42099,15616,4632,2016,45647,769,32017,18559
2016,42101,108748,584025,2016,1559938,214770,1035252,526934
2016,42103,16056,9256,2016,56210,5657,40619,17948
2016,42105,6251,1302,2016,17239,207,12320,7437
2016,42107,44001,16770,2016,145503,5219,106162,63477
2016,42109,11725,4002,2016,40246,864,26610,16656
2016,42111,27379,7376,2016,76201,1021,56543,35062
2016,42113,2291,750,2016,6302,109,4919,2959
2016,42115,12891,5123,2016,41832,713,30528,17608
2016,42117,13614,3901,2016,42031,523,29331,16140
2016,42119,10622,6180,2016,45178,2572,30738,17146
2016,42121,16021,6309,2016,53460,567,38606,23303
2016,42123,12477,5145,2016,40649,406,29618,16404
2016,42125,61386,36322,2016,208269,3133,148646,69993
2016,42127,16244,7008,2016,51307,2080,38551,20523
2016,42129,116522,59669,2016,359377,3825,263051,119694
2016,42131,8837,3811,2016,27975,498,19704,11078
2016,42133,128528,68524,2016,440604,29299,304525,158581
2016,44001,8965,14609,2016,49228,1252,34149,10418
2016,44003,38336,37788,2016,164886,6742,120588,44711
2016,44005,15077,22851,2016,82714,4408,59418,17687
2016,44007,90882,142899,2016,631344,132321,425325,197340
2016,44009,27230,33741,2016,126319,3652,85228,25050
2016,45001,6763,3741,2016,24951,326,17077,9716
2016,45003,46025,25455,2016,165146,8925,114311,52004
2016,45005,789,2735,2016,9589,289,6624,4379
2016,45007,56232,21097,2016,192709,6550,131561,63107
2016,45009,2204,3898,2016,15057,167,9866,5034
2016,45011,4889,4400,2016,21917,490,14349,8002
2016,45013,42922,32138,2016,175316,19775,124061,37586
2016,45015,44587,30705,2016,199081,12126,130343,55167
2016,45017,3787,3573,2016,14886,521,10715,5865
2016,45019,75443,89299,2016,380673,19072,266019,83729
2016,45021,15167,6092,2016,56274,2269,37210,21652
2016,45023,7265,6579,2016,32435,588,22206,12773
2016,45025,9312,6858,2016,46083,1885,31421,20252
2016,45027,7386,7732,2016,34056,1001,23639,13467
2016,45029,9091,7627,2016,37884,1123,26062,14114
2016,45031,14989,13888,2016,67689,1247,45884,25227
2016,45033,5637,5834,2016,31273,831,20376,12919
2016,45035,34987,24055,2016,148517,7252,97867,37347
2016,45037,6842,4491,2016,26388,1498,18936,10455
2016,45039,4027,6945,2016,23025,447,16464,9315
2016,45041,29573,26710,2016,138575,3342,92344,44757
2016,45043,17389,13310,2016,60804,1849,44375,19279
2016,45045,127832,74483,2016,482191,41910,324486,124691
2016,45047,16961,10711,2016,69881,4041,46691,21880
2016,45049,3488,5170,2016,20296,439,13974,8701
2016,45051,89288,39410,2016,300418,17928,217748,94216
2016,45053,5187,5956,2016,27186,3652,18945,10917
2016,45055,17542,10330,2016,63090,2592,43219,21620
2016,45057,23719,13812,2016,83704,4132,58697,28826
2016,45059,16816,8889,2016,66442,2871,45030,24891
2016,45061,2803,5199,2016,18189,415,12444,8063
2016,45063,80026,35230,2016,277702,15664,189215,74685
2016,45065,2652,2479,2016,9806,117,7984,3967
2016,45067,5444,8569,2016,31975,845,21716,12334
2016,45069,4267,5954,2016,27702,920,19675,13031
2016,45071,10017,6217,2016,37750,2740,25619,14731
2016,45073,24178,7998,2016,75375,3700,53965,25760
2016,45075,11931,26318,2016,89731,1810,59363,29530
2016,45077,36236,10354,2016,120722,4124,75105,35450
2016,45079,52469,108000,2016,401743,19969,248613,79148
2016,45081,5526,2813,2016,20113,2994,13889,8158
2016,45083,76277,39997,2016,294229,18616,196173,90578
2016,45085,18745,24047,2016,107682,3979,69468,32555
2016,45087,7061,4729,2016,27928,349,19700,11711
2016,45089,4864,9953,2016,32816,741,22900,14008
2016,45091,66754,41593,2016,245606,12240,163095,63512
2016,46003,974,340,2016,2732,173,1823,865
2016,46005,4455,1912,2016,18155,1631,12084,5938
2016,46007,666,412,2016,3445,207,1922,995
2016,46009,2105,704,2016,7001,219,5146,2555
2016,46011,6748,4879,2016,33435,827,17474,5379
2016,46013,9613,5452,2016,38430,929,25504,10332
2016,46015,1565,571,2016,5312,124,3566,1538
2016,46017,171,296,2016,2052,33,1030,658
2016,46019,3357,696,2016,10268,353,7032,3310
2016,46021,704,105,2016,1553,3,1084,542
2016,46023,2382,935,2016,9277,266,5736,2848
2016,46025,1139,398,2016,3639,62,2456,1236
2016,46027,2109,2608,2016,14029,367,6973,2018
2016,46029,7764,3174,2016,27886,576,18573,8522
2016,46031,588,535,2016,4170,28,2336,1245
2016,46033,3293,1121,2016,8447,253,6641,2424
2016,46035,5157,2355,2016,19824,473,13203,4822
2016,46037,1627,974,2016,5588,119,4045,2034
2016,46039,1366,570,2016,4309,30,3023,1506
2016,46041,723,888,2016,5652,57,3076,1601
2016,46043,1338,214,2016,2961,24,2109,1081
2016,46045,1433,380,2016,4000,43,2724,1201
2016,46047,2511,821,2016,6874,254,5211,2072
2016,46049,858,204,2016,2354,51,1705,709
2016,46051,2382,971,2016,7195,219,5100,2724
2016,46053,1600,391,2016,4217,59,2976,1460
2016,46055,936,77,2016,2073,23,1467,690
2016,46057,2051,555,2016,5995,211,3672,1887
2016,46059,1391,334,2016,3311,13,2377,989
2016,46061,1497,424,2016,3390,20,2057,910
2016,46063,695,38,2016,1277,17,842,312
2016,46065,5174,2450,2016,17518,517,12125,4439
2016,46067,2517,692,2016,7264,131,5016,2509
2016,46069,543,125,2016,1440,15,1058,542
2016,46071,722,323,2016,3268,54,1820,834
2016,46073,648,264,2016,2029,51,1470,777
2016,46075,450,69,2016,767,4,612,322
2016,46077,1680,703,2016,5070,113,3644,1713
2016,46079,4038,2314,2016,12331,287,8257,3149
2016,46081,7411,3356,2016,24859,776,16919,6289
2016,46083,15499,8076,2016,51396,910,32937,8610
2016,46085,977,369,2016,3855,76,2429,1240
2016,46087,1794,623,2016,5616,166,3748,1615
2016,46089,892,192,2016,2252,100,1714,857
2016,46091,1056,754,2016,4743,208,3306,1424
2016,46093,8441,2223,2016,26840,1094,17464,6718
2016,46095,402,238,2016,2083,111,1257,720
2016,46097,706,281,2016,2299,51,1568,756
2016,46099,42043,30610,2016,182014,8512,119030,43966
2016,46101,1731,1043,2016,6445,205,4272,1763
2016,46102,241,2510,2016,14263,494,7027,3490
2016,46103,29804,14074,2016,107298,5136,72302,25324
2016,46105,1333,188,2016,3019,48,2183,1098
2016,46107,1071,215,2016,2306,7,1752,884
2016,46109,2144,1540,2016,10294,258,6498,3238
2016,46111,819,241,2016,2349,59,1712,805
2016,46115,1854,919,2016,6539,124,4504,2066
2016,46117,1148,329,2016,2964,73,2019,894
2016,46119,679,137,2016,1456,3,972,401
2016,46121,487,1505,2016,10019,407,4885,2228
2016,46123,2069,462,2016,5475,28,3893,1938
2016,46125,2937,961,2016,8289,165,5820,2511
2016,46127,5290,2227,2016,14842,431,10074,3835
2016,46129,1896,457,2016,5538,95,3969,1933
2016,46135,5659,3301,2016,22649,791,15846,6573
2016,46137,368,353,2016,2818,23,1518,814
2016,47001,19212,9013,2016,75545,1908,53614,25551
2016,47003,11486,3395,2016,46331,5315,30407,18541
2016,47005,4716,1474,2016,16173,355,11898,7732
2016,47007,3622,897,2016,14073,295,10223,6830
2016,47009,37443,12100,2016,126192,3820,89312,41422
2016,47011,29768,7070,2016,102860,5729,69225,34102
2016,47013,9870,2248,2016,40008,484,28628,19357
2016,47015,4007,1127,2016,13855,262,9873,6117
2016,47017,7756,2327,2016,28417,671,19538,12153
2016,47019,16898,3453,2016,56707,934,41161,23925
2016,47021,11297,3878,2016,39575,1045,27138,14039
2016,47023,5081,1243,2016,17355,404,10958,5984
2016,47025,8602,1832,2016,31701,353,22492,14259
2016,47027,2141,707,2016,7769,169,5674,3991
2016,47029,9791,1981,2016,35256,735,25243,17101
2016,47031,14417,4743,2016,53808,2158,36481,18997
2016,47033,3982,1303,2016,14558,1447,9884,6226
2016,47035,20413,5202,2016,57895,1580,43646,23661
2016,47037,84550,148864,2016,667885,66461,454177,162596
2016,47039,3588,894,2016,11703,364,8392,5372
2016,47041,5171,1569,2016,19159,1370,13323,8801
2016,47043,13233,4722,2016,50926,1601,34804,21033
2016,47045,10180,2816,2016,37970,1183,25544,14306
2016,47047,13055,5874,2016,39071,949,28134,13814
2016,47049,6038,1100,2016,17936,241,12652,8590
2016,47051,11532,4374,2016,41348,1217,28149,15205
2016,47053,13786,5258,2016,49511,1219,33608,18027
2016,47055,7970,2917,2016,29034,606,20348,12392
2016,47057,6626,1154,2016,22813,654,16317,10506
2016,47059,18562,4216,2016,68502,1825,49012,30134
2016,47061,3636,999,2016,13494,26,9465,6620
2016,47063,15857,4075,2016,63203,7063,43388,26094
2016,47065,78733,55316,2016,351305,17813,243329,95835
2016,47067,1843,322,2016,6609,48,4752,3054
2016,47069,4919,4185,2016,25975,428,18254,12562
2016,47071,8012,1622,2016,25839,531,18628,11737
2016,47073,16648,3507,2016,56567,759,40416,24873
2016,47075,3013,3711,2016,18129,766,12534,7979
2016,47077,8138,1800,2016,27952,603,19242,11439
2016,47079,9508,3063,2016,32291,711,23226,14633
2016,47081,5695,1824,2016,24251,534,16829,10899
2016,47083,2182,866,2016,8234,172,5727,3908
2016,47085,4930,1967,2016,18216,387,12762,7573
2016,47087,3236,1129,2016,11526,213,8429,6157
2016,47089,14776,3494,2016,52851,1777,36897,20474
2016,47091,5410,988,2016,17923,323,13422,8763
2016,47093,105767,62878,2016,448164,17201,297488,105181
2016,47095,1357,577,2016,7643,162,5685,4123
2016,47097,4884,3056,2016,27261,649,18415,12803
2016,47099,12420,2821,2016,42406,807,28517,17963
2016,47101,3585,890,2016,11907,263,8397,5068
2016,47103,10398,2554,2016,33582,1048,23553,13641
2016,47105,17610,4919,2016,50637,4010,37123,17600
2016,47107,14691,3510,2016,52606,1872,36650,22203
2016,47109,7841,1848,2016,26057,490,18163,11635
2016,47111,6263,1072,2016,22924,1105,15384,10692
2016,47113,21335,15448,2016,98128,3525,64505,29051
2016,47115,7696,2832,2016,28363,471,20200,11861
2016,47117,8184,2852,2016,31335,1513,21409,12427
2016,47119,23799,10038,2016,85767,4556,58817,28148
2016,47121,3342,856,2016,11804,173,8500,5553
2016,47123,13374,3186,2016,45482,1775,31986,20434
2016,47125,32341,21699,2016,189709,18001,115734,44300
2016,47127,2325,496,2016,6314,20,4645,2526
2016,47129,5441,1054,2016,21688,248,15533,10665
2016,47131,9526,2426,2016,30900,1171,21585,12734
2016,47133,6059,1945,2016,22090,281,15393,10155
2016,47135,2167,597,2016,7891,170,5545,3664
2016,47137,2021,536,2016,5096,32,3868,2505
2016,47139,5097,1252,2016,16697,300,12014,7544
2016,47141,19002,6851,2016,74652,4328,47571,25229
2016,47143,8660,1942,2016,32461,1437,22010,13425
2016,47145,15880,4837,2016,52983,863,38763,19993
2016,47147,19410,6637,2016,67905,4165,45660,24013
2016,47149,64515,36706,2016,290289,20775,179453,70746
2016,47151,6044,934,2016,22029,161,14804,10271
2016,47153,4441,1053,2016,14710,499,10344,5919
2016,47155,28629,6297,2016,94537,5130,66646,35703
2016,47157,116344,208992,2016,936990,55763,602898,239270
2016,47159,5494,1689,2016,19176,473,13105,8404
2016,47161,3864,1222,2016,13257,327,9370,5186
2016,47163,46979,12578,2016,156644,2669,113116,56192
2016,47165,50129,18161,2016,172786,7500,116882,50176
2016,47167,16910,5785,2016,61558,1574,40282,21747
2016,47169,2103,946,2016,7970,33,5339,3211
2016,47171,5671,1262,2016,17945,767,13264,7944
2016,47173,5053,1012,2016,19081,284,13326,9030
2016,47175,1820,539,2016,5641,51,4111,2779
2016,47177,9540,3535,2016,40099,3402,27349,17658
2016,47179,34252,13024,2016,126044,4012,85711,36125
2016,47181,5036,717,2016,16842,312,12371,8027
2016,47183,9008,2772,2016,34024,741,21485,11910
2016,47185,7671,1845,2016,26373,595,18599,11917
2016,47187,68212,31013,2016,205645,9513,133044,26682
2016,47189,39406,14385,2016,125616,4620,85573,34753
2016,48001,13201,3369,2016,57772,9799,41841,23590
2016,48003,3927,836,2016,17215,9360,10197,6304
2016,48005,21668,7538,2016,87657,18505,56749,29302
2016,48007,7740,2465,2016,24729,6496,18302,8277
2016,48009,3786,394,2016,8750,722,6090,2712
2016,48011,924,70,2016,1913,243,1359,504
2016,48013,8618,4651,2016,47710,30094,30060,18290
2016,48015,9637,2320,2016,29107,7423,19665,9201
2016,48017,1344,397,2016,7131,4401,4317,2631
2016,48019,8163,1726,2016,21015,3718,15999,7048
2016,48021,16328,10569,2016,78286,27528,51873,25502
2016,48023,1267,191,2016,3639,304,2625,1154
2016,48025,4744,3444,2016,32706,18940,22211,13873
2016,48027,51998,37801,2016,330859,77879,198709,73555
2016,48029,240333,319550,2016,1858699,1105240,1171084,490684
2016,48031,4212,1244,2016,10918,2061,8123,3408
2016,48033,330,31,2016,698,33,460,138
2016,48035,6339,1278,2016,17953,3049,12788,6732
2016,48037,24924,8838,2016,93483,6756,62830,30234
2016,48039,72791,43200,2016,338419,98927,218876,86474
2016,48041,38738,23121,2016,209896,51664,107109,36406
2016,48043,2077,1873,2016,9188,4040,6541,2405
2016,48045,625,91,2016,1672,522,1150,565
2016,48047,613,1937,2016,7217,6819,4218,2526
2016,48049,12017,1621,2016,37935,7967,25646,13203
2016,48051,5316,1491,2016,17417,3463,12083,7110
2016,48053,14638,3797,2016,44584,9589,31066,14054
2016,48055,6691,4795,2016,39848,19853,25450,14508
2016,48057,4638,2118,2016,21805,10432,14466,7660
2016,48059,4865,569,2016,13596,1213,9508,5013
2016,48061,29472,59402,2016,418785,372685,241653,143642
2016,48063,3201,1260,2016,12631,2989,8178,4657
2016,48065,2620,249,2016,6027,576,4007,1435
2016,48067,9726,2391,2016,30346,1285,21302,12593
2016,48069,1414,526,2016,7875,4951,4702,2884
2016,48071,13339,2948,2016,38072,8047,24206,10990
2016,48073,12919,3469,2016,51257,11328,33344,18068
2016,48075,1802,253,2016,7059,1432,4771,2638
2016,48077,4377,536,2016,10367,571,7406,3894
2016,48079,679,190,2016,2955,1679,1845,1141
2016,48081,1265,140,2016,3228,678,2382,1179
2016,48083,3177,388,2016,8476,1465,6067,3493
2016,48085,201014,140624,2016,886633,132845,574718,125098
2016,48087,983,145,2016,3032,994,2038,1042
2016,48089,6325,1987,2016,20792,5854,14303,7960
2016,48091,45136,14238,2016,124234,32746,86147,29344
2016,48093,4333,789,2016,13506,3637,9350,5300
2016,48095,885,148,2016,4142,2297,3107,2055
2016,48097,13181,2352,2016,38878,6580,25977,11323
2016,48099,12225,5064,2016,75710,13276,46747,18988
2016,48101,506,92,2016,1560,446,1088,632
2016,48103,1049,299,2016,4823,2963,2936,1708
2016,48105,980,372,2016,3836,2421,2508,1521
2016,48107,1181,468,2016,5987,3251,3835,2344
2016,48109,280,454,2016,2259,1764,1515,1061
2016,48111,1261,222,2016,7052,3007,4106,2335
2016,48113,262945,461080,2016,2513054,987849,1590088,707739
2016,48115,2636,835,2016,13317,7401,8601,5349
2016,48117,2911,1185,2016,19039,13458,11128,6603
2016,48119,1836,400,2016,5226,351,3631,1798
2016,48121,170603,110890,2016,754650,142619,484647,130442
2016,48123,5519,1163,2016,20660,7017,14529,8499
2016,48125,755,128,2016,2237,625,1629,859
2016,48127,974,2173,2016,10842,9340,6563,4252
2016,48129,1225,191,2016,3506,363,2300,1071
2016,48131,1316,2783,2016,11510,10256,7509,4959
2016,48133,6011,776,2016,18252,2852,12327,6288
2016,48135,25020,10249,2016,153177,88372,90546,48829
2016,48137,746,303,2016,2028,1100,1452,782
2016,48139,44941,16253,2016,160225,40134,101769,44709
2016,48141,55512,147843,2016,833592,681709,499096,238990
2016,48143,11210,2160,2016,40641,8217,23046,9274
2016,48145,3441,1684,2016,17265,3887,11869,7202
2016,48147,9548,2132,2016,33757,3516,23710,12257
2016,48149,8743,2144,2016,24909,4953,17803,9880
2016,48151,1265,403,2016,3847,1203,2717,1338
2016,48153,1474,435,2016,6088,3479,3923,2166
2016,48155,383,113,2016,1320,216,954,507
2016,48157,117291,134686,2016,683756,164065,434436,122989
2016,48159,3585,665,2016,10571,1445,7258,3271
2016,48161,6026,1471,2016,19585,2822,13673,7234
2016,48163,1856,2444,2016,18542,14528,11103,7936
2016,48165,3907,597,2016,19485,7742,10771,7375
2016,48167,73757,43658,2016,314485,74081,209066,77882
2016,48169,1225,230,2016,6614,3652,4782,3342
2016,48171,10446,2288,2016,25732,5613,18862,7296
2016,48173,553,34,2016,1253,467,821,394
2016,48175,2620,973,2016,7463,2634,5240,2557
2016,48177,4587,1571,2016,20370,10108,13016,7985
2016,48179,6500,701,2016,23028,6300,15367,7990
2016,48181,35325,10301,2016,124231,15356,83432,36130
2016,48183,28764,11677,2016,123283,22025,78928,35363
2016,48185,7065,2194,2016,27140,6250,18708,10718
2016,48187,36632,18391,2016,147313,54412,95359,39770
2016,48189,6366,2101,2016,35007,20428,21158,12361
2016,48191,893,164,2016,3162,1075,2073,1148
2016,48193,3060,479,2016,8232,947,5912,3052
2016,48195,1730,171,2016,5552,2534,3454,1904
2016,48197,1207,249,2016,3952,911,2790,1597
2016,48199,19606,2780,2016,55624,2879,37262,19048
2016,48201,545955,707914,2016,4434257,1855604,2792590,1204342
2016,48203,18749,7151,2016,66431,8193,43416,22315
2016,48205,1730,173,2016,5966,1515,4405,2414
2016,48207,1403,314,2016,5812,1543,4319,2765
2016,48209,33826,33224,2016,185686,68832,109111,36005
2016,48211,1462,181,2016,4151,1446,2499,1185
2016,48213,23650,5669,2016,79213,9312,55294,28105
2016,48215,48642,118809,2016,828334,757725,457280,274279
2016,48217,10108,2547,2016,34901,6835,23759,12637
2016,48219,5809,1260,2016,23377,10843,14277,7203
2016,48221,21382,4008,2016,54217,6308,38953,16234
2016,48223,10707,2510,2016,35844,5732,23904,12982
2016,48225,6205,1978,2016,22802,2408,16633,9074
2016,48227,6637,1770,2016,36423,14757,24500,13161
2016,48229,503,324,2016,3481,2729,2286,1672
2016,48231,23910,6396,2016,89068,13218,58766,30278
2016,48233,7042,854,2016,21782,4830,14158,6453
2016,48235,660,90,2016,1631,379,1079,500
2016,48237,2973,314,2016,8866,1408,6105,3850
2016,48239,4266,904,2016,14678,4640,9797,4870
2016,48241,10609,2590,2016,35640,2322,24074,14371
2016,48243,695,422,2016,2221,797,1744,639
2016,48245,42862,42443,2016,252993,47963,167128,83318
2016,48247,430,1635,2016,5218,4701,3274,1945
2016,48249,5420,6694,2016,41486,33159,25755,16159
2016,48251,44382,10988,2016,157544,31135,102285,50316
2016,48253,4819,936,2016,19944,5354,14819,9246
2016,48255,2965,1145,2016,14984,7818,10311,6287
2016,48257,29587,10278,2016,111830,21428,71729,34685
2016,48259,15700,3643,2016,39010,8732,26868,8380
2016,48261,84,99,2016,558,397,349,247
2016,48263,360,59,2016,667,116,498,256
2016,48265,17727,4681,2016,50505,12966,36459,15057
2016,48267,1697,206,2016,4453,1007,3457,1759
2016,48269,149,5,2016,274,64,211,120
2016,48271,936,458,2016,3578,2237,2565,1559
2016,48273,4367,4716,2016,31877,22935,17682,7828
2016,48275,1078,247,2016,3807,1235,2504,1336
2016,48277,14561,3583,2016,49626,3589,33524,16516
2016,48279,3111,771,2016,13561,7318,8545,4857
2016,48281,6385,1483,2016,20357,3808,13907,5234
2016,48283,872,1129,2016,7319,6123,4784,3434
2016,48285,7347,1170,2016,19654,3484,13622,7997
2016,48287,4997,1372,2016,16754,3873,11285,6172
2016,48289,6391,909,2016,16923,2365,11819,6316
2016,48291,18892,4862,2016,78598,16282,51374,32312
2016,48293,5796,1778,2016,23469,4881,15761,8652
2016,48295,1159,135,2016,3507,1023,2281,1219
2016,48297,3464,742,2016,11976,4542,8642,4846
2016,48299,8299,1825,2016,19624,1876,15551,6266
2016,48301,58,4,2016,76,12,67,38
2016,48303,65651,28023,2016,294682,99863,172556,69650
2016,48305,1546,403,2016,5723,2711,3712,2049
2016,48307,2552,482,2016,8242,2551,5825,3183
2016,48309,48260,27063,2016,243394,61161,146233,65266
2016,48311,454,40,2016,671,323,474,252
2016,48313,3351,881,2016,13843,3071,9866,5857
2016,48315,2983,1165,2016,10191,390,7758,4599
2016,48317,1455,266,2016,5451,2514,3221,1717
2016,48319,1656,354,2016,4064,1013,3099,1382
2016,48321,8366,3500,2016,36719,14927,23821,13269
2016,48323,2816,10397,2016,56830,54242,31876,19869
2016,48325,12085,4634,2016,47920,24367,31732,15606
2016,48327,682,154,2016,2163,852,1544,882
2016,48329,36973,10025,2016,155817,65856,96774,39718
2016,48331,6364,2051,2016,24372,6158,16346,9225
2016,48333,1951,243,2016,4871,832,3307,1454
2016,48335,1780,354,2016,8995,3528,6156,3638
2016,48337,7526,885,2016,19384,2021,13579,7256
2016,48339,150314,45835,2016,518849,116429,336470,125543
2016,48341,3977,1098,2016,22186,11827,12804,7845
2016,48343,3446,1425,2016,12653,1108,8836,4506
2016,48345,566,40,2016,1022,114,707,328
2016,48347,14771,6846,2016,65556,12238,37254,17450
2016,48349,11994,4002,2016,48177,12347,31446,16807
2016,48351,4288,1156,2016,14138,479,9291,5871
2016,48353,3552,1029,2016,15017,5379,9791,5248
2016,48355,50766,49198,2016,355667,222473,229139,107830
2016,48357,2628,274,2016,10577,5517,6174,3346
2016,48359,850,78,2016,2069,335,1192,484
2016,48361,25513,5735,2016,83751,5709,55812,27950
2016,48363,8284,1708,2016,27922,5470,18947,9992
2016,48365,8445,1835,2016,23771,2025,15929,7637
2016,48367,46473,8344,2016,123601,13788,82867,31723
2016,48369,1915,485,2016,9921,6127,6005,3746
2016,48371,2468,1554,2016,15826,10789,10590,6945
2016,48373,15176,4187,2016,46583,6654,33339,19338
2016,48375,19630,7657,2016,121883,45287,76661,40185
2016,48377,652,1458,2016,7144,5843,4652,2881
2016,48379,3968,628,2016,11087,932,8146,4818
2016,48381,43462,8367,2016,128603,24941,83799,26070
2016,48383,709,167,2016,3625,2392,2344,1504
2016,48385,1382,262,2016,3348,658,2483,1139
2016,48387,3926,1149,2016,12455,896,8953,5226
2016,48389,1417,1659,2016,14438,10801,9615,6290
2016,48391,1830,1034,2016,7315,3608,4974,2824
2016,48393,524,20,2016,939,27,619,218
2016,48395,4668,2203,2016,16537,3273,11091,5849
2016,48397,28451,9655,2016,88010,14720,56673,17158
2016,48399,3250,453,2016,10411,3485,7049,4051
2016,48401,14675,3935,2016,53197,8439,36050,19027
2016,48403,3998,614,2016,10367,398,7512,4465
2016,48405,2622,910,2016,8556,576,6239,3923
2016,48407,8059,2038,2016,27172,3341,18970,11921
2016,48409,13030,7871,2016,66706,37428,42209,22573
2016,48411,2025,293,2016,5881,1717,4172,2387
2016,48413,821,208,2016,3171,1616,1961,947
2016,48415,4410,733,2016,17314,6783,11161,5826
2016,48417,1378,103,2016,3323,382,2234,999
2016,48419,7179,1758,2016,25705,4523,16393,9884
2016,48421,807,96,2016,3069,1290,2081,1083
2016,48423,58930,22300,2016,219745,40831,142257,57626
2016,48425,3206,541,2016,8673,1657,5923,2824
2016,48427,2224,9289,2016,63008,62352,34711,26158
2016,48429,3034,348,2016,9787,2284,6566,3718
2016,48431,549,70,2016,1233,465,793,406
2016,48433,555,135,2016,1233,284,886,538
2016,48435,1075,313,2016,3936,2297,2535,1307
2016,48437,1671,462,2016,7639,3242,5041,2855
2016,48439,345921,288392,2016,1947529,541947,1235550,475106
2016,48441,33250,10085,2016,135234,31634,81927,35286
2016,48443,288,140,2016,778,542,648,359
2016,48445,2459,753,2016,12724,6761,8062,4990
2016,48447,715,84,2016,1520,230,1127,573
2016,48449,6511,2597,2016,32592,13518,19669,11205
2016,48451,27494,9173,2016,116264,44253,74147,34288
2016,48453,127209,308260,2016,1148176,387357,767787,221550
2016,48455,4737,1154,2016,14360,1302,10493,5933
2016,48457,6624,1248,2016,21371,1549,15013,8764
2016,48459,13209,2380,2016,40295,3091,27110,13387
2016,48461,1007,286,2016,3475,1823,2152,1340
2016,48463,4835,3867,2016,27055,19059,16580,8769
2016,48465,5890,6964,2016,48862,39538,29121,17060
2016,48467,18473,2799,2016,53070,5316,36590,19317
2016,48469,21275,8866,2016,90989,41372,58697,28222
2016,48471,12884,6091,2016,69926,12313,45130,24381
2016,48473,10531,5748,2016,47049,13657,25346,13214
2016,48475,2547,783,2016,11396,5856,7178,4133
2016,48477,10945,3382,2016,34544,5208,23087,11271
2016,48479,12947,42307,2016,266006,253982,144764,86722
2016,48481,10149,4238,2016,41377,16401,26867,14981
2016,48483,2087,194,2016,5642,1493,3796,1935
2016,48485,27631,8770,2016,132148,24012,84134,38616
2016,48487,3166,809,2016,13061,3664,8704,4660
2016,48489,1547,3422,2016,21944,19270,13669,9799
2016,48491,104175,84468,2016,490619,116943,319162,88342
2016,48493,13998,4790,2016,46444,17999,31068,15590
2016,48495,1403,420,2016,7723,4516,4616,2801
2016,48497,20670,3412,2016,62089,11425,41319,21038
2016,48499,15700,2630,2016,43198,4061,31212,15198
2016,48501,1797,426,2016,8316,5285,4872,2816
2016,48503,6601,876,2016,18275,3229,12468,6565
2016,48505,1029,2063,2016,14335,13492,7970,5761
2016,48507,694,2636,2016,12107,11299,6922,4751
2016,49001,1838,264,2016,6437,696,3741,1716
2016,49003,12230,2282,2016,51528,4622,30115,11779
2016,49005,21139,8563,2016,118824,12276,59367,17007
2016,49007,5275,1717,2016,20733,2724,13164,5170
2016,49009,331,77,2016,751,18,530,238
2016,49011,62219,28776,2016,329292,29852,188855,48519
2016,49013,5508,500,2016,20078,1579,11447,5570
2016,49015,3425,380,2016,10570,656,6394,2604
2016,49017,1606,358,2016,5020,280,3296,1441
2016,49019,1975,1960,2016,9428,930,6711,2403
2016,49021,11561,2450,2016,47751,3941,26157,8423
2016,49023,2827,442,2016,10507,472,5830,2591
2016,49025,2265,741,2016,7216,323,4998,1749
2016,49027,3860,431,2016,12604,1609,7634,3164
2016,49029,3188,577,2016,10645,283,5950,1412
2016,49031,626,47,2016,1859,81,1342,726
2016,49033,797,104,2016,2284,187,1382,558
2016,49035,138043,175863,2016,1092518,193768,676004,222481
2016,49037,2645,2042,2016,15540,805,8809,4193
2016,49039,6673,1061,2016,28551,2719,16267,6181
2016,49041,6740,695,2016,20913,1021,12845,5339
2016,49043,7333,10503,2016,39009,4488,25688,5494
2016,49045,11169,4573,2016,61986,7363,35306,14259
2016,49047,9810,995,2016,36308,2949,20676,9910
2016,49049,102182,28522,2016,564177,62919,273764,62871
2016,49051,6115,3063,2016,27895,3710,16567,4353
2016,49053,42650,10288,2016,151959,15075,95175,29681
2016,49055,966,271,2016,2716,137,1789,570
2016,49057,40235,23131,2016,241328,42432,147300,57745
2016,50001,5297,11219,2016,36926,765,25239,9955
2016,50003,5925,9539,2016,36503,634,25937,10297
2016,50005,5534,6445,2016,30859,423,21616,9886
2016,50007,18601,54814,2016,160510,3499,104504,27634
2016,50009,1506,1019,2016,6173,78,4658,2789
2016,50011,8752,9351,2016,48625,671,33590,16148
2016,50013,1487,2094,2016,6945,113,5142,1785
2016,50015,3570,7241,2016,25136,395,17329,6032
2016,50017,5007,7541,2016,28897,360,20886,9105
2016,50019,5159,5185,2016,27076,355,19573,10103
2016,50021,12479,13635,2016,60133,805,43294,18924
2016,50023,7993,18594,2016,58963,1080,41932,14673
2016,50025,5454,14340,2016,43609,910,31870,12473
2016,50027,8605,17556,2016,55894,812,41734,16290
2016,51001,8583,6740,2016,33060,2910,23850,14307
2016,51003,19259,33345,2016,104287,5832,70026,18503
2016,51005,4874,2166,2016,15919,228,11720,6275
2016,51007,4708,2128,2016,12793,152,8924,4959
2016,51009,9719,5057,2016,31999,699,22495,11733
2016,51011,5715,2023,2016,15314,186,10849,5622
2016,51013,20186,92016,2016,226092,34776,169813,24503
2016,51015,26163,8177,2016,74330,1804,53700,27942
2016,51017,1548,603,2016,4558,137,3453,1861
2016,51019,30659,9768,2016,76933,1512,55090,22970
2016,51021,2573,453,2016,6612,39,5082,2467
2016,51023,13375,4494,2016,33192,482,24034,10146
2016,51025,3046,4481,2016,16573,329,11932,7225
2016,51027,7296,1721,2016,23158,63,17309,11278
2016,51029,3950,3128,2016,17030,403,12342,7958
2016,51031,19551,6664,2016,55061,1088,39041,18967
2016,51033,7147,6432,2016,29640,1226,20285,10981
2016,51035,10663,2559,2016,29733,878,21913,11949
2016,51036,1476,2496,2016,7086,127,5449,3453
2016,51037,3479,2155,2016,12232,116,8488,5190
2016,51041,85045,81074,2016,331839,26360,220124,71151
2016,51043,4661,3051,2016,14307,622,10161,4217
2016,51045,2140,541,2016,5195,1,3953,2336
2016,51047,13349,7759,2016,48952,4562,32652,15877
2016,51049,2697,2036,2016,9769,15,6843,3852
2016,51051,4932,1335,2016,15304,114,11043,6641
2016,51053,7447,5765,2016,28155,861,19771,10956
2016,51057,2657,2542,2016,11130,28,7903,4371
2016,51059,157710,355133,2016,1132887,181940,768784,161398
2016,51061,22127,12971,2016,68025,4883,46507,17046
2016,51063,5293,2300,2016,15587,423,11413,5922
2016,51065,7025,5760,2016,26046,858,18500,6875
2016,51067,18569,7257,2016,56230,1512,40412,19404
2016,51069,26083,11932,2016,82321,6123,56274,24231
2016,51071,5910,1950,2016,16871,255,12051,6520
2016,51073,13096,5404,2016,37021,1159,26385,11415
2016,51075,8384,4889,2016,21979,540,16290,6066
2016,51077,5592,1407,2016,15180,444,11446,6980
2016,51079,5945,2924,2016,19085,986,13147,6433
2016,51081,1737,2558,2016,11698,451,8660,5658
2016,51083,9704,6897,2016,35305,676,25226,14176
2016,51085,39630,19382,2016,102199,2710,69493,23683
2016,51087,59857,93935,2016,321921,16853,220192,69902
2016,51089,15208,8198,2016,52209,2721,37910,20559
2016,51091,958,371,2016,2230,0,1847,1029
2016,51093,12204,7881,2016,36027,945,25624,10412
2016,51095,21306,19105,2016,71900,3802,51936,13328
2016,51097,2099,1468,2016,7140,221,5301,2951
2016,51099,7341,4007,2016,25260,1122,16483,5624
2016,51101,5975,2760,2016,16156,125,11247,5598
2016,51103,3523,2869,2016,11055,186,8694,3605
2016,51105,7543,1627,2016,24911,448,18465,10942
2016,51107,69949,100795,2016,362435,48207,230834,45533
2016,51109,10528,6212,2016,34350,876,24702,12910
2016,51111,3204,2227,2016,12450,525,9102,5441
2016,51113,4419,2203,2016,13122,291,9304,4656
2016,51115,3517,1563,2016,8848,89,6779,2862
2016,51117,8288,6285,2016,31209,818,22993,12152
2016,51119,3670,2108,2016,10728,63,8292,3634
2016,51121,19459,20021,2016,97227,2936,53800,16529
2016,51125,4154,3689,2016,14831,544,10854,5175
2016,51127,8118,3546,2016,20051,524,14373,5930
2016,51131,2686,3255,2016,12118,999,8831,4664
2016,51133,4302,2852,2016,12272,44,9634,4004
2016,51135,3712,2829,2016,15641,598,11010,6785
2016,51137,10521,5957,2016,34873,1468,24552,10916
2016,51139,7831,2514,2016,23759,437,17170,11140
2016,51141,6454,1768,2016,18180,497,13632,7580
2016,51143,21554,9199,2016,62392,1519,45313,24395
2016,51145,11885,4060,2016,28286,560,20402,8040
2016,51147,4101,4591,2016,23077,564,12968,6683
2016,51149,9157,6419,2016,37664,2746,25977,11552
2016,51153,71721,113144,2016,443630,97117,280543,90404
2016,51155,10322,4172,2016,34417,525,25510,12700
2016,51157,2539,1747,2016,7416,257,5589,2198
2016,51159,2213,1347,2016,8868,561,6679,4033
2016,51161,31408,17200,2016,93655,2517,66984,22869
2016,51163,6680,3508,2016,22450,351,16817,8604
2016,51165,25990,9366,2016,78427,4864,53298,28226
2016,51167,9521,2330,2016,27973,318,20317,11641
2016,51169,8247,1581,2016,22378,284,16512,9710
2016,51171,14094,5273,2016,42857,2871,30844,16655
2016,51173,9750,2665,2016,31513,614,22711,12669
2016,51175,5035,3595,2016,18291,251,13326,6930
2016,51177,34623,24207,2016,129181,11136,84467,35295
2016,51179,33868,27908,2016,139548,15614,87903,26011
2016,51181,1819,2272,2016,6731,24,4956,2306
2016,51183,2055,2879,2016,11733,316,9794,6563
2016,51185,15168,2895,2016,43367,385,31344,17509
2016,51187,11773,5169,2016,38807,1546,26608,13787
2016,51191,19320,5553,2016,54562,772,39783,19122
2016,51193,4448,3836,2016,17528,1070,12916,6459
2016,51195,12086,2701,2016,40074,493,27966,16080
2016,51197,10046,2770,2016,29171,321,21223,11661
2016,51199,18837,12999,2016,66919,3803,44447,11412
2016,51510,13285,57242,2016,151473,25359,115156,23643
2016,51520,4892,1835,2016,17340,343,12269,6180
2016,51530,1430,693,2016,6610,83,4129,2454
2016,51540,2960,17901,2016,45538,2295,28530,8929
2016,51550,54047,52627,2016,233194,12294,154583,53499
2016,51570,5681,2367,2016,17554,931,12254,5606
2016,51580,1349,914,2016,5650,71,3922,2220
2016,51590,7303,11059,2016,42360,1519,29166,14108
2016,51595,789,1530,2016,5565,181,3699,2199
2016,51600,3702,7367,2016,23620,3938,16617,4040
2016,51610,1324,5819,2016,13597,1349,9328,794
2016,51620,1421,2519,2016,8413,90,5766,2685
2016,51630,3744,6707,2016,27853,3015,16441,5547
2016,51640,1603,681,2016,6858,1197,4941,3019
2016,51650,17902,41312,2016,136789,7236,90364,33827
2016,51660,6262,10212,2016,51979,9452,25193,10350
2016,51670,3885,4724,2016,22332,1604,14820,8269
2016,51678,766,1514,2016,7036,294,2533,830
2016,51680,17982,14792,2016,78755,2630,44000,16422
2016,51683,5953,8423,2016,41149,14030,26230,11557
2016,51685,1733,3204,2016,15827,5781,10243,4599
2016,51690,2149,3533,2016,13551,638,9458,4741
2016,51700,25468,45618,2016,181606,15229,115809,44697
2016,51710,21552,57023,2016,245724,18244,150374,58604
2016,51720,1021,383,2016,3978,103,2800,1131
2016,51730,1451,12021,2016,31997,1439,22112,12014
2016,51735,5092,1601,2016,12068,284,8493,2566
2016,51740,12795,28497,2016,96071,3728,63473,28295
2016,51750,2638,2925,2016,17186,508,7481,2546
2016,51760,15581,81259,2016,216773,13729,146548,56815
2016,51770,14789,22286,2016,99329,5928,69292,32291
2016,51775,7226,4202,2016,25290,847,16975,6903
2016,51790,5133,5333,2016,24234,655,17330,7041
2016,51800,18006,23280,2016,87061,3265,57919,23180
2016,51810,98224,91032,2016,449733,34388,301104,87592
2016,51820,4801,3764,2016,21366,1547,14662,7123
2016,51830,1925,5206,2016,14988,1111,7318,1452
2016,51840,4790,5164,2016,27349,4509,18087,8041
2016,53001,3083,1299,2016,19100,11820,10473,6327
2016,53003,5741,3134,2016,22113,791,15737,6157
2016,53005,47194,26360,2016,187519,38146,120427,42083
2016,53007,18114,13032,2016,74761,20307,50144,23058
2016,53009,18794,17677,2016,72969,4274,54880,19170
2016,53011,92441,92757,2016,450893,39042,299896,100376
2016,53013,1497,526,2016,3971,270,2959,1065
2016,53015,24185,17908,2016,102854,8640,70866,30483
2016,53017,9603,4918,2016,40101,12247,26145,12475
2016,53019,2202,1098,2016,7639,316,5580,2459
2016,53021,13206,8886,2016,87810,45685,49890,26127
2016,53023,851,279,2016,2231,74,1649,582
2016,53025,18518,7810,2016,92530,37124,55417,28427
2016,53027,14067,12020,2016,71233,6864,50788,22931
2016,53029,18465,20960,2016,80113,5402,57535,16156
2016,53031,6037,12656,2016,30333,1045,24605,6786
2016,53033,216339,718322,2016,2079550,194189,1464776,344889
2016,53035,49018,63156,2016,257488,18375,176275,49887
2016,53037,10100,7489,2016,42785,3653,25606,8782
2016,53039,5789,4194,2016,20930,2520,15063,6200
2016,53041,21992,9654,2016,75724,7292,53024,23237
2016,53043,4108,1244,2016,10326,308,7481,2984
2016,53045,13677,11993,2016,61060,5465,44688,19818
2016,53047,9610,6298,2016,41299,7869,28657,13722
2016,53049,5360,4620,2016,20743,1855,15801,6961
2016,53051,4373,1934,2016,13001,455,9574,3956
2016,53053,146824,172538,2016,832896,84021,552099,205395
2016,53055,2688,7172,2016,16056,937,12947,2832
2016,53057,24736,26690,2016,120475,21310,83393,31441
2016,53059,2928,2232,2016,11316,668,8164,3110
2016,53061,128255,185227,2016,758649,72859,517950,167688
2016,53063,113435,93767,2016,485859,25143,326281,104592
2016,53065,15161,5767,2016,43744,1468,30980,13456
2016,53067,48624,68798,2016,266311,21856,184136,53383
2016,53069,1344,832,2016,4051,188,3072,1152
2016,53071,13651,9694,2016,59809,12508,39044,13199
2016,53073,40599,60340,2016,209729,18517,136697,44546
2016,53075,7403,8146,2016,47494,2681,22920,4779
2016,53077,41735,31291,2016,247681,118091,148605,82981
2016,54001,4527,1222,2016,16892,143,11405,7156
2016,54003,28244,12321,2016,110173,4285,74900,37768
2016,54005,6504,1790,2016,23645,134,16675,11889
2016,54007,3537,1321,2016,14463,186,10465,7335
2016,54009,6625,2568,2016,23473,198,16845,8398
2016,54011,19850,11447,2016,96623,1312,64310,28819
2016,54013,2035,456,2016,7482,83,5441,3750
2016,54015,2300,568,2016,9033,9,6350,4757
2016,54017,2358,362,2016,8363,26,5945,3777
2016,54019,10357,4290,2016,45192,458,32444,20321
2016,54021,1896,545,2016,8497,304,6020,3480
2016,54023,4346,512,2016,11770,135,8544,5568
2016,54025,9556,3765,2016,35580,493,26059,14865
2016,54027,6692,1580,2016,23455,289,16920,11779
2016,54029,8909,3262,2016,30024,397,22077,12236
2016,54031,4274,1155,2016,13942,576,10171,6788
2016,54033,18750,7694,2016,68775,1029,48789,24508
2016,54035,9020,2663,2016,29199,94,20621,11201
2016,54037,13204,9518,2016,55531,2902,37690,16373
2016,54039,43850,28263,2016,189636,2017,136129,67064
2016,54041,5274,1347,2016,16422,132,11833,7460
2016,54043,5307,1459,2016,21482,96,15076,9804
2016,54045,9897,2092,2016,35166,301,25308,16117
2016,54047,4629,1438,2016,20273,281,15029,12027
2016,54049,14668,6964,2016,56716,650,38917,19895
2016,54051,9666,2918,2016,32296,304,23340,13296
2016,54053,7654,2081,2016,27060,165,19476,12241
2016,54055,17404,4704,2016,61476,619,43366,24140
2016,54057,9070,2050,2016,27606,241,19334,11634
2016,54059,7911,1370,2016,25549,90,17988,12103
2016,54061,18432,14699,2016,102827,2096,62141,24089
2016,54063,4443,1111,2016,13496,155,9909,6788
2016,54065,5732,1573,2016,17514,245,12925,7506
2016,54067,7251,1840,2016,25743,135,18606,11580
2016,54069,11139,5493,2016,43257,459,30333,13033
2016,54071,2398,729,2016,7291,62,5462,3690
2016,54073,2358,621,2016,7612,132,5528,3430
2016,54075,2496,928,2016,8620,77,6535,4158
2016,54077,9538,2470,2016,33793,619,24754,16068
2016,54079,17788,5884,2016,56743,608,39868,18461
2016,54081,22048,6443,2016,78051,1152,55687,31054
2016,54083,7629,2735,2016,29287,239,21148,13398
2016,54085,3405,496,2016,10044,76,7229,4798
2016,54087,3781,1222,2016,14513,139,10339,6959
2016,54089,3455,1190,2016,13325,226,10162,5909
2016,54091,4733,1491,2016,16949,164,12271,6919
2016,54093,2565,751,2016,6922,45,5188,3256
2016,54095,2996,507,2016,9000,64,6541,3891
2016,54097,7005,1766,2016,24632,291,16620,10452
2016,54099,11152,3357,2016,41237,253,29149,17966
2016,54101,2302,556,2016,8820,9,6404,4620
2016,54103,4519,1359,2016,15997,77,11471,7436
2016,54105,1911,386,2016,5826,26,4144,2713
2016,54107,25434,8400,2016,86262,891,61176,29115
2016,54109,6547,1062,2016,22537,58,16061,11281
2016,55001,5983,3770,2016,20294,774,16147,8978
2016,55003,3302,4228,2016,15936,392,10791,4664
2016,55005,13606,7879,2016,45548,1059,32359,15786
2016,55007,4125,4954,2016,14987,243,11440,4057
2016,55009,67199,53364,2016,256621,20833,169787,67701
2016,55011,4049,2531,2016,13256,280,9515,4807
2016,55013,5412,2948,2016,15259,235,11609,5483
2016,55015,15348,9646,2016,49653,1949,33227,13167
2016,55017,17909,11886,2016,63355,972,44241,20209
2016,55019,8646,4227,2016,34486,1450,21713,13228
2016,55021,14160,13526,2016,56650,1704,39844,16842
2016,55023,3844,3425,2016,16415,197,11821,6117
2016,55025,71279,217526,2016,516818,32088,336861,77822
2016,55027,26643,13968,2016,88404,3965,63022,32563
2016,55029,8584,8026,2016,27669,762,21443,8336
2016,55031,9659,11345,2016,43705,623,30710,12072
2016,55033,11488,9026,2016,44348,771,27055,11306
2016,55035,23311,27294,2016,101907,2275,63664,21020
2016,55037,1897,666,2016,4474,46,3520,1599
2016,55039,31044,17391,2016,101968,4912,70475,32650
2016,55041,2788,1584,2016,9108,185,6497,3479
2016,55043,12349,10046,2016,51723,733,31846,15040
2016,55045,8693,9122,2016,37050,1100,25860,11809
2016,55047,6213,2701,2016,18881,864,13366,7145
2016,55049,4809,6669,2016,23751,393,16599,7085
2016,55051,2090,1273,2016,5850,61,4675,1931
2016,55053,4907,3821,2016,20566,634,14390,7780
2016,55055,23410,16561,2016,84538,5821,57118,25453
2016,55057,7123,4073,2016,26399,778,19185,10688
2016,55059,36025,35771,2016,167896,21080,110495,46768
2016,55061,6616,3623,2016,20459,512,14473,7282
2016,55063,26389,32406,2016,117538,2027,74268,23670
2016,55065,3977,3288,2016,16793,589,11340,5741
2016,55067,6436,3260,2016,19414,363,14242,7448
2016,55069,8400,5370,2016,28171,392,20650,10179
2016,55071,23193,14506,2016,80178,2856,57053,28301
2016,55073,39013,26477,2016,135367,3503,92748,41820
2016,55075,12995,6243,2016,41090,612,30114,15575
2016,55077,4714,2809,2016,15082,455,11241,6108
2016,55078,269,1003,2016,4457,254,2508,1321
2016,55079,125846,288797,2016,955306,136609,622645,255346
2016,55081,11352,7048,2016,45365,1825,30563,14851
2016,55083,13253,5884,2016,37475,618,27219,14580
2016,55085,12117,8104,2016,35604,483,27130,11184
2016,55087,49884,38087,2016,181799,7343,121672,48843
2016,55089,30430,20168,2016,87625,2327,60610,15508
2016,55091,2206,1345,2016,7349,114,5222,2684
2016,55093,11258,8382,2016,40881,759,25571,9977
2016,55095,13815,7570,2016,43483,782,30903,14305
2016,55097,17306,18521,2016,70551,2082,44811,17692
2016,55099,4562,2669,2016,13707,207,10604,5384
2016,55101,46611,42512,2016,194873,24266,132031,56263
2016,55103,4023,3577,2016,17642,382,12308,6401
2016,55105,31488,39343,2016,160986,13213,108352,51011
2016,55107,4564,2171,2016,14272,229,10277,5689
2016,55109,26220,17486,2016,86726,1891,57837,17974
2016,55111,14791,14692,2016,63317,3011,43941,20093
2016,55113,5185,3504,2016,16438,373,12099,5282
2016,55115,12742,6056,2016,41384,1041,29421,16000
2016,55117,32458,22956,2016,115269,6888,79871,36182
2016,55119,6589,2398,2016,20521,358,14225,8321
2016,55121,7364,5636,2016,29521,2074,20199,10081
2016,55123,6996,6352,2016,30442,463,20448,10206
2016,55125,8169,4770,2016,21373,430,16560,6410
2016,55127,28851,18706,2016,103021,11224,67197,27352
2016,55129,5404,3284,2016,15685,255,11776,5431
2016,55131,51729,20855,2016,133422,3966,93022,33967
2016,55133,142521,79200,2016,395377,17775,276229,78144
2016,55135,16189,8440,2016,51974,1497,37188,19415
2016,55137,7669,3792,2016,24238,1506,18131,10068
2016,55139,43448,37054,2016,169487,6510,113204,47402
2016,55141,21503,14232,2016,73621,1962,52074,24240
2016,56001,7602,6890,2016,37836,3492,20498,4297
2016,56003,4067,604,2016,11931,1057,8044,3242
2016,56005,15778,1324,2016,48473,4051,30492,13172
2016,56007,4409,1279,2016,15696,2770,10616,4709
2016,56009,5520,668,2016,14223,1094,9561,4554
2016,56011,3348,273,2016,7284,175,5111,1974
2016,56013,11167,4200,2016,40683,2758,27023,11094
2016,56015,4418,924,2016,13546,1425,9463,3602
2016,56017,1939,400,2016,4781,147,3622,1306
2016,56019,3477,638,2016,8572,183,6052,2319
2016,56021,24847,11573,2016,96459,13697,64359,21395
2016,56023,6779,1105,2016,18543,819,12259,4685
2016,56025,23552,6577,2016,80871,6630,54103,20274
2016,56027,1116,115,2016,2498,106,1764,684
2016,56029,11115,2535,2016,29083,1634,20371,6359
2016,56031,3437,719,2016,8740,683,6325,2657
2016,56033,10266,2927,2016,29924,1231,21042,6530
2016,56035,3409,644,2016,10032,784,6976,2944
2016,56037,12154,3231,2016,44812,7107,28407,12335
2016,56039,3921,7314,2016,22623,3433,16920,3457
2016,56041,6154,1202,2016,20893,1872,13039,6125
2016,56043,2911,532,2016,8351,1166,5836,2530
2016,56045,3033,299,2016,7175,72,5179,2139
2020,01001,19838,7503,2020,55639,1601,37860,16153
2020,01003,83544,24578,2020,218289,9947,155563,57095
2020,01005,5622,4816,2020,25026,1110,17797,10858
2020,01007,7525,1986,2020,22374,600,15987,10262
2020,01009,24711,2640,2020,57755,5362,39814,20813
2020,01011,1146,3446,2020,10173,824,6784,4509
2020,01013,5458,3965,2020,19726,290,13820,8311
2020,01015,35101,15216,2020,114324,4406,78967,38990
2020,01017,8753,6365,2020,33427,843,23771,12969
2020,01019,10583,1624,2020,26035,432,19143,10783
2020,01021,16085,3073,2020,44147,3423,30153,18555
2020,01023,4296,3127,2020,12755,69,9263,4949
2020,01025,7324,5755,2020,23866,140,16703,9846
2020,01027,5601,1267,2020,13285,410,9371,5507
2020,01029,6484,675,2020,14952,380,10538,5921
2020,01031,16899,5076,2020,52238,4011,35936,15034
2020,01033,19203,8343,2020,54957,1591,39077,20042
2020,01035,3442,2966,2020,12219,59,8826,5453
2020,01037,3631,1796,2020,10696,137,8281,4876
2020,01039,14586,2721,2020,37096,657,26366,13687
2020,01041,4864,1700,2020,13826,305,9684,5748
2020,01043,36880,4478,2020,83345,3676,58084,29049
2020,01045,14303,5170,2020,49293,3285,33522,15281
2020,01047,5524,12230,2020,38184,108,25611,13388
2020,01049,24767,4281,2020,71430,10530,48306,26424
2020,01051,30164,10367,2020,81526,2427,56633,25171
2020,01053,10869,4918,2020,36775,888,25703,16106
2020,01055,35528,11567,2020,102721,4187,72188,34695
2020,01057,7300,1395,2020,16406,89,11572,6763
2020,01059,10376,2086,2020,31587,5584,21071,12716
2020,01061,10848,1595,2020,26383,1075,18688,10150
2020,01063,875,3884,2020,8221,221,5768,3401
2020,01065,3192,4663,2020,14754,10,10023,5668
2020,01067,6607,2606,2020,17123,453,12214,6326
2020,01069,32618,12917,2020,105319,3551,72863,32532
2020,01071,19670,3717,2020,51765,1541,37102,20637
2020,01073,138843,181688,2020,658615,25757,450079,161197
2020,01075,6174,978,2020,13854,240,9810,5698
2020,01077,31721,11915,2020,92870,2562,64089,29654
2020,01079,12322,3562,2020,32969,745,23401,13781
2020,01081,42221,27860,2020,163461,6093,99315,31722
2020,01083,34640,13672,2020,96921,5840,67974,29953
2020,01085,1836,4972,2020,9936,40,6892,4067
2020,01087,1541,7108,2020,18437,80,11932,5613
2020,01089,102780,87286,2020,367686,18412,252546,70182
2020,01091,5343,5488,2020,19138,495,13025,6873
2020,01093,12205,1463,2020,29818,766,21297,11371
2020,01095,33191,5943,2020,96137,13596,64322,30714
2020,01097,101243,79474,2020,413977,11994,279795,129367
2020,01099,6147,4455,2020,21006,74,14691,9193
2020,01101,33311,64529,2020,226451,7997,150749,55965
2020,01103,39664,13234,2020,119352,10060,82684,39405
2020,01105,1339,3860,2020,9104,178,5723,3304
2020,01107,5594,4022,2020,20049,989,14386,8075
2020,01109,8042,5636,2020,33274,764,19310,8888
2020,01111,8559,2203,2020,22732,663,15993,8550
2020,01113,9864,11228,2020,57938,3268,39280,17449
2020,01115,36166,7744,2020,88929,2177,62328,30589
2020,01117,79700,33268,2020,216350,12354,147791,38761
2020,01119,1598,4648,2020,12595,146,7657,3774
2020,01121,22235,13138,2020,80244,1901,56121,28988
2020,01123,14963,5859,2020,40450,983,28797,14892
2020,01125,51117,37765,2020,208854,7966,130940,51613
2020,01127,26002,4834,2020,63802,1657,44630,23806
2020,01129,6564,2258,2020,16336,141,11148,6502
2020,01131,1833,4048,2020,10552,48,7060,4316
2020,01133,10195,974,2020,23712,743,17189,10359
2020,02013,4652,2666,2020,3389,296,2646,1431
2020,02016,3516,4274,2020,5708,789,4208,2134
2020,02020,2383,4881,2020,292090,27411,192345,57193
2020,04001,11442,23293,2020,71714,4751,45607,22694
2020,04003,35557,23732,2020,126442,44858,88371,31192
2020,04005,27052,44698,2020,142254,20441,84314,25922
2020,04007,18377,8943,2020,53846,10252,39740,16453
2020,04009,10749,4034,2020,38304,12683,24069,10840
2020,04011,2433,1182,2020,9465,4474,5721,2591
2020,04012,5129,2236,2020,21035,5825,16600,8733
2020,04013,995665,1040774,2020,4412779,1374312,2952370,1002787
2020,04015,78535,24831,2020,210998,35276,162227,77753
2020,04017,27657,23383,2020,110271,12881,71918,32622
2020,04019,207758,304981,2020,1038476,389875,699737,227040
2020,04021,107077,75106,2020,447559,136381,311415,134751
2020,04023,6194,13138,2020,46594,38792,29669,14727
2020,04025,91527,49602,2020,232396,34110,179549,61635
2020,04027,36534,32210,2020,211931,135779,134749,70167
2020,05001,4304,1818,2020,17761,598,12360,7048
2020,05003,5548,2125,2020,20000,1122,13605,8625
2020,05005,15836,4635,2020,41673,1010,32046,14845
2020,05007,73965,42249,2020,273510,45827,179425,70510
2020,05009,13652,3064,2020,37525,961,26282,12123
2020,05011,2335,1214,2020,10805,1662,7522,4473
2020,05013,1636,479,2020,5160,216,3773,2316
2020,05015,7424,4023,2020,28062,4237,19859,9857
2020,05017,1752,2260,2020,10433,599,7286,4346
2020,05019,4616,3438,2020,22341,1079,13034,5685
2020,05021,4086,962,2020,14710,325,10462,6058
2020,05023,10328,1988,2020,25063,606,18735,10155
2020,05025,2867,651,2020,8063,0,5743,3251
2020,05027,5500,2814,2020,23620,650,14605,8018
2020,05029,5694,2615,2020,20895,844,14569,7956
2020,05031,25558,11921,2020,109081,5604,70184,31034
2020,05033,18607,4959,2020,63118,5027,42644,21518
2020,05035,7333,8514,2020,48381,1311,30877,15626
2020,05037,4946,1772,2020,16576,341,11444,6737
2020,05039,1573,963,2020,7114,117,5012,2925
2020,05041,1921,2016,2020,11538,734,7722,5019
2020,05043,4349,2426,2020,18263,653,11636,5848
2020,05045,34421,18347,2020,124800,5192,77350,29850
2020,05047,5677,1300,2020,17785,568,12178,6851
2020,05049,3961,1035,2020,12301,77,8978,4700
2020,05051,29069,14045,2020,99043,5699,71918,30082
2020,05053,6794,1268,2020,18229,525,12785,6298
2020,05055,12670,3058,2020,45197,1306,30344,16820
2020,05057,4470,2138,2020,21695,2789,14358,7829
2020,05059,9202,3082,2020,33667,1187,24135,12305
2020,05061,3367,1340,2020,13267,1680,8767,4734
2020,05063,11250,2806,2020,37585,2489,25211,12962
2020,05065,4631,1021,2020,13596,326,10344,5559
2020,05067,3593,1365,2020,16908,501,12163,7305
2020,05069,9521,14981,2020,68123,1482,46169,24357
2020,05071,6938,2283,2020,26475,3700,17447,10750
2020,05073,1757,839,2020,6728,198,4857,3085
2020,05075,4569,1080,2020,16511,268,11280,6061
2020,05077,1286,1423,2020,8963,245,6538,4391
2020,05079,2729,1032,2020,13278,543,9974,6818
2020,05081,3715,1226,2020,12345,455,8756,4700
2020,05083,6441,1544,2020,21619,662,15343,8753
2020,05085,22884,6686,2020,73163,3332,48824,23244
2020,05087,5658,1563,2020,16393,955,11442,7374
2020,05089,5783,1531,2020,16586,392,12677,6152
2020,05091,11920,4245,2020,43515,1499,29613,14495
2020,05093,7296,4558,2020,41396,1805,26968,15295
2020,05095,1545,1147,2020,6879,75,4938,3159
2020,05097,3046,731,2020,8964,386,6737,3417
2020,05099,2133,1076,2020,8249,1,5715,3408
2020,05101,3192,709,2020,7753,72,5622,2899
2020,05103,5294,3995,2020,23597,567,16427,8929
2020,05105,3479,1012,2020,10342,317,7361,3858
2020,05107,2417,3623,2020,18151,355,11940,5926
2020,05109,3519,644,2020,10714,699,7510,3902
2020,05111,5918,1424,2020,23747,762,16190,10378
2020,05113,7035,1246,2020,19999,1311,14018,7143
2020,05115,18081,5772,2020,63926,5882,40986,20079
2020,05117,2786,654,2020,8138,149,5913,3140
2020,05119,63687,101947,2020,393078,24214,267650,92842
2020,05121,5355,1215,2020,17934,395,12421,6385
2020,05123,3242,3604,2020,25477,1356,17947,9876
2020,05125,39556,16060,2020,120990,6017,84048,33350
2020,05127,2962,483,2020,10269,808,7167,4360
2020,05129,3365,588,2020,7898,209,5709,3462
2020,05131,31198,14487,2020,127670,18397,85429,38725
2020,05133,3884,1116,2020,16947,5686,10618,6446
2020,05135,5938,1398,2020,17217,412,12542,7112
2020,05137,4616,1180,2020,12582,245,9303,5080
2020,05139,10478,5584,2020,39089,1571,26540,12815
2020,05141,6034,1593,2020,16578,538,12242,6917
2020,05143,47504,43824,2020,236198,39898,144131,59129
2020,05145,24182,5978,2020,78725,3497,51209,27979
2020,05147,1543,856,2020,6477,15,4591,2790
2020,05149,5226,1284,2020,21425,4397,14574,8923
2020,06001,136309,617659,2020,1661584,369546,1182996,333339
2020,06003,244,476,2020,1159,183,875,292
2020,06005,13585,8153,2020,39023,5591,30797,11939
2020,06007,48730,50426,2020,223344,37585,146135,48035
2020,06009,16518,10046,2020,45828,5710,35367,13911
2020,06011,4559,3239,2020,21491,12840,13721,7637
2020,06013,152877,416386,2020,1147788,295791,794560,217211
2020,06015,6461,4677,2020,27692,5552,19766,10273
2020,06017,61838,51621,2020,190345,24773,139093,37609
2020,06019,164464,193025,2020,990204,528293,610927,276953
2020,06021,7063,3995,2020,28060,11828,18065,9578
2020,06023,21770,44768,2020,136101,16228,93120,30153
2020,06025,20847,34678,2020,180580,152880,110470,61124
2020,06027,4620,4634,2020,17930,4115,13146,5305
2020,06029,164484,133366,2020,892458,480700,543837,283838
2020,06031,24072,18699,2020,151090,82954,93546,48911
2020,06033,13123,14941,2020,64276,13667,46482,20407
2020,06035,8970,2799,2020,30600,5893,22325,11476
2020,06037,1145530,3028885,2020,10040682,4851344,6909179,2802872
2020,06039,29378,23168,2020,155925,90958,97992,50343
2020,06041,24612,128288,2020,259441,41737,190503,31671
2020,06043,5950,4088,2020,17319,2041,13597,4305
2020,06045,13267,28782,2020,87110,22354,62022,24575
2020,06047,39397,48991,2020,273661,164836,162293,90459
2020,06049,3109,1150,2020,8853,1317,6707,3160
2020,06051,2513,4013,2020,14395,3893,10004,3380
2020,06053,46299,113953,2020,432977,255512,276544,130125
2020,06055,20676,49817,2020,138572,47300,98006,31354
2020,06057,26779,36359,2020,99417,9480,76519,18141
2020,06059,676498,814009,2020,3170345,1071393,2182856,680940
2020,06061,122488,106869,2020,391799,55932,275960,62004
2020,06063,6445,4561,2020,18844,1749,14545,4276
2020,06065,449144,528340,2020,2437864,1204521,1587803,697174
2020,06067,259405,440808,2020,1537948,360204,1043134,356544
2020,06069,10590,17628,2020,61547,37015,39958,17542
2020,06071,366257,455859,2020,2162532,1163038,1368278,625324
2020,06073,600094,964650,2020,3323970,1126266,2264907,683389
2020,06075,56417,378156,2020,874784,132865,696575,160428
2020,06077,121098,161137,2020,751615,313385,475460,229660
2020,06079,67436,88310,2020,282517,64275,189942,53349
2020,06081,75584,291496,2020,765623,184490,552852,135195
2020,06083,65736,129963,2020,444895,203207,276105,96868
2020,06085,214612,617967,2020,1924379,482101,1340707,338735
2020,06087,26937,114246,2020,273170,91876,180355,49272
2020,06089,60789,30000,2020,179267,18566,126966,43752
2020,06091,1142,730,2020,2898,293,2302,789
2020,06093,13290,9593,2020,43516,5605,31796,11394
2020,06095,69306,131639,2020,444538,119294,307302,107325
2020,06097,61825,199938,2020,496801,134024,359119,104510
2020,06099,104145,105841,2020,546235,256424,346363,173446
2020,06101,24375,17367,2020,96315,30101,63082,27252
2020,06103,19141,8911,2020,64176,16435,44175,18867
2020,06105,3188,2851,2020,12541,933,9716,4217
2020,06107,77579,66105,2020,463955,301919,274201,149740
2020,06109,17689,11978,2020,54147,6810,41417,14372
2020,06111,162207,251388,2020,845599,361648,573094,193981
2020,06113,27292,67598,2020,218774,69341,128637,38827
2020,06115,17676,11230,2020,77524,22318,48942,20375
2020,08001,95657,134202,2020,509844,205729,329858,145994
2020,08003,3813,3759,2020,16153,7605,9742,3992
2020,08005,127323,213607,2020,649980,126436,444259,125036
2020,08007,5189,3738,2020,13588,2500,10371,2809
2020,08009,1867,317,2020,3570,404,2629,1156
2020,08011,1503,732,2020,5677,1831,4380,2671
2020,08013,42501,159089,2020,324682,44800,215771,34061
2020,08014,16295,29077,2020,69444,8751,48449,8280
2020,08015,6222,7160,2020,19977,1995,15959,5182
2020,08017,993,131,2020,1999,208,1347,447
2020,08019,2754,3604,2020,9533,689,7449,1701
2020,08021,2286,1959,2020,8130,4241,5348,2312
2020,08023,741,1311,2020,3810,2338,2776,1140
2020,08025,1271,437,2020,5733,1830,4135,2569
2020,08027,2474,1112,2020,4941,577,3896,1006
2020,08029,13081,5887,2020,30758,4683,22607,10568
2020,08031,71618,313293,2020,715878,211409,519573,145579
2020,08033,1089,341,2020,1896,268,1574,652
2020,08035,121270,104653,2020,344280,30725,229170,32949
2020,08037,9892,18588,2020,54960,16103,38828,9088
2020,08039,14027,4490,2020,26230,1943,18766,5320
2020,08041,202828,161941,2020,710499,124227,462349,118051
2020,08043,17517,7369,2020,47725,6393,37326,18431
2020,08045,14717,15427,2020,59605,17069,39670,14735
2020,08047,1833,2223,2020,6108,532,4884,1020
2020,08049,4883,4710,2020,15536,1433,11857,3788
2020,08051,3735,7132,2020,17119,1636,10830,2168
2020,08053,353,255,2020,781,75,654,134
2020,08055,2203,2076,2020,6769,2280,5274,1810
2020,08057,681,175,2020,1316,145,1081,355
2020,08059,148417,218396,2020,578795,89639,420450,105559
2020,08061,795,98,2020,1463,66,914,305
2020,08063,3144,662,2020,7246,1360,4914,2128
2020,08065,1497,2303,2020,7845,2044,5847,2003
2020,08067,14233,20548,2020,56138,7259,40307,10092
2020,08069,91489,126120,2020,350523,41082,232230,52096
2020,08071,4284,3497,2020,14323,5886,10465,4109
2020,08073,2135,470,2020,5608,1227,4201,2727
2020,08075,8087,2218,2020,22282,3782,15866,7276
2020,08077,56894,31536,2020,152962,22479,106261,40099
2020,08079,427,317,2020,853,34,700,132
2020,08081,5670,1203,2020,13150,2093,8827,4268
2020,08083,9306,5836,2020,26266,3359,18707,7538
2020,08085,16770,7687,2020,42280,8702,30306,13141
2020,08087,9593,3876,2020,28617,10329,18557,9591
2020,08089,5756,3605,2020,18284,7710,12206,5193
2020,08091,1577,2365,2020,4890,133,3992,599
2020,08093,6991,4903,2020,18345,1175,14650,4244
2020,08095,1958,486,2020,4343,1328,2804,1194
2020,08097,2780,8989,2020,17980,1850,13829,2438
2020,08099,4008,1458,2020,12035,4626,7768,3462
2020,08101,42252,43772,2020,167412,72313,115171,45299
2020,08103,3061,561,2020,6369,658,4292,1675
2020,08105,3660,2495,2020,11300,5012,7707,3247
2020,08107,5925,10582,2020,25317,1768,18845,4134
2020,08109,1413,1884,2020,6730,2418,4917,2242
2020,08111,202,342,2020,646,155,505,177
2020,08113,1136,3924,2020,8110,885,6139,1376
2020,08115,1121,301,2020,2306,441,1581,582
2020,08117,5322,12631,2020,30735,4417,23620,5132
2020,08119,11241,5278,2020,24981,1750,19239,5341
2020,08121,2595,369,2020,4869,509,3389,1340
2020,08123,96145,66060,2020,315389,93385,204048,81200
2020,08125,4107,785,2020,10013,2397,6688,2923
2020,09001,168445,297505,2020,944306,189215,646052,197522
2020,09003,159024,283368,2020,892153,163969,624179,225875
2020,09005,55601,50164,2020,181143,12023,134696,48423
2020,09007,40665,56848,2020,162742,10426,119739,36215
2020,09009,169893,242630,2020,855733,159144,598060,237572
2020,09011,57110,79459,2020,266868,29560,188088,67057
2020,09013,34838,44151,2020,150947,8669,96523,30598
2020,09015,29141,26706,2020,116657,14206,81868,37669
2020,10001,41009,44552,2020,179124,13091,120134,54475
2020,10003,88364,195034,2020,558306,57030,386462,147964
2020,10005,71230,56682,2020,230249,21229,173274,72402
2020,11001,18586,317323,2020,701974,77981,501986,124158
2020,12001,50972,89704,2020,268105,27241,164360,45117
2020,12003,11911,2037,2020,28679,771,19356,11008
2020,12005,66097,25614,2020,180076,11947,127857,49293
2020,12007,10334,3160,2020,27723,1205,20265,12678
2020,12009,207883,148549,2020,594001,63063,442889,152885
2020,12011,333409,618752,2020,1942273,586236,1378777,518825
2020,12013,5274,1209,2020,14324,854,10524,6777
2020,12015,73243,42273,2020,185926,14004,154111,65690
2020,12017,65352,27092,2020,147938,8677,118265,57403
2020,12019,84480,38317,2020,215294,21945,148058,55684
2020,12021,128950,77621,2020,379345,106230,289615,110123
2020,12023,23836,8914,2020,70898,4553,49101,25261
2020,12027,8313,4259,2020,37371,11783,27017,18724
2020,12029,6759,1365,2020,16740,699,12563,8593
2020,12031,233762,252556,2020,948651,96743,650299,247345
2020,12033,96674,70929,2020,316691,18403,214238,78157
2020,12035,43043,28161,2020,112854,12004,86847,35683
2020,12037,4675,2120,2020,11914,669,9302,5121
2020,12039,7465,16153,2020,45787,4776,32149,17689
2020,12041,7895,1700,2020,18245,1091,12566,7215
2020,12043,3782,1385,2020,13777,2924,10591,6762
2020,12045,6113,1985,2020,15073,677,11905,5630
2020,12047,3815,1963,2020,14397,1411,10597,7542
2020,12049,6122,2298,2020,27027,11863,17385,12562
2020,12051,7906,4929,2020,41472,22518,26640,17182
2020,12053,70412,37519,2020,190700,26964,142930,64909
2020,12055,34873,16938,2020,104574,21365,80357,41648
2020,12057,327398,376367,2020,1451358,421930,998338,381255
2020,12059,8080,924,2020,19530,586,14129,9005
2020,12061,58872,37844,2020,156964,19675,121388,46990
2020,12063,15488,6766,2020,47409,2346,34910,19586
2020,12065,4479,3897,2020,14278,600,10993,5701
2020,12067,3128,510,2020,8576,1389,6069,4174
2020,12069,125859,83505,2020,356115,57268,264159,111235
2020,12071,233247,157695,2020,756570,165318,571266,239378
2020,12073,57453,103517,2020,291863,19142,174667,44874
2020,12075,16749,6205,2020,40979,3517,30126,16629
2020,12077,2846,694,2020,8333,381,6009,3933
2020,12079,5576,3747,2020,18557,1099,13744,7851
2020,12081,124987,90166,2020,393847,64617,295965,119771
2020,12083,127826,74858,2020,360210,49391,268804,130338
2020,12085,61168,36893,2020,160420,21987,124381,42461
2020,12086,532833,617864,2020,2705528,1843676,1925941,865083
2020,12087,25693,21881,2020,75137,18478,58963,21041
2020,12089,42566,15564,2020,85762,3884,63530,25877
2020,12091,79798,34248,2020,207430,19758,142590,46397
2020,12093,11470,4390,2020,41611,10755,29483,17397
2020,12095,245398,395014,2020,1373784,441234,926073,328215
2020,12097,73480,97297,2020,363666,198952,240760,104090
2020,12099,334711,433572,2020,1482057,334207,1088087,382741
2020,12101,179621,119073,2020,539885,85695,392420,173094
2020,12103,276209,277450,2020,970985,96064,750170,267074
2020,12105,194586,145049,2020,705735,166076,490414,236894
2020,12107,25514,10527,2020,73784,7483,52815,31504
2020,12109,110946,63850,2020,255410,18550,181632,49210
2020,12111,86831,84137,2020,320914,62070,234071,105138
2020,12113,77385,27612,2020,179587,10333,126041,44947
2020,12115,148370,120110,2020,427766,40134,342639,118078
2020,12117,125241,132528,2020,466695,102310,330423,86021
2020,12119,62761,29341,2020,129938,7554,116720,44664
2020,12121,16410,4485,2020,44290,4244,31790,18657
2020,12123,7751,2299,2020,21709,920,15968,10462
2020,12125,5133,1053,2020,15282,878,11333,6906
2020,12127,173821,130575,2020,546107,79015,405556,165192
2020,12129,12874,5351,2020,32855,1265,23905,11257
2020,12131,32947,10338,2020,71049,4461,52247,20671
2020,12133,9876,2347,2020,25094,968,18243,11043
2020,13001,6526,1779,2020,18428,1834,12338,7436
2020,13003,2300,825,2020,8311,2157,5278,3509
2020,13005,4018,625,2020,11140,933,7331,4570
2020,13007,897,652,2020,3090,141,2292,1197
2020,13009,8903,9140,2020,45072,1063,28134,12971
2020,13011,7795,932,2020,18900,1325,13149,7692
2020,13013,26804,10453,2020,81294,9351,53636,25593
2020,13015,37674,12092,2020,106456,9459,71144,35262
2020,13017,4110,2392,2020,16889,1052,11347,7099
2020,13019,6419,1269,2020,19206,1015,13258,8092
2020,13021,26585,43468,2020,153026,5211,100107,44664
2020,13023,4328,1311,2020,12870,406,8241,4032
2020,13025,6991,699,2020,18924,432,12965,8441
2020,13027,4260,2790,2020,15548,918,11042,5510
2020,13029,14244,6739,2020,38321,2887,24167,8018
2020,13031,18386,11243,2020,77719,3232,43788,17706
2020,13033,5400,5209,2020,22567,727,14530,8000
2020,13035,8406,3274,2020,24463,820,17284,10576
2020,13037,923,1260,2020,6301,314,4685,2878
2020,13039,15251,7967,2020,53960,3768,34585,13892
2020,13043,3133,1269,2020,10834,1272,7170,4470
2020,13045,37476,16238,2020,118692,8327,75307,36418
2020,13047,25167,6932,2020,67181,2046,46650,20360
2020,13049,3419,1103,2020,13032,938,9319,5754
2020,13051,53237,78254,2020,289649,18872,196367,66774
2020,13053,880,667,2020,10470,1699,4876,1790
2020,13055,8064,1854,2020,24826,1325,17132,11316
2020,13057,99587,42794,2020,253780,27044,171751,53766
2020,13059,14446,36048,2020,126952,13671,72056,21909
2020,13061,637,790,2020,2931,10,2161,1107
2020,13063,15813,95476,2020,287560,37854,179050,86879
2020,13065,2105,747,2020,6648,402,4486,2870
2020,13067,165459,221846,2020,756653,98637,510668,131746
2020,13069,10578,4511,2020,43070,5060,28396,17824
2020,13071,11777,4187,2020,45510,8850,29783,18973
2020,13073,50013,29236,2020,154257,10644,102800,32234
2020,13075,4900,2059,2020,17217,1002,11287,5879
2020,13077,51501,24210,2020,145839,10360,98354,36259
2020,13079,4428,1615,2020,12267,424,8702,5063
2020,13081,4987,2986,2020,22509,792,15040,8589
2020,13083,6066,1261,2020,16183,376,11155,6151
2020,13085,13398,2486,2020,25277,1238,17986,6836
2020,13087,6758,4780,2020,26595,1636,17728,9512
2020,13089,58373,308227,2020,755287,63726,515835,156500
2020,13091,5843,2171,2020,20725,766,15069,8384
2020,13093,2159,1911,2020,13571,953,9910,6100
2020,13095,10454,24577,2020,88696,2604,57110,25656
2020,13097,25451,42809,2020,145063,14344,93965,39614
2020,13099,2722,2437,2020,10218,237,6736,3873
2020,13101,1256,167,2020,3944,1108,2683,1883
2020,13103,23358,7720,2020,62241,2941,40609,19636
2020,13105,6226,2879,2020,19164,1112,13505,8417
2020,13107,6551,2884,2020,22525,1033,14899,9492
2020,13109,2888,1324,2020,10671,1257,7125,4404
2020,13111,12169,2571,2020,25797,645,19988,9232
2020,13113,37952,33065,2020,113544,8322,77608,19908
2020,13115,29123,12008,2020,97805,11049,65340,32476
2020,13117,85122,42203,2020,236605,22294,154009,33771
2020,13119,9069,1593,2020,23015,1120,15609,8506
2020,13121,137240,381144,2020,1051550,75345,716013,173504
2020,13123,13429,2932,2020,30986,3637,22968,11738
2020,13125,1403,155,2020,2984,49,2041,1257
2020,13127,25616,15879,2020,85008,5616,59748,22866
2020,13129,19405,4384,2020,57756,9302,38713,21967
2020,13131,7034,3619,2020,24693,2811,16840,9639
2020,13133,7068,4088,2020,17808,1091,13253,5813
2020,13135,166413,241827,2020,926414,196654,591944,204979
2020,13137,16637,3563,2020,45204,7037,30402,16465
2020,13139,64170,25031,2020,201434,57471,132146,64571
2020,13141,1159,2985,2020,8500,130,6842,4599
2020,13143,12331,1792,2020,29608,562,20356,11029
2020,13145,14319,5457,2020,34676,1309,24441,7880
2020,13147,9464,3157,2020,25981,958,19012,10039
2020,13149,4516,824,2020,11785,325,8081,4849
2020,13151,48187,73276,2020,229994,16247,149170,58961
2020,13153,41534,32232,2020,155317,10203,101912,34923
2020,13155,3134,1008,2020,9379,385,6463,3579
2020,13157,29497,7642,2020,70467,5708,47642,22274
2020,13159,5822,1761,2020,14074,548,9777,5578
2020,13161,4695,1028,2020,15063,1848,9674,5677
2020,13163,3537,4061,2020,15489,603,10598,6556
2020,13165,2161,1266,2020,8787,556,6034,4158
2020,13167,2850,1222,2020,9717,251,7052,5229
2020,13169,9965,4888,2020,28622,508,19786,9276
2020,13171,6330,2615,2020,18834,478,12348,6534
2020,13173,2509,1019,2020,10534,669,7079,3727
2020,13175,14493,8073,2020,47404,1297,31828,17534
2020,13177,12007,4558,2020,29735,905,19536,7262
2020,13179,7959,13099,2020,62039,7849,36054,13600
2020,13181,3179,1435,2020,7929,160,5842,3450
2020,13183,3528,2033,2020,19236,2189,12150,6693
2020,13185,25691,20117,2020,116436,6803,68849,30549
2020,13187,12163,3126,2020,33009,1629,20875,8800
2020,13189,6169,4168,2020,21404,684,14403,8071
2020,13191,4016,2612,2020,14217,59,11209,5840
2020,13193,1783,2857,2020,13107,563,9400,5652
2020,13195,11326,3411,2020,29624,1716,20426,10713
2020,13197,2275,1311,2020,8450,653,5960,3422
2020,13199,6524,4287,2020,21080,488,14873,8744
2020,13201,2066,749,2020,5725,31,3988,1755
2020,13205,4935,3995,2020,22072,1029,15369,9078
2020,13207,11060,4384,2020,27455,649,19208,9041
2020,13209,2960,979,2020,9069,623,6029,3302
2020,13211,8230,3355,2020,18832,591,13344,6390
2020,13213,12943,2302,2020,39789,6037,26609,16484
2020,13215,30049,49529,2020,195418,15127,127636,48905
2020,13217,23869,29794,2020,109835,6331,70345,31838
2020,13219,16595,8162,2020,39194,2135,25711,6355
2020,13221,5593,2436,2020,15040,736,10463,5707
2020,13223,54525,29704,2020,164440,10969,107492,43121
2020,13225,6502,5920,2020,27502,2128,17944,8481
2020,13227,14075,2808,2020,32002,1002,23403,10706
2020,13229,7899,1100,2020,19336,960,13021,7704
2020,13231,9127,1505,2020,18565,315,12691,6425
2020,13233,13589,3658,2020,42251,5594,27883,16202
2020,13235,2805,1217,2020,11185,322,8443,4736
2020,13237,8291,3448,2020,21906,1371,15969,7850
2020,13239,604,497,2020,2290,29,1772,1104
2020,13241,7474,1984,2020,16859,1331,13009,5765
2020,13243,1391,1671,2020,6888,237,4602,2712
2020,13245,26781,59124,2020,202178,10287,132953,61611
2020,13247,13012,31244,2020,90155,9153,59934,24404
2020,13249,1800,462,2020,5215,330,3466,1691
2020,13251,3916,2661,2020,13977,334,9942,5616
2020,13253,2611,1254,2020,8218,101,5962,3171
2020,13255,18057,11784,2020,66043,3121,45242,26296
2020,13257,9368,2385,2020,25934,958,17620,10240
2020,13259,801,1182,2020,6446,1017,5097,3219
2020,13261,5732,6318,2020,29714,1727,18878,9681
2020,13263,1392,2114,2020,6245,49,4703,2868
2020,13265,360,561,2020,1596,70,1255,909
2020,13267,6053,2061,2020,25392,3012,17993,11207
2020,13269,2418,1387,2020,8126,59,6044,3598
2020,13271,2825,1487,2020,15871,1815,11876,9255
2020,13273,2004,2376,2020,8654,252,5954,3402
2020,13275,12954,8708,2020,44545,1669,30472,13690
2020,13277,10784,5322,2020,40590,4890,25943,13183
2020,13279,7872,2939,2020,26947,3125,17528,9211
2020,13281,6384,1550,2020,11815,339,8669,3116
2020,13283,2101,952,2020,6787,126,4528,2927
2020,13285,18143,11578,2020,70095,2578,46156,22996
2020,13287,2349,1410,2020,7920,385,5585,3089
2020,13289,2370,2044,2020,8195,128,6256,3897
2020,13291,12651,2801,2020,23999,833,18798,8836
2020,13293,8608,4201,2020,26329,618,18366,10011
2020,13295,23174,5769,2020,69398,1646,48769,24884
2020,13297,37842,12682,2020,93284,4343,62517,29831
2020,13299,9865,4211,2020,35745,1477,24405,14428
2020,13301,1166,1469,2020,5259,0,3899,2583
2020,13303,4663,4730,2020,20316,526,14287,8912
2020,13305,9987,2687,2020,29959,1922,20162,11658
2020,13307,748,639,2020,2587,322,1851,975
2020,13309,1583,689,2020,7897,397,4279,2824
2020,13311,12222,2411,2020,29962,979,21695,10185
2020,13313,25636,10670,2020,104122,36952,67343,39937
2020,13315,2403,862,2020,8701,414,6341,3789
2020,13317,2823,2160,2020,9797,509,7028,4510
2020,13319,2664,2075,2020,8945,262,6214,3976
2020,13321,6830,2395,2020,20346,454,14219,8284
2020,15001,26897,58731,2020,201350,26579,143758,53705
2020,15003,136250,238866,2020,979682,98422,681697,226969
2020,15007,11582,21225,2020,71949,8181,51517,19838
2020,15009,22126,47305,2020,166657,19382,119018,46256
2020,16001,130699,120539,2020,469473,39526,318116,81237
2020,16003,1941,591,2020,4200,158,3303,1433
2020,16005,23331,14682,2020,86742,7707,55226,19229
2020,16007,2914,350,2020,6054,261,3997,1694
2020,16009,3878,977,2020,9231,365,6499,3174
2020,16011,15295,4124,2020,46246,8401,27880,12174
2020,16013,4032,8919,2020,22729,5210,16229,5560
2020,16015,3485,1204,2020,7625,373,6007,2165
2020,16017,18369,8310,2020,44688,1483,33298,12604
2020,16019,37805,14254,2020,116970,15543,71072,23333
2020,16021,4937,1220,2020,12156,624,8367,4310
2020,16023,1202,188,2020,2603,102,1962,798
2020,16025,507,149,2020,1069,28,792,399
2020,16027,61759,25881,2020,223890,56751,138891,62192
2020,16029,2906,431,2020,7028,446,4503,1952
2020,16031,7907,1464,2020,23847,6519,14312,6261
2020,16033,264,41,2020,885,347,564,378
2020,16035,3453,877,2020,8735,369,6814,2903
2020,16037,2089,603,2020,4193,299,3093,1070
2020,16039,7246,2601,2020,27043,4696,16970,6479
2020,16041,5845,657,2020,13736,927,8152,4192
2020,16043,5548,998,2020,13111,1600,8585,3516
2020,16045,7951,1803,2020,17771,1526,12408,6042
2020,16047,4659,1256,2020,15280,4490,9868,5554
2020,16049,7826,1561,2020,16511,568,12240,5255
2020,16051,12099,1661,2020,29238,3077,16850,5656
2020,16053,5734,1893,2020,24074,8831,14663,7676
2020,16055,62837,24312,2020,161676,7776,112546,36990
2020,16057,9472,10236,2020,40052,1777,23003,5474
2020,16059,3592,1032,2020,7929,264,6059,2150
2020,16061,1489,349,2020,3850,185,2755,1062
2020,16063,1469,414,2020,5342,1653,3424,1792
2020,16065,13559,2666,2020,39725,3066,16760,3203
2020,16067,6265,1550,2020,20817,7331,13031,6948
2020,16069,13738,6686,2020,40468,1721,28279,10766
2020,16071,2148,249,2020,4429,195,2839,1192
2020,16073,3819,816,2020,11724,3050,7663,4388
2020,16075,8862,2161,2020,23705,4145,15638,7954
2020,16077,2116,865,2020,7635,2596,4721,2614
2020,16079,4216,1693,2020,12700,469,9224,4683
2020,16081,2858,3318,2020,11776,1936,7928,1887
2020,16083,25897,9391,2020,86198,14344,54964,21622
2020,16085,3947,2976,2020,11085,520,8675,2868
2020,16087,4154,1073,2020,10128,1712,7174,3077
2020,17001,24220,8633,2020,65670,1079,45862,19357
2020,17003,1486,1114,2020,6011,62,4288,2271
2020,17005,5625,2288,2020,16520,593,11841,5117
2020,17007,13883,10542,2020,53293,11825,35103,16005
2020,17009,1931,486,2020,6599,441,4828,2740
2020,17011,10411,6669,2020,32878,3067,23397,10613
2020,17013,2046,677,2020,4782,61,3478,1671
2020,17015,5105,2748,2020,14398,546,10693,5076
2020,17017,3625,1615,2020,12324,2368,8356,4783
2020,17019,35285,57067,2020,210006,12770,122470,33063
2020,17021,11563,4335,2020,32705,528,23717,12244
2020,17023,6226,1993,2020,15602,245,10918,5007
2020,17025,5629,1129,2020,13217,33,9296,4698
2020,17027,14304,4493,2020,37549,1189,26770,11265
2020,17029,14037,8067,2020,51065,1371,32864,13196
2020,17031,558269,1725973,2020,5169517,1308432,3584933,1253312
2020,17033,7043,2202,2020,18833,430,13854,5926
2020,17035,4601,1142,2020,10787,103,7615,3680
2020,17037,21905,24643,2020,104588,11947,61798,20549
2020,17039,5632,2191,2020,15764,445,11222,5264
2020,17041,6227,2335,2020,19551,1432,13086,6498
2020,17043,193611,281222,2020,926005,132736,636291,158520
2020,17045,6193,1887,2020,17272,217,12613,6135
2020,17047,2833,488,2020,6431,88,4531,1909
2020,17049,15006,3716,2020,34151,723,23510,9589
2020,17051,8055,1826,2020,21418,384,15208,8134
2020,17053,5048,1754,2020,13155,466,9231,4129
2020,17055,13622,4760,2020,38688,677,27414,12079
2020,17057,9867,6503,2020,34654,1066,25243,11857
2020,17059,2019,622,2020,4983,54,3629,1894
2020,17061,4770,1349,2020,12988,156,9238,4959
2020,17063,16523,9626,2020,50798,5178,33937,12953
2020,17065,3432,824,2020,8151,123,5826,2559
2020,17067,6906,2315,2020,17820,280,12883,5507
2020,17069,1691,449,2020,3890,30,3014,1488
2020,17071,2394,1187,2020,6737,123,5047,2514
2020,17073,15300,9797,2020,49032,2868,34482,14353
2020,17075,10877,2908,2020,27437,1943,19478,9996
2020,17077,10890,11181,2020,57517,2541,34883,11051
2020,17079,4494,1007,2020,9547,60,6694,2967
2020,17081,12476,4608,2020,37774,1069,26499,11148
2020,17083,8712,2961,2020,21776,319,15152,6526
2020,17085,7166,5109,2020,21429,662,16073,6810
2020,17087,5059,1281,2020,12391,382,9151,4629
2020,17089,96775,130166,2020,531756,169901,348436,129478
2020,17091,28532,20271,2020,109924,11681,72808,33769
2020,17093,29492,33168,2020,127583,24737,81001,25103
2020,17095,12009,10703,2020,50052,2993,34885,16260
2020,17097,123594,204032,2020,699682,153498,458751,134427
2020,17099,30113,22442,2020,108998,10751,76942,35490
2020,17101,4886,1419,2020,15830,446,11574,5972
2020,17103,9630,6407,2020,34204,2192,25052,11189
2020,17105,12208,4615,2020,35757,1707,25269,13218
2020,17107,9136,3840,2020,28818,997,20138,9392
2020,17109,7027,4992,2020,30107,860,18156,6457
2020,17111,82260,78154,2020,307291,41218,209283,68119
2020,17113,40502,43933,2020,172164,8690,105002,29254
2020,17115,28589,19847,2020,104688,2451,72285,31116
2020,17117,16153,7365,2020,45243,572,32156,15592
2020,17119,76031,57836,2020,264403,8885,185257,66975
2020,17121,12678,4524,2020,37524,795,26188,11719
2020,17123,4197,2005,2020,11562,349,8379,3837
2020,17125,4654,1985,2020,13486,157,9785,4992
2020,17127,4997,1725,2020,14041,426,10064,4724
2020,17129,4764,2022,2020,12261,191,8667,3434
2020,17131,5418,3280,2020,15503,394,11108,5336
2020,17133,14142,6569,2020,34444,550,24447,7451
2020,17135,9544,3905,2020,28598,519,20836,10737
2020,17137,9950,5076,2020,34012,878,23741,11848
2020,17139,4964,1662,2020,14557,219,9817,4773
2020,17141,16248,9428,2020,50793,5258,35492,15474
2020,17143,38252,43578,2020,181111,8939,121992,44420
2020,17145,7313,2612,2020,21092,666,15264,8187
2020,17147,6248,3329,2020,16412,231,11579,4567
2020,17149,6332,1484,2020,15571,203,10890,5599
2020,17151,1722,433,2020,4177,125,3385,1868
2020,17153,1699,891,2020,5414,132,3840,1929
2020,17155,1993,1338,2020,5720,333,4205,1843
2020,17157,11076,3592,2020,31973,1032,23242,12519
2020,17159,6089,1830,2020,15677,272,10968,4171
2020,17161,28603,36691,2020,142801,18650,98374,39629
2020,17163,57150,68325,2020,261186,11025,178199,64352
2020,17165,8103,2789,2020,23735,418,17031,6919
2020,17167,53485,48917,2020,195963,4622,136380,47813
2020,17169,2773,1068,2020,6897,59,5256,2311
2020,17171,2114,572,2020,4982,58,3573,1898
2020,17173,9426,2504,2020,21623,241,15517,7926
2020,17175,2004,815,2020,5393,106,3839,1930
2020,17177,12521,9055,2020,44683,1858,31749,13243
2020,17179,42513,24819,2020,132524,3201,92898,35968
2020,17181,6161,2579,2020,16829,888,12122,5539
2020,17183,20725,10323,2020,76704,3956,52408,27069
2020,17185,4237,1253,2020,11390,255,8129,3194
2020,17187,4676,3090,2020,16981,1657,11108,5037
2020,17189,6115,1641,2020,13967,203,10111,4068
2020,17191,7176,1187,2020,16309,256,11530,5471
2020,17193,5791,1517,2020,13712,207,9889,4334
2020,17195,14527,12253,2020,55583,6809,39106,18090
2020,17197,155116,183915,2020,689704,122209,454786,158241
2020,17199,22801,10206,2020,66929,1807,47751,17878
2020,17201,60861,64056,2020,283635,37130,193630,83239
2020,17203,14799,6160,2020,38503,721,26014,9318
2020,18001,10686,3236,2020,35544,1626,21307,12169
2020,18003,92083,73189,2020,375520,28676,245032,94880
2020,18005,22410,12934,2020,83280,6018,56709,23267
2020,18007,3007,1009,2020,8695,473,5858,2926
2020,18009,3841,1376,2020,11926,207,8448,4757
2020,18011,22351,15244,2020,66875,2108,44301,10643
2020,18013,5777,3036,2020,15093,272,11498,4561
2020,18015,7086,2224,2020,20137,867,14131,7491
2020,18017,10552,4304,2020,37727,5922,25941,14410
2020,18019,33668,23093,2020,117410,6450,81421,36951
2020,18021,9499,2552,2020,26231,393,18224,9372
2020,18023,9334,3361,2020,32186,5174,21193,12341
2020,18025,3483,1355,2020,10582,169,7440,4796
2020,18027,9576,2169,2020,33277,1777,20653,12311
2020,18029,19528,5446,2020,49612,667,34540,16403
2020,18031,9575,2439,2020,26587,550,17888,9643
2020,18033,14237,4966,2020,43193,1240,29231,15463
2020,18035,26827,20474,2020,114461,2873,71084,31344
2020,18037,15033,6292,2020,42534,3380,28873,13942
2020,18039,46972,26108,2020,205184,33339,130354,69657
2020,18041,7755,2237,2020,23068,297,16145,9851
2020,18043,23400,17511,2020,77879,2664,53778,21155
2020,18045,6154,1629,2020,16456,427,11570,6434
2020,18047,9691,2137,2020,22750,267,15588,8169
2020,18049,6694,2280,2020,20069,1060,13828,7323
2020,18051,11817,4023,2020,33711,568,22864,11175
2020,18053,18543,8015,2020,66055,2938,43925,22155
2020,18055,11103,3389,2020,32174,531,22864,11938
2020,18057,101587,88390,2020,330455,13662,215988,38312
2020,18059,28996,12895,2020,76614,1931,52980,20169
2020,18061,14565,5343,2020,40164,805,28361,14705
2020,18063,53802,32604,2020,166806,6831,111321,36301
2020,18065,15043,5544,2020,48158,916,34340,18380
2020,18067,26449,13303,2020,82486,2877,57190,26668
2020,18069,13147,4255,2020,36351,905,25021,12462
2020,18071,14555,4302,2020,44077,3238,30042,15539
2020,18073,11383,3798,2020,33433,2050,22720,12534
2020,18075,6361,1926,2020,20697,666,13811,8160
2020,18077,9663,4731,2020,32167,918,22423,11715
2020,18079,9490,2523,2020,27639,728,18925,10721
2020,18081,51219,24736,2020,156148,5711,104262,40865
2020,18083,11655,4067,2020,36833,834,24574,11770
2020,18085,26499,8364,2020,79156,6386,52939,25077
2020,18087,8110,2355,2020,39537,1639,23129,15959
2020,18089,91760,124870,2020,485983,94064,329434,152797
2020,18091,25997,22427,2020,110026,7510,77283,38748
2020,18093,15601,4961,2020,45552,766,32211,16819
2020,18095,31215,19524,2020,129486,5492,90274,45973
2020,18097,134175,247772,2020,957337,100911,630976,257532
2020,18099,13844,5712,2020,46336,4731,30941,16471
2020,18101,4029,1011,2020,10169,247,7130,3983
2020,18103,10925,3235,2020,35684,1225,24863,13763
2020,18105,22071,39861,2020,147318,5169,85442,24777
2020,18107,12659,4213,2020,38295,1872,26222,13142
2020,18109,27512,7781,2020,70141,1176,48605,25330
2020,18111,4942,1509,2020,13981,953,9967,5902
2020,18113,14195,4660,2020,47640,4974,31910,17893
2020,18115,2054,668,2020,5890,80,4399,2365
2020,18117,6432,2224,2020,19552,145,13649,8251
2020,18119,7286,2420,2020,20854,271,15035,8607
2020,18121,5400,1503,2020,16912,265,11904,6550
2020,18123,5345,3203,2020,19091,281,13628,7574
2020,18125,4692,1415,2020,12364,181,8733,4986
2020,18127,45008,39746,2020,169482,17335,116954,47729
2020,18129,9206,3811,2020,25480,314,18003,7924
2020,18131,4246,1463,2020,12482,391,8687,4855
2020,18133,12278,3946,2020,37419,753,25010,13219
2020,18135,8312,2513,2020,24694,899,17195,9168
2020,18137,11261,2774,2020,28457,526,19326,10001
2020,18139,6035,1754,2020,16632,283,11609,6743
2020,18141,53164,59896,2020,270881,24153,177072,71101
2020,18143,7331,2701,2020,23785,574,16501,10131
2020,18145,14568,5023,2020,44559,1984,31002,17099
2020,18147,7357,3213,2020,20364,604,14454,7462
2020,18149,7466,2650,2020,22996,919,15841,9296
2020,18151,11327,4513,2020,34591,1288,23960,11483
2020,18153,6691,2153,2020,20647,368,14956,8226
2020,18155,3133,964,2020,10727,211,7320,4963
2020,18157,34581,35017,2020,193302,16372,107389,37691
2020,18159,6110,1834,2020,15154,458,10853,5327
2020,18161,2688,736,2020,7140,155,5101,2702
2020,18163,41844,34415,2020,181548,5034,124548,51374
2020,18165,5184,2145,2020,15485,208,10915,5550
2020,18167,24545,18123,2020,107305,2971,69375,29769
2020,18169,10762,3494,2020,31198,832,21456,11420
2020,18171,3401,974,2020,8219,166,5909,2830
2020,18173,21326,11923,2020,62608,1213,43205,14865
2020,18175,9114,2784,2020,27942,374,19451,11162
2020,18177,17567,9524,2020,66176,2065,45434,22100
2020,18179,10855,2928,2020,28010,873,19022,9146
2020,18181,7957,3032,2020,24163,2083,16718,8536
2020,18183,12862,4234,2020,33899,726,23594,10622
2020,19001,2922,1198,2020,7048,157,5101,2328
2020,19003,1535,590,2020,3633,53,2650,1204
2020,19005,4744,2576,2020,13761,945,9642,4821
2020,19007,4522,1891,2020,12462,264,8852,3937
2020,19009,2299,1071,2020,5528,45,4012,1814
2020,19011,9208,5160,2020,25558,394,17768,7737
2020,19013,29813,35647,2020,131813,5952,83770,31907
2020,19015,8729,6303,2020,26381,719,18654,7147
2020,19017,8324,5958,2020,25032,407,16512,5723
2020,19019,6430,4169,2020,21141,344,14039,5954
2020,19021,5074,2961,2020,19950,5179,12467,6513
2020,19023,5556,2424,2020,14508,210,10282,4471
2020,19025,3698,1470,2020,9656,196,6939,3062
2020,19027,7766,3454,2020,20150,525,13776,5476
2020,19029,4979,2201,2020,12990,381,9314,4050
2020,19031,6184,4337,2020,18475,398,13072,5751
2020,19033,12499,10941,2020,42672,2143,30537,12341
2020,19035,4510,1936,2020,11281,94,8192,3590
2020,19037,4322,2233,2020,11970,338,8214,4195
2020,19039,3153,1466,2020,9383,1425,6410,3513
2020,19041,6158,2662,2020,16138,622,11227,4285
2020,19043,6119,3340,2020,17527,352,12680,6902
2020,19045,13410,10812,2020,46734,1491,32711,15298
2020,19047,4862,2220,2020,16998,4847,10952,6256
2020,19049,28162,26879,2020,90418,5583,59174,13500
2020,19051,3035,1013,2020,8977,137,5619,2756
2020,19053,2618,1120,2020,7908,252,4835,2323
2020,19055,6688,3157,2020,17107,266,11781,6139
2020,19057,10642,8893,2020,39227,1318,27405,11218
2020,19059,7452,3661,2020,17260,375,12843,3906
2020,19061,27358,25657,2020,97193,2511,65198,25708
2020,19063,3268,1520,2020,9322,907,6456,2729
2020,19065,6174,3835,2020,19604,511,13626,6784
2020,19067,4747,3172,2020,15713,574,10888,4932
2020,19069,3433,1626,2020,10091,1305,7098,3215
2020,19071,2717,1080,2020,6895,201,4996,2041
2020,19073,3229,1769,2020,8923,264,6307,2835
2020,19075,4945,2206,2020,12262,164,8622,3153
2020,19077,4280,1985,2020,10702,295,7593,3278
2020,19079,4982,2843,2020,14905,922,10508,4026
2020,19081,4401,1683,2020,10709,499,7652,3348
2020,19083,5864,2976,2020,16924,760,12033,5082
2020,19085,5580,2440,2020,14043,267,9870,4579
2020,19087,6525,3275,2020,19889,989,13589,5938
2020,19089,3133,1772,2020,9201,153,6260,2979
2020,19091,3825,1442,2020,9518,433,6653,2939
2020,19093,2885,917,2020,6862,191,4706,2245
2020,19095,6035,3547,2020,16155,483,11290,4817
2020,19097,6957,4029,2020,19348,296,13598,6558
2020,19099,12125,7737,2020,37032,899,26156,12387
2020,19101,4476,4319,2020,18153,573,13202,4424
2020,19103,23206,59177,2020,150819,8634,89292,17913
2020,19105,6596,4213,2020,20575,422,14735,6746
2020,19107,3809,1414,2020,10163,205,7132,3457
2020,19109,6288,2696,2020,14864,469,10457,4499
2020,19111,9808,6541,2020,33946,1241,24161,10903
2020,19113,53744,70874,2020,225601,7647,152583,48438
2020,19115,3506,1726,2020,11125,1774,7755,4151
2020,19117,3295,1284,2020,8556,189,5977,2953
2020,19119,5718,1067,2020,11800,335,7635,3541
2020,19121,6525,3134,2020,16148,354,11084,4253
2020,19123,8320,2894,2020,22351,510,14890,7300
2020,19125,12722,6178,2020,33193,676,22031,8499
2020,19127,9610,8176,2020,39804,9050,26327,12832
2020,19129,5616,2508,2020,15023,500,10433,4100
2020,19131,3684,2053,2020,10588,163,7253,3254
2020,19133,3262,1407,2020,8675,191,6301,2944
2020,19135,2978,1078,2020,7761,178,5389,2637
2020,19137,3666,1583,2020,10016,403,6924,2964
2020,19139,10865,9372,2020,42703,7742,28379,13004
2020,19141,5871,1569,2020,13796,711,9505,4252
2020,19143,2695,601,2020,6016,499,4236,2039
2020,19145,5328,2086,2020,15205,554,11172,4905
2020,19147,3378,1519,2020,8941,268,6178,2288
2020,19149,10515,3494,2020,25141,1353,16977,6955
2020,19151,2832,933,2020,6725,273,4741,2227
2020,19153,107564,146250,2020,485418,41226,322564,105311
2020,19155,26352,18575,2020,93478,7470,63529,27577
2020,19157,5673,4306,2020,18391,604,11990,5367
2020,19159,1974,709,2020,4922,129,3324,1506
2020,19161,4069,1389,2020,9711,337,6887,3006
2020,19163,43958,46926,2020,172938,12031,117528,41304
2020,19165,4711,1959,2020,11544,353,8235,3567
2020,19167,15775,3019,2020,34900,3805,20812,7792
2020,19169,20541,29175,2020,97355,3487,51569,10449
2020,19171,5325,3577,2020,16962,1790,11485,5717
2020,19173,2470,746,2020,6160,492,4253,2078
2020,19175,4024,2061,2020,12303,378,8453,3576
2020,19177,2870,875,2020,7104,117,5006,2406
2020,19179,9536,5821,2020,35102,3844,24014,11487
2020,19181,17868,12574,2020,50867,1503,33611,11979
2020,19183,6991,4561,2020,22100,1432,15006,7214
2020,19185,2344,727,2020,6426,105,4343,2373
2020,19187,10970,6613,2020,36348,1978,24550,10468
2020,19189,3726,2135,2020,10474,520,7079,2865
2020,19191,6263,5617,2020,20090,463,13235,5064
2020,19193,25926,18704,2020,102687,17583,65998,29080
2020,19195,2742,1596,2020,7422,226,5328,2397
2020,19197,4148,1996,2020,12644,1584,8787,4021
2020,20001,4218,1570,2020,12503,466,8531,3718
2020,20003,2929,782,2020,7877,172,5266,2688
2020,20005,4906,2359,2020,16210,499,10171,5021
2020,20007,2014,291,2020,4493,253,3099,1305
2020,20009,8608,2340,2020,26209,3947,17830,7496
2020,20011,5023,1541,2020,14539,405,9648,4020
2020,20013,3262,1104,2020,9575,482,6503,2975
2020,20015,22634,9181,2020,66890,3376,44039,15481
2020,20017,1123,345,2020,2604,134,1823,645
2020,20019,1402,212,2020,3280,135,2412,1159
2020,20021,6766,2194,2020,20017,562,13750,6121
2020,20023,1183,224,2020,2639,183,1899,701
2020,20025,904,143,2020,2006,73,1433,429
2020,20027,3177,894,2020,8030,213,5704,2387
2020,20029,3242,920,2020,8831,298,5921,2249
2020,20031,3489,964,2020,8218,238,5880,2339
2020,20033,762,126,2020,1759,83,1303,537
2020,20035,9656,4273,2020,35090,3904,23153,8868
2020,20037,10045,6179,2020,38874,2302,23543,8906
2020,20039,1260,218,2020,2826,92,2105,922
2020,20041,7126,2060,2020,18614,914,13045,5100
2020,20043,2976,686,2020,7616,216,5018,2090
2020,20045,17286,40785,2020,121304,7762,70889,16446
2020,20047,1141,271,2020,2822,584,2084,861
2020,20049,1140,195,2020,2502,113,1896,970
2020,20051,9758,3737,2020,28747,1718,17760,5383
2020,20053,2148,648,2020,6176,393,4498,1806
2020,20055,7236,4325,2020,36451,18275,21555,11213
2020,20057,5803,2947,2020,33718,18621,20199,10414
2020,20059,8479,3690,2020,25643,1118,17219,7765
2020,20061,5323,3983,2020,33309,5560,17989,5201
2020,20063,1291,166,2020,2650,58,1884,846
2020,20065,1080,228,2020,2464,82,1772,736
2020,20067,1936,518,2020,7324,3520,4380,2125
2020,20069,1911,341,2020,6020,969,3757,1660
2020,20071,549,78,2020,1156,269,720,286
2020,20073,2444,569,2020,6010,240,4372,1957
2020,20075,698,141,2020,2552,944,1643,1003
2020,20077,2168,461,2020,5506,342,3802,1851
2020,20079,10182,6747,2020,34434,4199,22673,7264
2020,20081,1122,268,2020,3990,1236,2541,1271
2020,20083,875,154,2020,1872,175,1324,407
2020,20085,4517,1881,2020,13249,667,8858,4100
2020,20087,6334,3194,2020,18974,550,13349,6009
2020,20089,1387,212,2020,2854,69,2157,958
2020,20091,155631,184259,2020,597574,46561,404888,72205
2020,20093,1164,267,2020,3863,1224,2224,1274
2020,20095,3130,752,2020,7173,265,5097,2001
2020,20097,980,156,2020,2483,150,1600,666
2020,20099,5735,2655,2020,19938,945,13700,5593
2020,20101,762,115,2020,1523,158,1070,404
2020,20103,21610,13886,2020,81499,5806,55300,19643
2020,20105,1283,266,2020,3013,66,2114,695
2020,20107,4048,896,2020,9687,278,6923,3379
2020,20109,1249,186,2020,2789,170,1919,718
2020,20111,7550,6055,2020,33237,7149,19919,8628
2020,20113,9964,4134,2020,28557,1241,19476,6963
2020,20115,4465,1516,2020,11865,450,8171,3110
2020,20117,3729,1259,2020,9713,251,6779,3378
2020,20119,1523,263,2020,4120,908,2650,1083
2020,20121,12308,5247,2020,33740,1118,22979,8377
2020,20123,2504,558,2020,6053,154,4077,1414
2020,20125,9931,3228,2020,32114,2231,21843,8977
2020,20127,2124,729,2020,5551,297,4079,1756
2020,20129,1034,150,2020,2656,629,1827,854
2020,20131,4664,927,2020,10109,220,6633,2868
2020,20133,4970,1796,2020,16008,948,10765,4340
2020,20135,1339,149,2020,2838,308,2000,787
2020,20137,2007,364,2020,5416,285,3993,1611
2020,20139,5705,2136,2020,15855,543,11004,5307
2020,20141,1629,281,2020,3494,79,2534,983
2020,20143,2610,506,2020,5776,170,4075,1611
2020,20145,2045,643,2020,6539,505,5011,2185
2020,20147,2418,318,2020,5297,183,3748,1553
2020,20149,9452,3313,2020,24203,1260,15360,5355
2020,20151,3108,933,2020,9324,662,6042,2002
2020,20153,1261,214,2020,2490,187,1865,635
2020,20155,18443,8886,2020,62421,6034,43113,16945
2020,20157,2182,424,2020,4607,97,3338,1167
2020,20159,3262,965,2020,9532,1099,6193,2368
2020,20161,11610,12765,2020,74059,6188,37619,7613
2020,20163,2325,339,2020,4985,129,3529,1405
2020,20165,1350,295,2020,2953,90,2114,804
2020,20167,2790,600,2020,6896,255,4888,1686
2020,20169,15722,8214,2020,54384,6288,36941,13902
2020,20171,2014,299,2020,4893,903,3220,1426
2020,20173,122416,95870,2020,515416,76702,335175,122505
2020,20175,3372,1833,2020,21902,13607,12792,7769
2020,20177,40443,43015,2020,177293,22414,120643,47030
2020,20179,1282,147,2020,2515,138,1819,741
2020,20181,2269,396,2020,5904,718,4091,1558
2020,20183,1763,336,2020,3594,89,2677,1141
2020,20185,1645,357,2020,4125,548,2829,994
2020,20187,614,148,2020,2030,741,1346,713
2020,20189,1760,237,2020,5498,2021,3369,1632
2020,20191,8105,2591,2020,22928,1282,15581,6483
2020,20193,3130,625,2020,7748,540,5001,1484
2020,20195,1363,242,2020,2802,66,2115,736
2020,20197,2845,964,2020,6877,281,4761,1901
2020,20199,770,44,2020,1583,94,1094,404
2020,20201,2363,475,2020,5474,214,3861,1874
2020,20203,808,149,2020,2112,619,1474,570
2020,20205,3153,723,2020,8600,289,5991,2734
2020,20207,1228,294,2020,3117,11,2335,1072
2020,20209,18934,36788,2020,165447,48333,105019,54898
2020,21001,7276,1392,2020,19366,402,13093,7458
2020,21003,7586,1642,2020,21065,447,14469,8166
2020,21005,9657,3347,2020,22580,431,15532,7059
2020,21007,3356,825,2020,7914,108,5615,2838
2020,21009,14654,5127,2020,44026,1470,30068,17873
2020,21011,3986,1573,2020,12421,209,8288,5297
2020,21013,8140,1789,2020,26426,315,18692,12731
2020,21015,44811,20897,2020,132368,5660,86983,30806
2020,21017,6190,3296,2020,19998,1371,13823,7089
2020,21019,14295,7083,2020,47361,886,33923,15389
2020,21021,8872,5298,2020,30090,1005,20112,9192
2020,21023,3398,800,2020,8308,46,5744,3460
2020,21025,4265,1301,2020,12802,156,9105,5566
2020,21027,7701,2350,2020,20283,334,14083,7876
2020,21029,30708,10551,2020,80921,1771,56737,29899
2020,21031,4960,1079,2020,12756,433,8960,5641
2020,21033,4906,1433,2020,12679,213,8957,4869
2020,21035,11351,5794,2020,38991,1076,24464,9873
2020,21037,28482,19373,2020,93608,1953,64375,23161
2020,21039,2159,463,2020,4738,113,3299,1942
2020,21041,2954,1116,2020,10691,718,7127,4318
2020,21043,8775,2642,2020,26976,298,18403,11054
2020,21045,6179,918,2020,15968,465,11128,7331
2020,21047,15080,8296,2020,71470,5812,40563,17537
2020,21049,11811,6004,2020,36152,1112,25570,12424
2020,21051,6677,831,2020,20110,268,14396,10235
2020,21053,4280,603,2020,10175,294,7209,4657
2020,21055,3451,731,2020,8940,121,6327,3836
2020,21057,2769,508,2020,6660,92,4879,2976
2020,21059,31023,17283,2020,101001,3304,67995,29181
2020,21061,4828,1227,2020,12195,172,8852,5412
2020,21063,2246,712,2020,7461,67,5498,3802
2020,21065,5100,1355,2020,14187,173,10264,7143
2020,21067,58845,90566,2020,322200,23242,210053,56831
2020,21069,5534,1474,2020,14519,117,9906,5866
2020,21071,12250,3884,2020,35931,321,25281,15796
2020,21073,12900,12650,2020,50744,1821,35705,14051
2020,21075,1605,791,2020,6064,101,4382,2547
2020,21077,2955,822,2020,8760,457,5905,3881
2020,21079,6754,1830,2020,17554,384,12608,6633
2020,21081,8725,2205,2020,25107,724,16151,9650
2020,21083,13206,3559,2020,37125,2575,25036,13379
2020,21085,9453,2400,2020,26313,368,17921,11125
2020,21087,4838,920,2020,11000,183,7978,5150
2020,21089,13064,4873,2020,35359,384,25243,11943
2020,21091,3145,1351,2020,8748,43,5894,3365
2020,21093,29832,18101,2020,109627,6326,72705,27739
2020,21095,9367,1494,2020,26307,267,18505,11090
2020,21097,6334,2400,2020,18763,458,13095,7333
2020,21099,6345,1908,2020,18833,356,12708,8257
2020,21101,12730,7639,2020,45550,1200,31816,15981
2020,21103,5843,2142,2020,15999,538,11019,6538
2020,21105,1714,458,2020,4461,92,3175,1683
2020,21107,15757,5439,2020,45044,974,31400,16386
2020,21109,5453,605,2020,13368,28,9418,6838
2020,21111,150619,228288,2020,768419,43892,532550,188238
2020,21113,17096,8567,2020,53476,1949,35395,15107
2020,21115,8450,1608,2020,22427,148,15828,9193
2020,21117,48123,32265,2020,166552,5589,113499,41917
2020,21119,4779,1412,2020,15041,152,10459,6015
2020,21121,11012,2114,2020,31288,409,20960,13236
2020,21123,5685,1504,2020,14269,469,10092,5300
2020,21125,23234,4474,2020,60631,936,42017,23530
2020,21127,5633,1238,2020,15604,205,10830,7391
2020,21129,2159,459,2020,7088,32,5132,3527
2020,21131,4321,446,2020,10081,11,7251,4526
2020,21133,7226,1799,2020,21936,189,15742,9166
2020,21135,4986,823,2020,13345,7,9405,6146
2020,21137,8489,2254,2020,24493,421,16956,10517
2020,21139,4010,939,2020,9172,192,6606,3625
2020,21141,9067,3094,2020,27049,777,18589,10498
2020,21143,3100,1092,2020,8226,195,6557,3439
2020,21145,21820,11190,2020,65485,1694,46066,18431
2020,21147,5664,725,2020,17333,426,12211,7718
2020,21149,3633,1074,2020,9202,134,6416,3334
2020,21151,27353,15580,2020,92090,2330,56538,21729
2020,21153,4174,1213,2020,12346,138,8632,5691
2020,21155,6113,2722,2020,19257,528,13034,7887
2020,21157,13297,4071,2020,31225,534,22834,10308
2020,21159,3496,403,2020,11421,270,8346,4938
2020,21161,5477,2362,2020,17122,359,11850,5571
2020,21163,10184,3632,2020,28379,1068,19549,8989
2020,21165,2311,750,2020,6463,178,4671,3164
2020,21167,8506,3033,2020,21690,662,15080,7462
2020,21169,3959,975,2020,10062,145,6997,4278
2020,21171,4628,657,2020,10616,329,7433,4631
2020,21173,8993,3630,2020,28042,803,19104,10741
2020,21175,4297,1172,2020,13270,222,9862,6273
2020,21177,10496,3544,2020,30815,490,21740,12843
2020,21179,15703,7188,2020,45915,1022,31363,13743
2020,21181,2408,955,2020,7189,108,4918,3196
2020,21183,8582,2404,2020,24081,825,16375,9542
2020,21185,22651,14504,2020,66508,2654,43988,11173
2020,21187,4292,1098,2020,10847,78,7534,4663
2020,21189,1670,216,2020,4416,0,3170,2227
2020,21191,5515,1322,2020,14587,204,10091,5831
2020,21193,8118,2350,2020,26266,288,18446,9937
2020,21195,20279,4862,2020,58595,562,41689,25636
2020,21197,4041,1367,2020,12283,233,8310,4955
2020,21199,25441,5664,2020,64789,1660,45691,22904
2020,21201,884,253,2020,2139,38,1519,826
2020,21203,6577,1134,2020,16795,167,11887,7432
2020,21205,5994,3880,2020,24534,441,14170,6664
2020,21207,7506,1329,2020,17846,679,12548,6899
2020,21209,17764,10564,2020,55961,2438,36663,13522
2020,21211,15054,8076,2020,48100,4601,33047,13771
2020,21213,5888,2681,2020,18319,466,12312,7248
2020,21215,8737,2530,2020,18945,466,13221,5852
2020,21217,9376,2961,2020,25572,632,16785,8337
2020,21219,4060,1202,2020,12334,540,8138,4988
2020,21221,5487,1791,2020,14569,334,10330,4558
2020,21223,3227,1012,2020,8528,280,5973,3655
2020,21225,4965,1529,2020,14582,181,9455,5189
2020,21227,31790,22477,2020,130836,7047,79725,30689
2020,21229,4482,1644,2020,12044,181,8281,4554
2020,21231,7430,1700,2020,20447,699,14645,9575
2020,21233,4506,1412,2020,13021,729,8937,5552
2020,21235,12567,2552,2020,36252,496,23113,13162
2020,21237,2097,839,2020,7188,2,5141,3288
2020,21239,8362,6530,2020,26486,1761,18358,6758
2020,22001,22596,5443,2020,62371,1685,41519,25616
2020,22003,7574,2108,2020,25572,1708,17892,11017
2020,22005,40687,20399,2020,125061,7215,81370,32696
2020,22007,7271,3833,2020,22236,701,15478,10043
2020,22009,12028,4979,2020,40465,801,27683,16219
2020,22011,13575,2542,2020,37387,1400,24993,12478
2020,22013,3891,3067,2020,13391,258,9389,5664
2020,22015,38074,15662,2020,126952,8466,84126,31832
2020,22017,48021,55110,2020,243243,6942,165002,73549
2020,22019,55066,25982,2020,202858,7770,134563,62223
2020,22021,3976,745,2020,9959,107,6839,4594
2020,22023,3671,324,2020,6963,322,5019,2615
2020,22025,3541,1269,2020,9586,356,6805,4374
2020,22027,3770,2731,2020,15854,242,11775,7566
2020,22029,5550,3177,2020,19533,404,13138,7815
2020,22031,9112,5457,2020,27395,808,18675,11181
2020,22033,88420,115577,2020,443158,18896,281253,101592
2020,22035,1080,1900,2020,6947,51,4304,3028
2020,22037,6064,4280,2020,19228,326,14278,8870
2020,22039,11053,4158,2020,33491,1278,22237,14444
2020,22041,6970,2658,2020,20109,119,13425,8750
2020,22043,8117,1157,2020,22339,1158,16022,9488
2020,22045,21251,11027,2020,70763,3058,46245,27928
2020,22047,7893,8514,2020,32626,886,23193,14189
2020,22049,5394,2143,2020,15822,277,11257,6738
2020,22051,105949,84477,2020,434903,63712,306098,134280
2020,22053,11423,3208,2020,31425,786,20886,12356
2020,22055,72519,39685,2020,243692,11174,163807,66683
2020,22057,36024,8672,2020,97980,4273,66896,41213
2020,22059,6378,638,2020,14950,435,10057,6405
2020,22061,11311,7559,2020,47118,1456,25742,10031
2020,22063,54877,9249,2020,140524,5563,93315,49011
2020,22065,1930,2654,2020,11137,250,7511,4319
2020,22067,6510,4946,2020,25189,120,17132,10147
2020,22069,9358,6896,2020,38505,923,23037,11546
2020,22071,26664,147854,2020,391249,21452,279378,98019
2020,22073,42255,25913,2020,154679,3458,101152,47294
2020,22075,7412,3414,2020,23305,1780,15440,7719
2020,22077,7503,4683,2020,21883,610,15218,8780
2020,22079,38347,19475,2020,130376,4280,86682,43161
2020,22081,2413,1644,2020,8462,37,5811,3870
2020,22083,6607,3225,2020,20251,460,13806,8316
2020,22085,8776,1731,2020,23915,946,16547,10249
2020,22087,11179,6151,2020,46694,4729,30710,15829
2020,22089,18233,9800,2020,52856,3296,35477,15097
2020,22091,2714,3346,2020,10227,194,7234,4432
2020,22093,5954,6510,2020,21142,371,14620,8019
2020,22095,7538,13582,2020,43055,2735,28715,14316
2020,22097,23171,17372,2020,82786,1882,53662,33585
2020,22099,18203,8439,2020,53607,1639,36153,22320
2020,22101,14811,8055,2020,50020,3491,34086,23528
2020,22103,99666,37746,2020,258447,14886,177190,61479
2020,22105,37806,18887,2020,133753,5831,87361,46269
2020,22107,1197,1329,2020,4435,100,3135,1911
2020,22109,34339,11198,2020,111297,5726,74061,43143
2020,22111,8407,2654,2020,22270,1068,15905,9465
2020,22113,21930,5009,2020,59787,2149,39837,24483
2020,22115,14107,2898,2020,49315,4691,30032,15399
2020,22117,13307,5970,2020,46325,1108,31611,19631
2020,22119,11830,6172,2020,38813,775,26966,15301
2020,22121,7684,6200,2020,26395,848,18022,8933
2020,22123,4317,710,2020,10934,435,7605,5129
2020,22125,3863,2298,2020,15441,182,11960,6179
2020,22127,4619,1543,2020,14165,287,10183,6176
2020,23001,29268,27617,2020,107958,2042,75245,33329
2020,23003,21080,13956,2020,67431,868,50068,23724
2020,23005,59584,128759,2020,294520,6315,214177,56422
2020,23007,8754,8069,2020,29933,398,21768,9818
2020,23009,14982,19369,2020,54832,833,42028,15487
2020,23011,34721,34902,2020,122158,1964,88325,35440
2020,23013,9982,15110,2020,39809,606,30210,11733
2020,23015,10256,12684,2020,34415,442,26461,10388
2020,23017,17698,14755,2020,57741,834,43289,21464
2020,23019,44825,37713,2020,151696,2199,108311,43920
2020,23021,6143,3517,2020,16864,319,12991,6486
2020,23023,9755,13528,2020,35720,654,26891,9663
2020,23025,16644,10199,2020,50573,572,37601,19213
2020,23027,11196,12345,2020,39723,618,29485,11499
2020,23029,10194,6761,2020,31378,790,23114,10870
2020,23031,54817,71189,2020,206074,3689,152421,54526
2020,24001,20886,9158,2020,71002,1325,49808,25258
2020,24003,127821,172823,2020,575421,46230,397405,117235
2020,24005,146202,258409,2020,828193,46179,576066,193701
2020,24009,25346,22587,2020,92094,3818,63226,22013
2020,24011,10283,5095,2020,33260,2510,22722,12490
2020,24013,60218,36456,2020,168233,6217,117204,41744
2020,24015,29439,16809,2020,102889,4700,71365,32246
2020,24017,25579,62171,2020,161448,9779,108750,40811
2020,24019,8764,6857,2020,31994,1840,23120,11879
2020,24021,63682,77675,2020,255955,25528,174651,54533
2020,24023,12002,3281,2020,29155,345,21532,11312
2020,24025,80930,63095,2020,253736,11856,176518,58155
2020,24027,48390,129433,2020,322407,22713,218263,38933
2020,24029,5195,5329,2020,19456,873,13916,5835
2020,24031,101222,419569,2020,1047661,204620,722320,159048
2020,24033,37090,379208,2020,910551,171094,619759,236237
2020,24035,18741,10709,2020,50163,2065,35768,12795
2020,24037,30826,23138,2020,113182,6007,75225,30211
2020,24039,5739,4241,2020,25699,946,17147,9181
2020,24041,10946,11062,2020,37087,2545,28037,8964
2020,24043,40224,26044,2020,150575,8169,105634,50538
2020,24045,22944,22054,2020,103222,5550,65208,29599
2020,24047,18571,12560,2020,51967,1882,39612,15286
2020,24510,25374,207260,2020,602274,32627,421442,181032
2020,25001,55311,91994,2020,213505,6915,166506,44720
2020,25003,18064,51705,2020,125927,6237,92702,34290
2020,25005,119872,153377,2020,563301,47071,395932,174641
2020,25007,2631,9914,2020,17430,612,13303,3682
2020,25009,144837,267198,2020,787038,168536,547367,190605
2020,25011,11201,30030,2020,70529,2988,53438,18465
2020,25013,87318,125948,2020,466647,119915,318557,140976
2020,25015,22281,63362,2020,161361,9438,100072,27569
2020,25017,226956,617196,2020,1605899,129313,1129849,280884
2020,25019,1914,5241,2020,11212,1577,8868,1969
2020,25021,125294,273312,2020,703740,33262,495159,122065
2020,25023,121227,173630,2020,518597,21000,363008,125989
2020,25025,58613,270522,2020,801162,183798,558182,190728
2020,25027,171683,248773,2020,826655,97478,572388,206569
2020,26001,4848,2142,2020,10396,166,8580,4191
2020,26003,3014,2053,2020,9098,153,7008,3878
2020,26005,41392,24449,2020,117104,8734,79738,36392
2020,26007,10686,6000,2020,28431,411,21150,8893
2020,26009,9748,5960,2020,23301,546,17555,6645
2020,26011,5928,2774,2020,15013,304,11360,5797
2020,26013,2512,1478,2020,8337,139,6201,3150
2020,26015,23471,11797,2020,61045,1896,42845,18830
2020,26017,33125,26151,2020,103506,5703,74845,32853
2020,26019,6601,5480,2020,17703,443,13380,4734
2020,26021,43519,37438,2020,153797,8632,107820,41005
2020,26023,14064,6159,2020,43428,2168,30093,15653
2020,26025,36221,28877,2020,133943,7272,91280,41066
2020,26027,16699,9130,2020,51613,2044,37026,16416
2020,26029,9841,6939,2020,26197,563,19383,6636
2020,26031,10186,5437,2020,25435,385,19569,8925
2020,26033,10681,6648,2020,37418,729,26142,10729
2020,26035,10861,5199,2020,30655,643,22526,11871
2020,26037,25098,21968,2020,78957,3658,54514,17243
2020,26039,5087,2672,2020,13904,289,10505,4356
2020,26041,13207,7606,2020,35874,511,26404,11183
2020,26043,9617,4744,2020,25373,414,18658,7181
2020,26045,31798,31299,2020,109730,6042,77318,24877
2020,26047,12135,9662,2020,33175,602,24220,7351
2020,26049,98714,119390,2020,406770,14566,280031,114761
2020,26051,9893,4524,2020,25312,462,18901,9747
2020,26053,4600,3570,2020,14715,235,11337,4599
2020,26055,30502,28683,2020,92640,2731,67004,18134
2020,26057,12102,6693,2020,40692,2580,28231,13626
2020,26059,17037,5883,2020,45707,1100,31383,15445
2020,26061,10378,7750,2020,35890,602,21116,7974
2020,26063,12731,5490,2020,31105,789,23026,11886
2020,26065,47639,94212,2020,290923,23205,177809,50763
2020,26067,20657,10901,2020,64401,3170,43870,20840
2020,26069,9759,5373,2020,25213,618,19605,9444
2020,26071,4216,2493,2020,11099,246,8631,4375
2020,26073,14815,14072,2020,70363,2817,39093,15570
2020,26075,47372,31995,2020,158174,5759,110411,45673
2020,26077,56823,83686,2020,264322,13573,166365,47795
2020,26079,7436,3002,2020,17725,377,12844,6702
2020,26081,165741,187915,2020,652617,70152,433389,142222
2020,26083,862,672,2020,2102,29,1710,578
2020,26085,3946,2288,2020,11805,311,9160,5035
2020,26087,35482,16367,2020,87975,4247,62759,28222
2020,26089,7916,8795,2020,21649,909,16829,4163
2020,26091,31541,20918,2020,98310,8119,68488,31610
2020,26093,76982,48220,2020,190832,4851,134751,41197
2020,26095,2109,842,2020,6286,155,4833,2202
2020,26097,4304,2632,2020,10781,209,8429,3680
2020,26099,263863,223952,2020,870893,23551,616561,240610
2020,26101,8321,6107,2020,24539,834,18549,7985
2020,26103,16286,20465,2020,66403,1052,44518,15062
2020,26105,10207,6802,2020,29062,1344,21221,9324
2020,26107,13267,7375,2020,43481,1059,27494,12383
2020,26109,8117,4316,2020,22902,437,17099,8345
2020,26111,27675,20493,2020,83445,2412,58726,20372
2020,26113,6648,1967,2020,15075,462,10536,5317
2020,26115,52710,32975,2020,150000,5527,106143,45327
2020,26117,21815,9703,2020,63516,2265,44454,22416
2020,26119,4171,1628,2020,9270,129,7406,3915
2020,26121,45133,45643,2020,173679,10095,119223,50350
2020,26123,18857,7873,2020,48687,2852,34096,17716
2020,26125,325971,434148,2020,1255340,53779,890456,213872
2020,26127,8892,4944,2020,26545,3993,18399,9005
2020,26129,8253,3475,2020,20895,468,15734,7899
2020,26131,2358,1391,2020,5802,91,4806,2475
2020,26133,8928,3214,2020,23323,475,16437,8730
2020,26135,3466,1342,2020,8282,141,6176,3342
2020,26137,9779,4743,2020,24613,442,17604,6820
2020,26139,100913,64705,2020,289162,28787,181327,61230
2020,26141,5342,2911,2020,12687,189,9967,4618
2020,26143,9670,5166,2020,23863,474,19074,8880
2020,26145,50785,51088,2020,191166,16680,132003,56061
2020,26147,59185,31363,2020,159285,5531,113357,47798
2020,26149,18127,9262,2020,60789,4915,40924,20311
2020,26151,16194,5966,2020,41179,1584,29357,15333
2020,26153,3090,1589,2020,8031,94,6204,3220
2020,26155,23149,15347,2020,68176,2001,48163,20947
2020,26157,20297,8712,2020,52683,1864,37994,20132
2020,26159,21591,16803,2020,75416,8753,51946,23152
2020,26161,56241,157136,2020,368385,17906,231432,43969
2020,26163,264553,597170,2020,1753059,106070,1184918,498429
2020,26165,12102,5838,2020,33433,688,23245,10524
2020,27001,6258,3607,2020,15826,216,12367,5374
2020,27003,104902,100893,2020,353775,16769,241738,81627
2020,27005,12438,6589,2020,34227,738,23487,8560
2020,27007,12188,11426,2020,46784,1114,28828,10241
2020,27009,14382,7280,2020,40476,1086,26896,10250
2020,27011,1863,1053,2020,4974,102,3601,1779
2020,27013,16731,18330,2020,67368,2579,39506,12899
2020,27015,9552,4753,2020,25076,1132,17216,7382
2020,27017,9791,10098,2020,35709,638,25083,9429
2020,27019,34009,30774,2020,103561,4419,67783,14227
2020,27021,11620,6342,2020,29462,683,21548,8390
2020,27023,4250,2226,2020,11876,900,8241,3588
2020,27025,21916,11806,2020,55844,1283,38912,14673
2020,27027,15043,16357,2020,64029,2976,38877,10804
2020,27029,3372,1260,2020,8872,202,6078,3073
2020,27031,1203,2496,2020,5402,129,4282,1085
2020,27033,4165,1834,2020,11279,901,7692,3391
2020,27035,25676,13726,2020,64775,969,46445,16382
2020,27037,109638,146155,2020,425271,31069,287958,71649
2020,27039,7783,4079,2020,20807,1043,13776,5111
2020,27041,15799,7868,2020,37820,652,27119,9503
2020,27043,5191,2531,2020,13727,976,9793,4224
2020,27045,7301,4551,2020,21031,364,14475,5903
2020,27047,9578,6889,2020,30465,3066,21793,10021
2020,27049,16052,11806,2020,46330,1616,32923,12930
2020,27051,2269,1300,2020,5962,142,4242,1745
2020,27053,205973,532623,2020,1255296,87216,873217,194103
2020,27055,6334,4853,2020,18670,229,13372,5456
2020,27057,8202,4462,2020,21287,495,15570,5560
2020,27059,16491,7138,2020,40004,871,27589,11949
2020,27061,15239,10786,2020,45180,708,32757,11981
2020,27063,3948,1745,2020,9873,377,7085,2934
2020,27065,6278,2774,2020,16205,268,11564,5640
2020,27067,14437,8440,2020,42909,5365,28863,10448
2020,27069,1546,1006,2020,4272,83,3071,1316
2020,27071,4131,2659,2020,12355,164,9312,4013
2020,27073,2528,1446,2020,6645,157,4912,2179
2020,27075,3393,3647,2020,10571,156,8048,2871
2020,27077,1704,671,2020,3747,3,2801,1105
2020,27079,10775,5672,2020,28425,1796,19646,8006
2020,27081,2121,937,2020,5641,119,3952,1773
2020,27083,7979,4634,2020,25696,1821,16359,6222
2020,27085,13986,6413,2020,35788,2317,24831,10065
2020,27087,1142,1112,2020,5508,257,3353,1662
2020,27089,3721,1295,2020,9353,424,6544,3142
2020,27091,7480,3305,2020,19737,946,14057,5901
2020,27093,9359,3867,2020,23149,946,15792,6690
2020,27095,9952,4404,2020,25963,659,17934,8439
2020,27097,14821,4367,2020,33119,585,22986,10929
2020,27099,10025,8899,2020,39931,4746,26816,11916
2020,27101,3363,1449,2020,8247,353,5923,2704
2020,27103,9018,9622,2020,34176,1595,22231,6842
2020,27105,5600,2933,2020,21667,6165,13851,7418
2020,27107,1953,1404,2020,6466,342,4475,1900
2020,27109,39692,49491,2020,156446,7919,105835,26188
2020,27111,23800,11958,2020,58416,2084,41675,14641
2020,27113,4532,2568,2020,14110,564,9678,3609
2020,27115,10256,5419,2020,29254,871,21500,10738
2020,27117,3553,1306,2020,9163,662,6218,2890
2020,27119,9865,5439,2020,31384,2091,21109,7884
2020,27121,4417,2477,2020,11107,186,8158,3027
2020,27123,77376,211620,2020,546598,41189,365938,110054
2020,27125,1454,691,2020,4005,152,2806,1187
2020,27127,5771,2355,2020,15193,547,10298,4639
2020,27129,5467,2496,2020,14572,1268,10192,4684
2020,27131,17464,17402,2020,66549,5503,42383,17017
2020,27133,3583,1556,2020,9386,301,6462,2468
2020,27135,6065,2188,2020,15259,223,10375,4527
2020,27137,49017,67704,2020,199499,3580,136467,42938
2020,27139,45872,40040,2020,147201,7797,95307,24836
2020,27141,36222,18065,2020,96015,2577,62908,21653
2020,27143,5864,2417,2020,14871,1355,10352,4844
2020,27145,50959,31879,2020,159788,5557,99167,36009
2020,27147,12656,7917,2020,36710,2913,24704,9672
2020,27149,3044,1922,2020,9770,663,5884,2195
2020,27151,3316,1784,2020,9329,491,6547,2699
2020,27153,9753,3286,2020,24603,1588,17027,8632
2020,27155,1172,661,2020,3282,120,2419,1072
2020,27157,8153,4696,2020,21564,652,15522,6065
2020,27159,5520,2023,2020,13681,276,9269,4059
2020,27161,6624,3496,2020,18658,1148,12923,5533
2020,27163,73764,89165,2020,259072,11229,175239,42657
2020,27165,3103,1987,2020,10903,2819,7430,3957
2020,27167,2328,1026,2020,6264,199,4455,1648
2020,27169,13227,13333,2020,50744,1532,31568,10521
2020,27171,51973,28430,2020,136387,4224,88252,30578
2020,27173,3734,1688,2020,9775,468,6801,3004
2020,28001,5696,7917,2020,31103,2923,21785,12253
2020,28003,12818,2782,2020,37058,1209,25530,13051
2020,28005,4503,2620,2020,12341,6,9081,5390
2020,28007,5178,3542,2020,18308,374,12079,6330
2020,28009,2570,1679,2020,8275,225,5908,3458
2020,28011,4671,8904,2020,31253,689,20343,8897
2020,28013,4625,1902,2020,14417,865,9840,5637
2020,28015,3924,1729,2020,9972,21,7514,3668
2020,28017,4175,3810,2020,17060,809,11311,6743
2020,28019,3001,1185,2020,8206,41,5755,3230
2020,28021,603,3772,2020,9042,4,5243,2604
2020,28023,5417,2838,2020,15612,128,10783,5878
2020,28025,4181,5844,2020,19515,16,13401,6915
2020,28027,2375,6020,2020,22685,357,14290,6490
2020,28029,6250,6470,2020,28339,927,18848,9533
2020,28031,5854,3416,2020,18810,440,12387,6449
2020,28033,46462,28265,2020,182256,9107,119653,46743
2020,28035,17290,13755,2020,75162,2247,46898,17553
2020,28037,2923,1480,2020,7716,2,5390,2818
2020,28039,9713,1218,2020,24098,687,15838,8201
2020,28041,4794,966,2020,13619,128,9799,5646
2020,28043,6081,4734,2020,20927,188,14452,6938
2020,28045,16132,4504,2020,47339,1802,34448,13004
2020,28047,46822,27728,2020,206169,11268,137114,53980
2020,28049,25141,73550,2020,235604,3561,152702,54411
2020,28051,1369,6588,2020,17414,84,10939,6462
2020,28053,1118,3016,2020,8198,70,5333,3149
2020,28055,308,355,2020,1223,12,1001,696
2020,28057,9438,1249,2020,23396,388,15737,8384
2020,28059,36295,17375,2020,142872,9589,97821,39789
2020,28061,4302,4341,2020,16454,79,11309,6142
2020,28063,531,3327,2020,7129,307,4848,2553
2020,28065,2534,3599,2020,11182,66,7976,4269
2020,28067,21226,8517,2020,68307,3102,45080,20204
2020,28069,1787,2887,2020,9829,34,6475,3602
2020,28071,12949,10070,2020,54059,1386,31055,8381
2020,28073,20704,7340,2020,62693,1789,41930,15425
2020,28075,17967,12960,2020,75557,1715,51102,21460
2020,28077,4285,2260,2020,12595,102,8593,4548
2020,28079,5228,3897,2020,22791,1075,14823,8305
2020,28081,24207,12189,2020,85304,2354,56801,23386
2020,28083,3129,7648,2020,28764,766,17697,9511
2020,28085,11596,5040,2020,34197,424,23405,12098
2020,28087,13800,13087,2020,58896,1226,39270,18196
2020,28089,31091,24440,2020,105482,3160,69959,17400
2020,28091,8273,3787,2020,24785,407,16983,9497
2020,28093,7566,8057,2020,35502,1355,24483,13731
2020,28095,11177,5874,2020,35559,467,24825,13713
2020,28097,2917,2121,2020,9956,94,7030,3640
2020,28099,8320,3260,2020,29250,669,18571,9595
2020,28101,6997,3075,2020,21215,417,13695,6402
2020,28103,1240,4040,2020,10566,148,6798,4154
2020,28105,9004,10299,2020,49593,858,25825,7975
2020,28107,8060,7403,2020,34079,667,22620,12202
2020,28109,19595,4148,2020,55512,1795,38256,17321
2020,28111,4500,1362,2020,11981,187,8145,4819
2020,28113,8479,8646,2020,39365,628,25439,13448
2020,28115,11550,2614,2020,31996,2258,21015,10668
2020,28117,8370,2153,2020,25155,379,17000,8487
2020,28119,1026,2150,2020,7038,73,4754,2810
2020,28121,50895,18847,2020,154119,4181,106608,38347
2020,28123,6285,4330,2020,28288,3191,18429,10495
2020,28125,688,1465,2020,4427,17,3036,1680
2020,28127,7635,4037,2020,26818,70,18287,9139
2020,28129,6458,1791,2020,15919,133,11050,6486
2020,28131,5964,1802,2020,18282,384,12328,6227
2020,28133,2799,6781,2020,25759,483,17380,9966
2020,28135,2488,3105,2020,14041,699,9809,5541
2020,28137,8707,4183,2020,28419,764,18663,8850
2020,28139,8054,1937,2020,21976,1049,14354,8104
2020,28141,7933,1059,2020,19396,631,13690,7895
2020,28143,926,2580,2020,9807,95,6366,3568
2020,28145,10373,2160,2020,28578,1257,19136,10507
2020,28147,4220,2835,2020,14423,311,9673,6209
2020,28149,10365,10442,2020,46030,972,31214,13297
2020,28151,5300,12503,2020,45072,756,29511,14875
2020,28153,6307,3624,2020,20344,328,13180,7143
2020,28155,4291,1043,2020,9727,145,6620,3493
2020,28157,1324,2749,2020,8727,50,6134,4052
2020,28159,5112,4040,2020,18116,244,12599,6745
2020,28161,3671,2785,2020,12276,285,8705,5211
2020,28163,4832,5496,2020,28511,2143,19355,11877
2020,29001,6413,3710,2020,25468,646,13711,6028
2020,29003,7255,2351,2020,17554,446,12240,5355
2020,29005,2199,564,2020,5180,76,3842,1934
2020,29007,7732,2704,2020,25336,806,17514,9916
2020,29009,12425,2948,2020,35615,3342,25023,14296
2020,29011,5168,844,2020,11732,327,8104,4368
2020,29013,6597,1672,2020,16282,390,11259,6656
2020,29015,8109,2180,2020,19305,401,14958,7929
2020,29017,5167,750,2020,12181,170,8718,5473
2020,29019,38646,50064,2020,179704,6233,108906,28234
2020,29021,22450,13445,2020,87904,5744,59767,28964
2020,29023,14602,3301,2020,42570,926,29313,16102
2020,29025,3725,897,2020,9052,217,6201,3375
2020,29027,14815,5870,2020,44944,956,30895,14607
2020,29029,18850,5652,2020,45823,1291,34886,16086
2020,29031,28907,10760,2020,78834,1889,50736,20259
2020,29033,3706,786,2020,8723,145,6143,3445
2020,29035,2451,418,2020,6085,305,4069,2561
2020,29037,37197,19052,2020,104687,4800,71534,28331
2020,29039,5788,1145,2020,14144,319,9773,5238
2020,29041,3111,916,2020,7449,70,5260,2945
2020,29043,34920,11131,2020,87324,2735,58874,21095
2020,29045,2672,678,2020,6783,53,4800,2905
2020,29047,64605,59400,2020,246480,17175,167058,57876
2020,29049,7799,2896,2020,20503,467,14184,7176
2020,29051,26086,12694,2020,76630,2192,52876,19487
2020,29053,6272,2249,2020,17522,347,12004,5731
2020,29055,8725,2113,2020,23984,497,16762,9904
2020,29057,3414,656,2020,7571,167,5469,3039
2020,29059,6619,1380,2020,16841,357,11685,7308
2020,29061,3102,746,2020,8294,136,5524,2956
2020,29063,3828,930,2020,11872,310,8772,4935
2020,29065,5987,1056,2020,15518,276,11029,6091
2020,29067,5898,1016,2020,13335,286,9623,5722
2020,29069,8135,2200,2020,29657,2005,19722,12067
2020,29071,38058,14569,2020,103629,1843,71976,31166
2020,29073,6222,1601,2020,14673,87,10664,5397
2020,29075,2581,613,2020,6576,116,4432,2464
2020,29077,83630,55068,2020,291574,11148,191127,67778
2020,29079,3585,799,2020,9885,243,6617,3485
2020,29081,3198,597,2020,8427,208,5819,3287
2020,29083,8027,2619,2020,21854,551,15599,8466
2020,29085,3966,1056,2020,9452,169,7332,4413
2020,29087,1976,338,2020,4374,45,3244,1704
2020,29089,3553,1413,2020,10022,170,6551,3063
2020,29091,15181,3218,2020,40130,899,27506,14839
2020,29093,3596,945,2020,10150,181,7366,4354
2020,29095,100142,92182,2020,700733,64160,477814,176056
2020,29097,37728,13549,2020,120528,9913,79438,37896
2020,29099,77046,37523,2020,224777,4548,155830,65554
2020,29101,15489,6974,2020,53948,2514,31686,11868
2020,29103,1486,340,2020,3948,40,2599,1512
2020,29105,13762,2780,2020,35680,912,24213,13918
2020,29107,12273,4472,2020,32697,1009,22786,12193
2020,29109,14426,3214,2020,38241,2911,25426,13826
2020,29111,3553,984,2020,9898,92,6465,3708
2020,29113,21848,6607,2020,57590,1459,38365,19405
2020,29115,4363,1275,2020,12004,306,8279,4685
2020,29117,5267,1410,2020,14969,288,10610,5524
2020,29119,7465,1439,2020,22882,2626,15147,9609
2020,29121,6076,1662,2020,15154,233,10434,5974
2020,29123,4584,1019,2020,12176,289,8465,4612
2020,29125,3892,814,2020,8791,291,6341,3516
2020,29127,9915,3202,2020,28572,525,19269,8904
2020,29129,1541,222,2020,3623,95,2419,1276
2020,29131,10176,2038,2020,25369,505,17495,9149
2020,29133,3537,1178,2020,13328,308,9577,6294
2020,29135,5744,1308,2020,15907,788,10720,6031
2020,29137,3477,936,2020,8630,146,6170,3594
2020,29139,4465,1208,2020,11414,244,8094,4698
2020,29141,7442,1924,2020,20438,472,14447,8841
2020,29143,5447,1748,2020,17275,335,12033,7841
2020,29145,22120,5818,2020,58288,3198,39634,18680
2020,29147,6865,2853,2020,22199,392,12444,5568
2020,29149,3847,823,2020,10561,196,7497,4473
2020,29151,6425,1037,2020,13613,122,9262,4848
2020,29153,4064,752,2020,9138,167,6879,4029
2020,29155,4120,1560,2020,16330,435,10725,6951
2020,29157,7657,1664,2020,19227,431,13202,7292
2020,29159,13854,4783,2020,42421,3758,28130,13413
2020,29161,13480,5637,2020,44587,1179,27842,11268
2020,29163,5863,1717,2020,18158,411,12587,8092
2020,29165,28917,27179,2020,102848,6466,70196,18803
2020,29167,11850,2885,2020,32031,813,20640,10156
2020,29169,10329,3740,2020,52359,5927,29396,10447
2020,29171,1984,361,2020,4746,68,3353,1706
2020,29173,4396,1205,2020,10258,101,7326,4149
2020,29175,8018,2485,2020,24769,533,17123,8271
2020,29177,8345,3109,2020,22900,588,16008,9343
2020,29179,2733,529,2020,6274,49,4684,2717
2020,29181,4839,833,2020,13484,200,9524,5580
2020,29183,128389,89530,2020,398472,13418,272116,76669
2020,29185,3932,988,2020,9455,221,7013,3719
2020,29186,6630,2713,2020,17887,213,12787,5966
2020,29187,20511,7044,2020,66653,1068,47217,24726
2020,29189,199493,328151,2020,996179,29396,691689,188645
2020,29195,6451,2904,2020,22932,2428,14921,7778
2020,29197,1606,373,2020,4550,102,3034,1760
2020,29199,1560,388,2020,4923,0,3074,1872
2020,29201,13769,3753,2020,38538,942,26176,13946
2020,29203,3165,706,2020,8207,108,5866,3706
2020,29205,2700,592,2020,5975,134,4138,2170
2020,29207,11484,1819,2020,29255,519,20534,12858
2020,29209,14800,3506,2020,31875,743,24716,11015
2020,29211,1974,478,2020,6163,1129,4325,2689
2020,29213,20508,5339,2020,55563,3404,38713,17093
2020,29215,9478,1716,2020,25518,560,18130,9943
2020,29217,7155,1903,2020,20560,461,13730,7217
2020,29219,13222,4769,2020,35090,1220,24141,11440
2020,29221,8047,1804,2020,24819,363,17194,10271
2020,29223,4987,845,2020,13058,248,9614,5973
2020,29225,14880,3573,2020,39127,841,25305,12841
2020,29227,877,215,2020,2001,48,1439,776
2020,29229,7453,1168,2020,18256,376,12285,7415
2020,29510,21474,110089,2020,304709,12530,218594,77464
2020,30001,3923,1608,2020,9454,467,6463,2272
2020,30003,2207,2491,2020,13302,785,7545,3341
2020,30005,1469,1589,2020,6698,231,4151,1590
2020,30007,3173,835,2020,6080,175,4358,1372
2020,30009,4468,2421,2020,10689,271,8213,2940
2020,30011,775,74,2020,1305,0,979,372
2020,30013,23315,15456,2020,81576,3826,55745,21757
2020,30015,1891,991,2020,5731,45,3974,1701
2020,30017,4205,1514,2020,11563,404,8247,2901
2020,30019,799,195,2020,1705,30,1305,521
2020,30021,3758,962,2020,8824,269,6458,2344
2020,30023,2186,2562,2020,9153,324,7211,3452
2020,30025,1375,172,2020,2975,40,1970,849
2020,30027,4869,1496,2020,11167,148,8175,3012
2020,30029,38321,20274,2020,102001,3017,72633,24723
2020,30031,31696,37044,2020,111401,4349,71476,14846
2020,30033,764,41,2020,1051,3,717,319
2020,30035,1884,3610,2020,13706,440,8200,3918
2020,30037,414,78,2020,814,87,639,283
2020,30039,1419,638,2020,3325,76,2494,906
2020,30041,3957,2981,2020,16422,622,10239,3890
2020,30043,5345,2625,2020,12069,322,8764,2852
2020,30045,1040,275,2020,1968,64,1476,472
2020,30047,9322,6916,2020,30383,1330,20991,6954
2020,30049,21409,19743,2020,68714,2404,48370,13381
2020,30051,821,249,2020,2455,27,1766,833
2020,30053,8672,2835,2020,19845,638,15252,7018
2020,30055,956,155,2020,1826,69,1311,523
2020,30057,4191,1771,2020,8530,371,6766,2109
2020,30059,833,258,2020,1795,93,1372,625
2020,30061,1828,686,2020,4330,90,3308,1456
2020,30063,26347,43357,2020,119062,4058,80664,20130
2020,30065,2423,413,2020,4682,126,3513,1747
2020,30067,6025,5280,2020,16513,508,12723,4138
2020,30069,298,39,2020,464,0,355,140
2020,30071,1936,416,2020,4032,120,2880,1337
2020,30073,2031,903,2020,5911,40,4024,1478
2020,30075,970,154,2020,1634,76,1250,466
2020,30077,2355,752,2020,6843,141,5308,2726
2020,30079,603,126,2020,1162,18,855,344
2020,30081,19114,8763,2020,43424,1528,32519,12236
2020,30083,4800,875,2020,11097,610,7400,3259
2020,30085,1996,1910,2020,11091,374,6411,2773
2020,30087,2486,1199,2020,9065,435,5723,2360
2020,30089,5660,1820,2020,11804,372,9075,4441
2020,30091,1403,574,2020,3389,145,2426,1050
2020,30093,7745,10392,2020,34895,1629,23865,9809
2020,30095,4462,1156,2020,9562,382,6837,2758
2020,30097,1840,549,2020,3676,122,2636,1035
2020,30099,2608,1007,2020,6127,33,4166,1665
2020,30101,1596,467,2020,4812,152,3512,1708
2020,30103,373,78,2020,614,2,517,213
2020,30105,3135,1030,2020,7424,70,5272,2143
2020,30107,823,225,2020,2138,38,1548,754
2020,30109,516,77,2020,1037,76,744,336
2020,30111,50772,30679,2020,160390,9429,109897,37856
2020,31001,10085,4213,2020,31541,3413,20399,7372
2020,31003,3093,452,2020,6315,217,4367,1852
2020,31005,260,21,2020,439,7,307,95
2020,31007,362,43,2020,645,43,465,124
2020,31009,280,35,2020,467,0,376,173
2020,31011,2653,499,2020,5228,118,3629,1563
2020,31013,4002,1051,2020,10845,1382,7510,3099
2020,31015,1010,135,2020,1882,57,1456,684
2020,31017,1470,191,2020,2887,72,2119,870
2020,31019,16640,6350,2020,49594,4597,30433,10037
2020,31021,2580,1063,2020,6503,209,4640,2047
2020,31023,3542,873,2020,7997,314,5537,2396
2020,31025,10121,4737,2020,26022,914,17885,6120
2020,31027,4174,725,2020,8483,173,5700,2355
2020,31029,1740,226,2020,3707,522,2626,977
2020,31031,2844,373,2020,5801,113,4044,1450
2020,31033,3813,855,2020,9428,692,6612,2430
2020,31035,2848,632,2020,6193,556,4258,1821
2020,31037,2636,1025,2020,10681,4855,6570,3780
2020,31039,3507,870,2020,8882,892,6071,2888
2020,31041,5090,786,2020,10788,357,7470,2807
2020,31043,3926,2744,2020,20124,7858,12324,6960
2020,31045,2931,1082,2020,8685,482,5335,1488
2020,31047,6524,2497,2020,23638,7912,15214,7816
2020,31049,871,141,2020,1770,166,1302,514
2020,31051,2335,651,2020,5682,806,3819,1746
2020,31053,10984,5544,2020,36565,4953,24337,11456
2020,31055,119159,150350,2020,565739,72462,369389,112116
2020,31057,883,105,2020,1928,170,1311,471
2020,31059,2359,693,2020,5542,221,4082,1622
2020,31061,1437,276,2020,2970,71,2237,963
2020,31063,1229,189,2020,2636,55,1812,597
2020,31065,2163,399,2020,4712,213,3347,1442
2020,31067,7445,3385,2020,21548,585,15109,6760
2020,31069,1016,161,2020,1916,96,1452,548
2020,31071,933,133,2020,2081,40,1506,485
2020,31073,893,215,2020,2001,80,1572,533
2020,31075,375,20,2020,691,0,460,206
2020,31077,1016,229,2020,2361,53,1670,714
2020,31079,16189,7681,2020,61338,17572,39451,17662
2020,31081,4309,1118,2020,9219,337,6361,2156
2020,31083,1615,282,2020,3380,110,2376,798
2020,31085,494,34,2020,889,63,653,230
2020,31087,1264,175,2020,2788,42,1971,743
2020,31089,4769,686,2020,10123,514,6952,2629
2020,31091,376,59,2020,741,53,516,206
2020,31093,2786,648,2020,6428,168,4476,1930
2020,31095,2616,1016,2020,7102,316,5181,2455
2020,31097,1518,647,2020,5118,524,3721,2130
2020,31099,2822,701,2020,6588,470,4443,1515
2020,31101,3544,763,2020,8048,601,5966,2282
2020,31103,476,49,2020,875,11,608,213
2020,31105,1563,268,2020,3576,332,2645,1290
2020,31107,3721,905,2020,8400,260,5826,2475
2020,31109,70092,82293,2020,315976,22972,196706,54758
2020,31111,13071,3692,2020,35042,3200,24323,8654
2020,31113,407,38,2020,896,26,574,173
2020,31115,370,75,2020,690,58,501,187
2020,31117,275,17,2020,420,5,341,114
2020,31119,11940,3478,2020,35023,5392,22843,9176
2020,31121,3419,743,2020,7826,380,5546,2423
2020,31123,2113,386,2020,4711,730,3249,1450
2020,31125,1437,359,2020,3525,100,2512,1059
2020,31127,2428,921,2020,6978,203,4576,1779
2020,31129,1857,409,2020,4204,123,3060,1187
2020,31131,5649,2490,2020,15965,1298,10881,4540
2020,31133,1071,322,2020,2640,51,1880,1024
2020,31135,1321,199,2020,2889,127,2043,717
2020,31137,4157,752,2020,9050,536,6241,2172
2020,31139,3462,480,2020,7132,147,4888,1895
2020,31141,12186,3260,2020,33250,6618,21911,8680
2020,31143,2291,530,2020,5208,301,3630,1614
2020,31145,4525,811,2020,10725,588,7229,2652
2020,31147,3073,996,2020,7913,158,5734,2589
2020,31149,744,84,2020,1430,11,994,342
2020,31151,3631,1986,2020,14221,3644,8987,4397
2020,31153,51979,41206,2020,183956,17854,118092,30597
2020,31155,9108,3331,2020,21356,499,14620,5225
2020,31157,10952,4196,2020,35884,8743,24069,9771
2020,31159,6490,2438,2020,17217,469,10884,3656
2020,31161,2292,340,2020,5215,301,3717,1684
2020,31163,1322,343,2020,3015,69,2213,877
2020,31165,642,72,2020,1298,54,851,273
2020,31167,2561,532,2020,5946,355,4008,1461
2020,31169,2308,624,2020,5000,140,3551,1461
2020,31171,377,45,2020,586,0,431,108
2020,31173,1180,1122,2020,7218,501,3912,1653
2020,31175,1901,412,2020,4100,96,2944,1102
2020,31177,8583,3554,2020,20546,597,13988,4814
2020,31179,3055,1022,2020,9388,595,5403,1811
2020,31181,1511,335,2020,3497,184,2477,932
2020,31183,438,59,2020,689,14,586,182
2020,31185,5337,1630,2020,13671,714,9247,3002
2020,32001,9367,3048,2020,24606,3543,16823,6081
2020,32003,430809,521777,2020,2228866,697554,1528148,642460
2020,32005,21623,11570,2020,48486,6222,37672,11103
2020,32007,16734,4555,2020,52537,12840,33895,15673
2020,32009,395,72,2020,1030,263,885,417
2020,32011,887,104,2020,1839,91,1217,596
2020,32013,5877,1689,2020,16834,4585,11173,5413
2020,32015,2198,496,2020,5565,1371,3884,1905
2020,32017,2067,330,2020,5177,572,3672,2029
2020,32019,20906,8472,2020,55667,9823,40302,18558
2020,32021,1420,824,2020,4487,630,3260,1571
2020,32023,17527,7287,2020,45514,6868,35089,17403
2020,32027,1731,547,2020,6591,1618,5143,3011
2020,32029,1901,900,2020,4086,106,3055,899
2020,32031,116653,128052,2020,464182,114756,322617,112334
2020,32033,3400,856,2020,9570,1579,7158,3898
2020,32510,16113,12735,2020,55244,13377,39827,15346
2020,33001,20899,16894,2020,61174,1083,45604,16252
2020,33003,16150,16649,2020,48461,742,38027,12355
2020,33005,17898,25522,2020,76040,1472,53534,20233
2020,33007,8617,7640,2020,31486,592,24271,12382
2020,33009,19905,33180,2020,90331,2265,63872,20915
2020,33011,104625,122344,2020,415305,29387,294522,98162
2020,33013,39711,48533,2020,150902,3426,107969,38143
2020,33015,95858,100064,2020,308211,9651,225281,67951
2020,33017,30489,41721,2020,130161,3451,85844,29365
2020,33019,11508,12390,2020,43173,723,32238,14650
2020,34001,64438,73808,2020,264650,50562,184504,81961
2020,34003,204417,285967,2020,931275,189827,658233,191618
2020,34005,103345,154595,2020,446301,37264,316051,107959
2020,34007,86207,175065,2020,506721,87299,349563,142320
2020,34009,33158,23941,2020,92701,7393,69871,27021
2020,34011,28952,32742,2020,150085,47012,101692,59387
2020,34013,75475,266820,2020,798698,185818,538203,221922
2020,34015,83340,86702,2020,291745,18922,202353,77803
2020,34017,65698,181452,2020,671923,286039,481233,186444
2020,34019,43153,39457,2020,125063,8483,89662,22425
2020,34021,51641,122532,2020,368085,66048,248245,88803
2020,34023,143467,226250,2020,825015,176010,568651,196999
2020,34025,191808,181291,2020,620821,67427,437121,126679
2020,34027,141134,153881,2020,492715,66311,346577,85694
2020,34029,217740,119456,2020,602018,55735,412804,169417
2020,34031,92009,129097,2020,502763,210461,334179,164509
2020,34033,18827,14479,2020,62754,5942,44054,21561
2020,34035,71996,111173,2020,330151,48653,230760,58276
2020,34037,51698,34481,2020,140996,12163,101709,35567
2020,34039,80002,170245,2020,555208,177402,378158,155390
2020,34041,34769,24901,2020,105730,10307,75878,28859
2020,35001,116135,193757,2020,679037,341790,469939,154754
2020,35003,1698,595,2020,3547,602,2858,1409
2020,35005,15656,6381,2020,64912,37378,41417,19559
2020,35006,3975,4745,2020,26763,10389,18217,8904
2020,35007,3271,2611,2020,12106,5989,9121,3910
2020,35009,10444,4307,2020,49502,21210,30515,13689
2020,35011,656,231,2020,1995,1281,941,429
2020,35013,32802,47957,2020,217696,149243,132723,54340
2020,35015,17454,5424,2020,57865,28942,37467,18309
2020,35017,6553,7590,2020,27391,13800,19959,8167
2020,35019,917,1234,2020,4336,3091,3429,2228
2020,35021,319,179,2020,432,172,329,117
2020,35023,1120,823,2020,4234,2484,3021,1540
2020,35025,16531,4061,2020,70359,42033,42233,23844
2020,35027,6942,3194,2020,19640,6572,14884,6359
2020,35028,4278,7554,2020,18976,3440,13466,1602
2020,35029,4408,3563,2020,24022,16242,15463,10006
2020,35031,7801,18029,2020,71956,10391,44344,25754
2020,35033,903,1745,2020,4500,3667,3573,1700
2020,35035,14521,8485,2020,66804,25868,44319,18276
2020,35037,2634,1170,2020,8265,3777,6025,3318
2020,35039,5408,10990,2020,38962,27819,26780,12579
2020,35041,4634,1802,2020,18723,8005,10871,5524
2020,35043,34174,40588,2020,144954,57442,100051,34461
2020,35045,32874,18083,2020,125608,26518,81603,35062
2020,35047,3421,7888,2020,27546,21443,19719,8254
2020,35049,18329,62530,2020,150319,76643,112233,37256
2020,35051,3542,2265,2020,10988,3416,8749,3604
2020,35053,3255,3722,2020,16723,8401,10852,5976
2020,35055,3715,13121,2020,32759,18621,24737,8407
2020,35057,4772,2344,2020,15477,6752,10643,5359
2020,35059,1388,383,2020,4106,1761,2970,1792
2020,35061,17364,14263,2020,76518,46606,51847,24713
2020,36001,51081,99474,2020,306165,18980,205082,60408
2020,36003,14135,6048,2020,46304,782,29906,13056
2020,36005,67740,355374,2020,1427056,799765,930184,505143
2020,36007,43800,47010,2020,192042,8455,127556,51986
2020,36009,22155,11879,2020,76750,1672,52725,26086
2020,36011,19512,16149,2020,76958,2336,55612,24939
2020,36013,34853,23087,2020,127584,9817,89393,40356
2020,36015,21922,16636,2020,84115,2728,59312,26532
2020,36017,13482,8290,2020,47527,1095,34132,17670
2020,36019,16514,18364,2020,80320,2367,55208,26650
2020,36021,14464,20386,2020,60016,2975,45705,17525
2020,36023,10789,10369,2020,47618,1333,29953,12127
2020,36025,13387,9143,2020,44676,1803,32831,16336
2020,36027,66872,81443,2020,293524,36957,206608,72793
2020,36029,197527,267174,2020,918873,52435,647994,225439
2020,36031,8976,9947,2020,37281,1158,28740,11895
2020,36033,9668,9253,2020,50389,1815,35561,17692
2020,36035,15378,7931,2020,53452,1795,38599,18465
2020,36037,18876,9625,2020,57554,1959,41355,18794
2020,36039,14271,10346,2020,47335,2922,35517,17925
2020,36041,2225,1178,2020,4454,77,3485,1695
2020,36043,18870,9937,2020,61738,1411,43732,20166
2020,36045,25629,17307,2020,111454,8598,70896,30876
2020,36047,202772,703310,2020,2576771,486272,1780524,748504
2020,36049,8894,3824,2020,26456,457,18375,9772
2020,36051,18182,12477,2020,63218,2401,42562,17280
2020,36053,18408,14807,2020,70990,1636,48061,20221
2020,36055,145661,225746,2020,743084,67590,514795,165842
2020,36057,12745,7977,2020,49294,7225,34193,16160
2020,36059,326716,396504,2020,1355683,230740,945100,287903
2020,36061,85185,603040,2020,1629153,418442,1250303,304860
2020,36063,56068,46029,2020,210145,6755,150950,61585
2020,36065,57180,41567,2020,229074,13883,158727,66326
2020,36067,90619,138894,2020,461591,23602,316302,108084
2020,36069,29039,29025,2020,109774,5390,77782,25641
2020,36071,84996,84684,2020,382077,80256,244598,94710
2020,36073,12126,5587,2020,40624,2081,29626,15661
2020,36075,32138,21143,2020,117630,3118,80077,38736
2020,36077,14382,12975,2020,59593,2270,40044,15234
2020,36079,29283,24953,2020,98714,15388,70813,23647
2020,36081,212665,569038,2020,2270976,631657,1640266,726144
2020,36083,36500,40969,2020,159013,8182,112000,39177
2020,36085,123320,90997,2020,475596,87733,332149,137048
2020,36087,73186,75802,2020,325213,58036,203609,68053
2020,36089,24608,19361,2020,108352,2554,71681,34019
2020,36091,61305,68471,2020,229313,7608,164817,50345
2020,36093,30741,42465,2020,155086,11351,107534,40344
2020,36095,9903,5345,2020,31189,1055,22383,10197
2020,36097,5621,3903,2020,17845,331,13219,5761
2020,36099,8329,6914,2020,34295,1244,24681,12196
2020,36101,29474,15790,2020,95843,1614,67942,30065
2020,36103,375821,368000,2020,1481364,290261,1033886,372189
2020,36105,18665,15489,2020,75329,12321,53315,24182
2020,36107,14791,9634,2020,48431,993,34722,15315
2020,36109,11096,33619,2020,102237,5343,60001,14410
2020,36111,37590,57970,2020,178371,18800,130502,49133
2020,36113,17699,17642,2020,64187,1720,48041,17975
2020,36115,15941,11565,2020,61304,1738,44788,23054
2020,36117,26204,17456,2020,90103,4087,63950,27453
2020,36119,144713,312371,2020,968738,241442,670717,203869
2020,36121,13898,5073,2020,40027,1341,29401,14598
2020,36123,6208,4219,2020,24981,555,16635,8032
2020,37001,46056,38825,2020,166144,21153,111693,45168
2020,37003,15888,4145,2020,37271,1779,26895,15206
2020,37005,4527,1486,2020,11085,1080,8516,4177
2020,37007,5321,5789,2020,24430,1002,17637,10321
2020,37009,11451,4164,2020,27009,1349,20583,9237
2020,37011,7172,2191,2020,17510,877,13404,6068
2020,37013,16437,9633,2020,47160,3767,34348,14993
2020,37015,3817,5939,2020,19081,405,14294,8271
2020,37017,9676,7326,2020,33209,2514,23913,11408
2020,37019,55850,33310,2020,137303,6690,109023,40405
2020,37021,62412,96515,2020,259576,17396,191656,60304
2020,37023,31019,13118,2020,90148,5622,65944,32528
2020,37025,63237,52162,2020,211605,22444,140582,48954
2020,37027,32119,10245,2020,82056,4677,59145,30627
2020,37029,4312,1537,2020,10654,325,7659,3433
2020,37031,30028,12093,2020,69301,3011,52687,17507
2020,37033,7089,4860,2020,22619,958,16498,8514
2020,37035,56588,25689,2020,158507,15636,110092,48183
2020,37037,21186,26787,2020,72853,8794,53820,16476
2020,37039,12628,3583,2020,28413,980,21982,9805
2020,37041,4471,3247,2020,13995,502,10635,5184
2020,37043,5112,1699,2020,11150,385,8681,3445
2020,37045,33798,16955,2020,97765,3618,67371,32657
2020,37047,16832,9446,2020,55659,3061,39312,21091
2020,37049,31032,21148,2020,102290,7644,67731,24990
2020,37051,60032,84469,2020,334562,40081,207671,72389
2020,37053,11657,4195,2020,27210,1138,19466,7871
2020,37055,13938,9936,2020,36698,2720,27533,7565
2020,37057,64658,22636,2020,166837,12265,117475,55332
2020,37059,18228,6713,2020,42543,2940,30457,12919
2020,37061,13793,8767,2020,58965,13225,40087,21179
2020,37063,32459,144688,2020,317665,43051,219286,61635
2020,37065,9206,16089,2020,52069,2512,36281,19908
2020,37067,85064,113033,2020,378499,49324,254488,91793
2020,37069,20901,15879,2020,68027,5875,47485,20526
2020,37071,73033,40959,2020,222119,16172,154096,69084
2020,37073,3367,2546,2020,11519,11,8388,4215
2020,37075,3710,905,2020,8501,318,6161,3221
2020,37077,16647,14565,2020,59823,4941,42450,19004
2020,37079,4874,3832,2020,20987,3213,15039,8357
2020,37081,107294,173086,2020,532956,43379,356145,120817
2020,37083,10080,15545,2020,50678,1510,36048,21002
2020,37085,35177,22093,2020,134328,17509,87575,35735
2020,37087,22834,13144,2020,61862,2557,46602,17608
2020,37089,40032,27211,2020,116298,11835,86747,29788
2020,37091,3479,7097,2020,23752,885,16583,8350
2020,37093,9453,11804,2020,54590,7592,35253,14804
2020,37095,1418,1046,2020,5089,677,3843,2250
2020,37097,67010,33888,2020,178853,13958,123529,45988
2020,37099,11356,9591,2020,43435,2663,28028,11238
2020,37101,68353,41257,2020,203308,27928,135596,53605
2020,37103,3280,2197,2020,9453,480,7159,3826
2020,37105,16469,12143,2020,61083,11761,41399,17601
2020,37107,14590,13605,2020,56350,4434,39290,19998
2020,37109,36341,13274,2020,84580,6083,60879,25533
2020,37111,16883,5832,2020,45402,2798,33214,15701
2020,37113,14211,6230,2020,35172,2543,26583,11535
2020,37115,7979,4901,2020,21608,533,15603,6767
2020,37117,6532,5911,2020,22644,942,16421,8479
2020,37119,179211,378107,2020,1095170,146710,738751,192741
2020,37121,7090,1867,2020,14959,848,11155,4908
2020,37123,8411,4327,2020,27223,4201,19053,10117
2020,37125,36764,20779,2020,99263,6848,71976,21118
2020,37127,25827,25947,2020,94287,6692,65369,31099
2020,37129,63331,66138,2020,231448,13197,159195,42461
2020,37131,3989,6069,2020,19672,467,14980,8628
2020,37133,46078,24266,2020,198377,25483,106528,39394
2020,37135,20176,63594,2020,146354,12373,91282,17830
2020,37137,4849,2713,2020,12673,511,9995,4107
2020,37139,9770,9832,2020,39775,2302,27220,11679
2020,37141,21956,11723,2020,61891,4521,43548,16873
2020,37143,4903,2492,2020,13513,369,10183,4503
2020,37145,13184,8465,2020,39561,1756,28286,13514
2020,37147,38982,47252,2020,179961,11526,110155,38762
2020,37149,7689,4518,2020,20682,1230,16106,5530
2020,37151,56894,15618,2020,143460,16739,99703,51288
2020,37153,11830,8754,2020,44759,2973,30577,14531
2020,37155,27806,19020,2020,131656,11688,85278,47373
2020,37157,31301,15992,2020,91051,5630,65812,33308
2020,37159,49297,23114,2020,140978,12736,97428,45456
2020,37161,24891,9135,2020,66741,3047,48154,22654
2020,37163,17411,10966,2020,63284,12665,42481,22955
2020,37165,7473,7186,2020,34921,1126,23648,12464
2020,37167,25458,8129,2020,62050,2706,43551,19832
2020,37169,20142,5286,2020,45688,1485,33691,18692
2020,37171,27538,8721,2020,71904,7822,50955,25102
2020,37173,4161,2780,2020,14241,860,9777,4555
2020,37175,11636,8444,2020,34039,1131,26044,8766
2020,37177,1044,758,2020,3978,175,3050,1855
2020,37179,80382,48725,2020,235767,26526,151085,51409
2020,37181,8391,12431,2020,44614,3567,30176,15619
2020,37183,226197,393336,2020,1091662,110961,731587,155828
2020,37185,3752,6400,2020,19746,761,14505,7908
2020,37187,2781,3396,2020,11788,644,8240,4263
2020,37189,14451,17122,2020,55669,2091,32681,9921
2020,37191,30709,24215,2020,123785,14944,82408,36919
2020,37193,27592,7511,2020,68341,4515,49260,24653
2020,37195,19581,20754,2020,81579,8577,55686,28424
2020,37197,15933,3763,2020,37589,4198,26924,13556
2020,37199,7516,3688,2020,17870,928,13329,6449
2020,38001,981,258,2020,2271,38,1618,703
2020,38003,3568,1820,2020,10592,225,7511,2672
2020,38005,1094,822,2020,6860,250,3973,1728
2020,38007,541,72,2020,886,0,637,293
2020,38009,2575,821,2020,6418,155,4466,1536
2020,38011,1395,228,2020,3091,166,2098,968
2020,38013,994,137,2020,2142,15,1529,523
2020,38015,34744,14348,2020,95509,2503,64456,18041
2020,38017,42619,40311,2020,179937,5042,114123,27219
2020,38019,1499,474,2020,3769,91,2702,903
2020,38021,1742,608,2020,4857,167,3274,1120
2020,38023,904,265,2020,2289,111,1659,625
2020,38025,1951,342,2020,4362,166,3072,1351
2020,38027,854,383,2020,2262,46,1626,655
2020,38029,1738,237,2020,3262,26,2425,1130
2020,38031,1362,373,2020,3231,17,2297,770
2020,38033,871,137,2020,1796,67,1327,454
2020,38035,16987,12880,2020,70243,3160,41728,11056
2020,38037,1145,207,2020,2318,16,1688,747
2020,38039,907,308,2020,2314,36,1712,622
2020,38041,1091,196,2020,2510,72,1909,874
2020,38043,1215,221,2020,2468,119,1734,812
2020,38045,1645,527,2020,4225,91,2987,1230
2020,38047,930,128,2020,1743,18,1299,569
2020,38049,2364,564,2020,5825,125,4110,1678
2020,38051,1153,261,2020,2535,76,1976,976
2020,38053,4482,814,2020,13836,1259,8306,3317
2020,38055,4198,1230,2020,9531,245,6926,2872
2020,38057,3856,704,2020,8359,229,5957,2134
2020,38059,12243,3872,2020,31118,1160,21748,7775
2020,38061,2824,1256,2020,10348,859,6573,2847
2020,38063,1141,586,2020,2864,108,2202,810
2020,38065,918,129,2020,1962,73,1370,495
2020,38067,2460,786,2020,6850,243,5053,2070
2020,38069,1585,497,2020,4061,39,2929,1101
2020,38071,3577,1639,2020,11521,359,7827,2747
2020,38073,1418,945,2020,5258,79,3739,1680
2020,38075,1065,220,2020,2387,133,1617,651
2020,38077,5072,2510,2020,16245,536,10508,3539
2020,38079,1257,2482,2020,14437,328,8319,3002
2020,38081,1266,738,2020,3899,124,2870,1211
2020,38083,688,104,2020,1289,0,1023,556
2020,38085,258,804,2020,4339,213,2343,1128
2020,38087,380,44,2020,788,1,579,219
2020,38089,12110,2499,2020,31164,1716,20215,8174
2020,38091,652,392,2020,1817,48,1292,361
2020,38093,6994,2676,2020,20879,566,14419,6308
2020,38095,830,317,2020,2191,79,1584,645
2020,38097,2522,1493,2020,7999,290,5480,1785
2020,38099,3324,1333,2020,10642,1236,7515,3521
2020,38101,19974,7293,2020,68962,4448,43470,15840
2020,38103,1893,442,2020,3889,92,2900,1236
2020,38105,11739,2169,2020,36044,3064,22825,8866
2020,39001,9870,2156,2020,27685,288,18965,11615
2020,39003,33116,14149,2020,102808,3403,69165,33641
2020,39005,19407,6541,2020,53533,768,35684,18741
2020,39007,26890,16497,2020,97416,4269,68458,38804
2020,39009,10862,14772,2020,65945,1280,37251,15645
2020,39011,20798,4651,2020,45709,792,31088,15543
2020,39013,23560,9138,2020,67424,702,49839,26335
2020,39015,16480,4380,2020,43508,480,30445,17425
2020,39017,114392,69613,2020,382129,18478,245369,101274
2020,39019,10745,3251,2020,27195,360,19632,11738
2020,39021,14589,5062,2020,38861,613,26941,14741
2020,39023,39032,24076,2020,134409,4757,92062,45222
2020,39025,74570,34092,2020,205616,4154,142336,60131
2020,39027,15488,4697,2020,42000,708,28376,13779
2020,39029,35726,13359,2020,102514,1923,73908,41027
2020,39031,12325,4125,2020,36558,410,25407,14801
2020,39033,15436,4916,2020,41603,703,29380,16377
2020,39035,202699,416176,2020,1241475,76316,874962,325495
2020,39037,22004,4731,2020,51387,818,35200,19843
2020,39039,13038,5981,2020,38024,3898,25917,12832
2020,39041,66356,57735,2020,205454,5551,134920,27965
2020,39043,22160,17493,2020,74419,3385,53474,22980
2020,39045,50797,31224,2020,156204,3618,105924,42014
2020,39047,9473,2975,2020,28609,625,19600,12004
2020,39049,211237,409144,2020,1304715,74083,873356,291022
2020,39051,15731,6664,2020,42186,3761,28855,14396
2020,39053,10645,2990,2020,29995,414,20596,11426
2020,39055,34143,21201,2020,93657,1479,64484,22833
2020,39057,52072,34798,2020,167867,4987,113367,33421
2020,39059,13407,4577,2020,38996,456,27311,15509
2020,39061,177886,246266,2020,815790,28022,552035,187594
2020,39063,26310,11757,2020,75765,4304,52131,22389
2020,39065,9949,3062,2020,31393,585,19297,11362
2020,39067,5792,1768,2020,15132,56,10939,6723
2020,39069,10479,4062,2020,27068,2094,18726,9435
2020,39071,15678,3799,2020,43080,513,29471,17501
2020,39073,9737,3880,2020,28306,284,20013,11109
2020,39075,10796,1994,2020,43954,432,25941,19756
2020,39077,18956,7759,2020,58271,3905,39684,22286
2020,39079,11309,3311,2020,32440,360,22291,13110
2020,39081,22828,10018,2020,65943,1011,47090,24737
2020,39083,22340,8589,2020,61776,975,40618,19159
2020,39085,73278,55514,2020,229755,10356,165864,64434
2020,39087,20306,7489,2020,59901,596,42188,23815
2020,39089,59514,33055,2020,175409,3587,118968,49547
2020,39091,17964,5055,2020,45315,786,31293,16562
2020,39093,79520,75667,2020,309134,31425,214620,87483
2020,39095,81763,115411,2020,430319,31680,293043,116590
2020,39097,13835,5698,2020,44248,994,31822,17028
2020,39099,59903,57641,2020,228452,14366,163564,75359
2020,39101,19023,8269,2020,65179,1831,46211,25366
2020,39103,64598,39800,2020,179116,4100,125722,45235
2020,39105,8316,2492,2020,22974,181,16312,9842
2020,39107,19452,4030,2020,41034,777,27142,13984
2020,39109,41371,15663,2020,106074,1868,73782,33724
2020,39111,5463,1605,2020,13827,15,10072,6082
2020,39113,129034,135064,2020,531988,16616,365336,136103
2020,39115,5041,1725,2020,14557,139,10481,6209
2020,39117,14077,4048,2020,35148,540,24530,13793
2020,39119,27867,11971,2020,86033,1052,58882,31561
2020,39121,5135,1170,2020,14410,146,10998,7083
2020,39123,14628,9008,2020,40557,2105,30513,13477
2020,39125,7086,2213,2020,18742,905,12975,7159
2020,39127,12357,4098,2020,36076,319,24807,14857
2020,39129,20593,7304,2020,58112,862,40556,22251
2020,39131,9157,3110,2020,27914,229,19290,11593
2020,39133,45990,35661,2020,162476,3106,106057,47147
2020,39135,17022,4493,2020,40995,388,28828,15177
2020,39137,16412,3195,2020,33836,2134,22621,10564
2020,39139,41472,17640,2020,121043,2425,84686,44552
2020,39141,22278,10557,2020,76816,1015,54506,30280
2020,39143,18896,10596,2020,58801,5984,41080,21001
2020,39145,22609,9080,2020,75441,1082,52686,29917
2020,39147,17086,8266,2020,55251,2928,37288,19675
2020,39149,20422,4465,2020,48610,759,32521,16781
2020,39151,111097,75904,2020,371516,7934,260074,119584
2020,39153,124833,151668,2020,540810,12164,381506,144353
2020,39155,55194,44519,2020,199144,3739,142949,78029
2020,39157,30458,12889,2020,92165,2806,63730,37023
2020,39159,21669,11141,2020,57871,1071,39168,14856
2020,39161,11650,3067,2020,28213,1016,19476,10049
2020,39163,4632,1331,2020,13045,177,9180,5774
2020,39165,87988,46069,2020,232540,6771,157141,49742
2020,39167,22307,9243,2020,60217,666,43226,21320
2020,39169,36759,16660,2020,116063,2379,76503,39985
2020,39171,13452,4842,2020,36760,1722,25600,13030
2020,39173,35757,30617,2020,130662,7518,81315,28883
2020,39175,8462,2733,2020,21907,660,15346,8041
2020,40001,5585,1387,2020,22171,1551,14330,9259
2020,40003,1978,232,2020,5791,339,4288,2066
2020,40005,4557,765,2020,13815,509,9675,5430
2020,40007,1968,190,2020,5326,1303,3537,1637
2020,40009,6767,1048,2020,21860,3249,14509,7283
2020,40011,3136,688,2020,9521,1165,6988,3588
2020,40013,12344,3323,2020,47325,2998,31649,14817
2020,40015,7013,2670,2020,29179,3906,19694,11172
2020,40017,43550,16742,2020,144610,13688,96065,36850
2020,40019,14699,4470,2020,48380,3792,32445,15888
2020,40021,11223,6027,2020,48871,3683,30877,13523
2020,40023,4698,1082,2020,14727,682,10052,5699
2020,40025,970,70,2020,2159,497,1539,751
2020,40027,66677,49827,2020,282189,25353,180680,58104
2020,40029,2091,374,2020,5577,257,3753,2204
2020,40031,20905,13747,2020,121374,16428,77562,32706
2020,40033,2117,393,2020,5783,484,3998,2354
2020,40035,4686,1217,2020,14274,547,10066,5257
2020,40037,23294,6577,2020,71505,3136,48940,25189
2020,40039,8060,2369,2020,28929,5322,17252,7252
2020,40041,13557,3472,2020,42741,1672,31009,16145
2020,40043,2124,214,2020,4885,373,3192,1525
2020,40045,1688,162,2020,3936,288,2775,1278
2020,40047,16970,4919,2020,61555,7935,40544,19714
2020,40049,8878,1865,2020,27789,2612,18640,10690
2020,40051,18538,4144,2020,55315,3306,37626,19021
2020,40053,1916,280,2020,4369,234,2979,1347
2020,40055,1605,328,2020,5790,686,4125,2072
2020,40057,747,177,2020,2663,796,1852,902
2020,40059,1327,136,2020,3730,871,2576,1158
2020,40061,4165,783,2020,12688,590,8749,4772
2020,40063,3875,919,2020,13265,783,9049,5165
2020,40065,6392,1646,2020,24808,6112,15990,6923
2020,40067,2026,319,2020,6084,672,4137,2370
2020,40069,3441,738,2020,11028,626,7427,3607
2020,40071,12834,4040,2020,44074,3663,29379,12866
2020,40073,5521,854,2020,15811,2610,10213,5238
2020,40075,2673,699,2020,8816,1041,6148,3125
2020,40077,3437,762,2020,10239,426,6995,3453
2020,40079,15213,3299,2020,49999,3604,33685,18756
2020,40081,12013,2609,2020,34936,1228,23969,12768
2020,40083,15608,5455,2020,47401,3079,31438,12450
2020,40085,3305,711,2020,10128,1651,6749,3873
2020,40087,15295,3582,2020,39921,3273,26722,11168
2020,40089,9485,1858,2020,32913,2045,21760,12951
2020,40091,6172,2031,2020,19677,578,14429,7827
2020,40093,3084,320,2020,7654,765,5162,2540
2020,40095,4891,1100,2020,16688,3024,11544,6321
2020,40097,12749,3581,2020,41098,1531,28169,15054
2020,40099,4612,1156,2020,13972,981,9684,5314
2020,40101,16526,8027,2020,68451,4535,45607,22045
2020,40103,3821,1003,2020,11263,456,7683,3645
2020,40105,3610,712,2020,10243,337,7154,3703
2020,40107,3058,896,2020,11987,508,8270,4783
2020,40109,145050,141724,2020,792668,140112,518796,191394
2020,40111,9668,4357,2020,38553,1669,25586,12520
2020,40113,14121,6002,2020,47074,1772,33372,15731
2020,40115,8545,2686,2020,31283,1841,20403,10051
2020,40117,5267,1363,2020,16402,533,11317,6010
2020,40119,17813,10904,2020,81912,3908,44321,15653
2020,40121,13851,3768,2020,43955,2357,30893,15332
2020,40123,10805,4117,2020,38385,2185,24861,10602
2020,40125,20240,7275,2020,72511,3913,48288,22651
2020,40127,4016,668,2020,11055,447,7870,4653
2020,40129,1629,168,2020,3635,270,2417,1066
2020,40131,34031,9589,2020,92052,4507,62450,25228
2020,40133,6011,2150,2020,24624,1321,16343,8328
2020,40135,12113,3035,2020,41687,1880,28389,16343
2020,40137,15560,3154,2020,43401,3481,30134,16721
2020,40139,4505,894,2020,20633,9535,12374,6435
2020,40141,2076,597,2020,7347,2034,4979,2839
2020,40143,150574,108996,2020,650291,85014,428697,153442
2020,40145,26165,8464,2020,80264,5220,54703,22584
2020,40147,17076,5790,2020,51995,3265,35394,15327
2020,40149,4086,598,2020,11066,1109,7500,3760
2020,40151,2993,591,2020,8914,653,5527,2294
2020,40153,6611,1005,2020,20352,2661,13737,7088
2020,41001,7352,2346,2020,16090,736,12016,4587
2020,41003,14878,35827,2020,92168,7031,56182,9872
2020,41005,110509,139043,2020,415084,36840,294509,81441
2020,41007,10218,12916,2020,39656,3444,28970,10171
2020,41009,17150,13835,2020,52117,2834,37520,15896
2020,41011,21829,14243,2020,64175,4297,48081,19579
2020,41013,11287,3801,2020,23733,1828,17773,7684
2020,41015,8484,6058,2020,22889,1682,18718,6755
2020,41017,55646,65962,2020,191749,15520,140178,38969
2020,41019,43298,19160,2020,110015,6523,81402,34188
2020,41021,834,324,2020,1896,85,1453,576
2020,41023,3545,929,2020,7174,291,5574,2556
2020,41025,3475,894,2020,7310,395,5342,2355
2020,41027,3955,8764,2020,23270,7320,15900,6079
2020,41029,63869,59478,2020,218781,28972,157165,54651
2020,41031,7189,4393,2020,24048,4907,16585,6972
2020,41033,31751,18451,2020,87097,6624,64710,25455
2020,41035,25308,10388,2020,67606,9093,47514,20868
2020,41037,3470,792,2020,7896,679,5982,2763
2020,41039,80336,134366,2020,377749,34380,260762,79748
2020,41041,12460,17385,2020,49336,4640,38143,12449
2020,41043,43486,26512,2020,127216,11899,88624,34910
2020,41045,8187,3260,2020,30632,10445,20026,9827
2020,41047,79002,80872,2020,343742,92533,227515,92498
2020,41049,3586,1371,2020,11425,4223,7215,4082
2020,41051,82995,367249,2020,809869,95432,594912,149957
2020,41053,23732,22917,2020,84730,12129,54461,17707
2020,41055,921,260,2020,1686,109,1230,482
2020,41057,8354,8066,2020,26782,2787,20090,7692
2020,41059,21270,10707,2020,77319,21005,50875,23386
2020,41061,10298,4254,2020,26502,1307,17686,7083
2020,41063,3404,1625,2020,7065,241,5437,1953
2020,41065,7035,6604,2020,26274,4911,18403,7520
2020,41067,99073,209940,2020,595761,100090,411099,102109
2020,41069,711,217,2020,1417,127,1105,436
2020,41071,29551,27174,2020,106087,16920,71673,24870
2020,42001,37523,18207,2020,102627,7356,72331,36382
2020,42003,282324,429065,2020,1218380,26607,883487,278787
2020,42005,27489,8457,2020,65356,520,48368,27760
2020,42007,54759,38122,2020,164781,2789,120924,51609
2020,42009,23025,4367,2020,48154,597,35232,21464
2020,42011,109736,92895,2020,419062,91381,285354,140042
2020,42013,45306,17636,2020,122495,1549,88225,46388
2020,42015,21600,8046,2020,60721,887,43002,24683
2020,42017,187367,204712,2020,627668,34670,449978,151629
2020,42019,74359,37508,2020,187798,2971,134209,48753
2020,42021,48085,21730,2020,131611,2212,94476,49422
2020,42023,1771,634,2020,4512,38,3498,2038
2020,42025,21984,11212,2020,63964,3290,47455,26019
2020,42027,36372,40055,2020,162264,4815,99778,33463
2020,42029,128565,182372,2020,521980,38901,356312,93306
2020,42031,14578,4678,2020,38633,394,26503,14689
2020,42033,29203,9673,2020,79466,2383,59322,35733
2020,42035,11902,5502,2020,38549,610,25336,14614
2020,42037,20098,10532,2020,65390,1933,43789,22735
2020,42039,28559,12924,2020,85074,1156,59647,34274
2020,42041,77212,62245,2020,251487,10516,176594,68556
2020,42043,66408,78983,2020,277071,26948,192413,79789
2020,42045,118532,206423,2020,565328,22577,385393,139367
2020,42047,12140,4522,2020,30077,253,22141,12350
2020,42049,66869,68286,2020,272046,11982,187398,86718
2020,42051,41227,20444,2020,130329,1646,95723,56782
2020,42053,1882,728,2020,7190,420,6278,4433
2020,42055,57245,22422,2020,154954,9272,108542,59355
2020,42057,6824,1085,2020,14492,179,10555,6475
2020,42059,12579,4911,2020,36484,560,26076,15002
2020,42061,17061,5445,2020,45145,907,32730,19390
2020,42063,28089,12634,2020,84463,1132,55680,28243
2020,42065,17960,4527,2020,43570,421,31060,18796
2020,42067,9649,2253,2020,24657,963,17351,11382
2020,42069,52334,61991,2020,210162,16882,148750,67307
2020,42071,160209,115847,2020,543050,58450,366898,180455
2020,42073,29597,15978,2020,86148,1316,61973,32322
2020,42075,46731,23932,2020,140410,19028,96489,54477
2020,42077,84259,98288,2020,367338,93175,250653,108215
2020,42079,86929,64873,2020,317547,41053,227214,110274
2020,42081,41462,16971,2020,114014,2362,80480,38048
2020,42083,14083,5098,2020,41021,910,29217,16082
2020,42085,36143,21067,2020,110519,1681,78388,40725
2020,42087,16670,4603,2020,46179,751,32448,21147
2020,42089,38726,44060,2020,168824,28024,117839,53207
2020,42091,185460,319511,2020,827180,44108,582637,168386
2020,42093,5844,3771,2020,18178,483,13250,6397
2020,42095,83854,85087,2020,304233,41754,213631,91628
2020,42097,28952,12677,2020,91234,3395,66725,40195
2020,42099,18293,5950,2020,46133,986,32972,18829
2020,42101,132740,603790,2020,1581531,238112,1082283,498427
2020,42103,19213,13019,2020,55660,6252,41618,17221
2020,42105,7239,1726,2020,16685,231,12128,6942
2020,42107,48871,20727,2020,141935,6878,103929,58695
2020,42109,13983,4910,2020,40452,892,27096,15696
2020,42111,31466,8654,2020,73844,1134,55332,33152
2020,42113,2619,921,2020,6038,212,4961,2806
2020,42115,15207,6236,2020,40604,708,30201,16735
2020,42117,15742,4955,2020,40759,528,29200,15550
2020,42119,12356,7475,2020,44831,2682,30536,16230
2020,42121,18569,7585,2020,51355,568,37890,21599
2020,42123,14237,6066,2020,39466,444,29084,15137
2020,42125,72080,45088,2020,207081,3659,149351,65492
2020,42127,18637,9191,2020,51268,2364,39288,20576
2020,42129,130218,72129,2020,350722,4362,260206,106824
2020,42131,9936,4704,2020,27078,531,19512,10405
2020,42133,146733,88114,2020,447628,35063,312659,152739
2020,44001,9745,18050,2020,48645,1526,34365,10091
2020,44003,42001,49113,2020,164122,8818,121748,44284
2020,44005,15722,29486,2020,82731,4842,61162,15599
2020,44007,102551,165012,2020,636161,148608,437102,193825
2020,44009,29818,44549,2020,126139,4213,86993,23817
2020,45001,8215,4101,2020,24582,392,17236,9057
2020,45003,51589,32275,2020,169947,9913,119689,51186
2020,45005,835,2718,2020,8789,295,6161,3874
2020,45007,67565,27169,2020,200183,7695,137952,61437
2020,45009,2417,4010,2020,14236,305,9440,4961
2020,45011,5492,4720,2020,21170,538,14129,7430
2020,45013,53194,43419,2020,189732,21042,137396,39102
2020,45015,57397,45223,2020,222103,15110,148412,60977
2020,45017,4305,3905,2020,14608,563,10770,5433
2020,45019,93297,121485,2020,407543,21137,291568,85229
2020,45021,18043,6983,2020,57110,2581,38769,21231
2020,45023,8660,6941,2020,32260,670,22513,12845
2020,45025,11297,7431,2020,45833,2020,31901,19579
2020,45027,8361,8250,2020,33865,1081,24395,13720
2020,45029,10440,8602,2020,37624,1302,26244,14857
2020,45031,16832,15220,2020,66858,1430,46243,24839
2020,45033,6582,6436,2020,30473,855,20249,12116
2020,45035,41913,33824,2020,161309,9074,108828,40405
2020,45037,8184,4953,2020,27021,1633,19691,10438
2020,45039,4625,7382,2020,22406,513,16269,8665
2020,45041,32615,31153,2020,138237,3779,93617,43572
2020,45043,20487,15822,2020,62150,1915,46485,17650
2020,45045,150021,103030,2020,516126,48446,352123,121306
2020,45047,19431,12145,2020,70672,4359,48073,22294
2020,45049,3906,5323,2020,19223,755,13557,8197
2020,45051,118821,59180,2020,344186,20974,257221,107001
2020,45053,7078,7185,2020,29558,3974,20964,10631
2020,45055,20471,12699,2020,65926,3074,46070,21879
2020,45057,30312,18937,2020,95378,5340,68504,28263
2020,45059,20004,10159,2020,66990,3425,46312,24564
2020,45061,3008,5329,2020,17144,429,11965,6931
2020,45063,92817,49301,2020,295033,18031,204428,77462
2020,45065,2958,2687,2020,9495,115,7859,3981
2020,45067,5711,8872,2020,30954,897,21437,13727
2020,45069,5044,6290,2020,26376,861,18863,12623
2020,45071,11443,6958,2020,38329,2940,26422,13573
2020,45073,29698,10414,2020,78314,4334,56987,24503
2020,45075,13603,27295,2020,86953,1974,59028,27270
2020,45077,42907,13645,2020,125381,4812,79510,33708
2020,45079,58313,132570,2020,414660,21993,261665,79504
2020,45081,6210,2963,2020,20292,3123,14384,7900
2020,45083,93560,52926,2020,313791,21983,212581,92545
2020,45085,21000,27379,2020,106675,4335,70231,31217
2020,45087,8183,4935,2020,27325,440,19474,10875
2020,45089,5532,10289,2020,30810,711,22010,13312
2020,45091,82727,59008,2020,273887,15729,185001,62487
2020,46003,1052,317,2020,2757,189,1791,855
2020,46005,4808,2107,2020,18338,1956,12286,6060
2020,46007,694,466,2020,3430,291,1866,826
2020,46009,2235,721,2020,6914,193,5046,2364
2020,46011,8000,6110,2020,35115,1199,18841,5412
2020,46013,10580,6538,2020,38988,1267,25756,9358
2020,46015,1750,673,2020,5233,145,3513,1548
2020,46017,183,352,2020,2005,155,1028,616
2020,46019,3731,939,2020,10295,394,7034,3512
2020,46021,747,117,2020,1458,23,1107,460
2020,46023,2552,1177,2020,9324,344,5773,2780
2020,46025,1373,437,2020,3715,133,2490,1245
2020,46027,2456,3083,2020,14076,432,7087,1993
2020,46029,8958,3837,2020,28133,842,19199,8513
2020,46031,647,622,2020,4106,17,2263,1124
2020,46033,3852,1522,2020,8826,335,7044,3041
2020,46035,5613,2648,2020,19890,655,13477,5560
2020,46037,1869,1052,2020,5452,120,3972,1816
2020,46039,1699,609,2020,4309,152,3007,1291
2020,46041,790,1131,2020,5841,252,3134,1624
2020,46043,1468,216,2020,2913,23,1985,841
2020,46045,1538,417,2020,3876,42,2631,1067
2020,46047,2878,1053,2020,6721,144,5238,2408
2020,46049,964,198,2020,2315,5,1697,603
2020,46051,2618,1056,2020,7125,325,4961,2313
2020,46053,1771,455,2020,4193,86,2946,1305
2020,46055,1026,105,2020,1935,10,1303,639
2020,46057,2372,647,2020,6104,294,3691,1779
2020,46059,1433,373,2020,3064,50,2144,825
2020,46061,1793,557,2020,3423,1,2113,903
2020,46063,748,49,2020,1178,31,857,345
2020,46065,5522,2953,2020,17560,591,12170,3902
2020,46067,2944,762,2020,7308,177,5009,2178
2020,46069,564,136,2020,1446,15,1084,457
2020,46071,738,359,2020,3296,15,1939,1043
2020,46073,721,270,2020,2009,93,1512,768
2020,46075,498,90,2020,873,0,636,286
2020,46077,1904,819,2020,4936,120,3474,1617
2020,46079,3681,2068,2020,12747,334,8745,3231
2020,46081,8753,4537,2020,25806,868,18016,5838
2020,46083,19617,11981,2020,58887,1341,38097,11482
2020,46085,1042,525,2020,3831,95,2406,1105
2020,46087,2068,769,2020,5543,221,3640,1658
2020,46089,1075,222,2020,2316,43,1657,818
2020,46091,1287,858,2020,4881,395,3439,1311
2020,46093,9875,3285,2020,28149,1233,18711,6548
2020,46095,449,298,2020,2065,7,1314,756
2020,46097,787,320,2020,2213,42,1542,790
2020,46099,49249,40482,2020,191682,9992,126191,41880
2020,46101,1951,1179,2020,6508,291,4429,1728
2020,46102,297,2829,2020,14277,558,7378,3792
2020,46103,35063,20606,2020,112504,6056,77251,27365
2020,46105,1401,239,2020,2996,22,2090,929
2020,46107,1139,227,2020,2311,29,1615,711
2020,46109,2404,1828,2020,10310,385,6644,3025
2020,46111,905,257,2020,2372,102,1615,800
2020,46115,2104,998,2020,6438,214,4474,1889
2020,46117,1203,421,2020,3058,148,2260,926
2020,46119,726,185,2020,1278,15,980,393
2020,46121,532,1963,2020,10308,400,4969,2723
2020,46123,2161,495,2020,5448,81,3783,1990
2020,46125,3290,1139,2020,8325,203,5770,2270
2020,46127,5944,2725,2020,15659,545,10797,3795
2020,46129,1966,565,2020,5431,124,3803,1961
2020,46135,6581,4016,2020,22746,1135,15884,6634
2020,46137,404,481,2020,2767,93,1640,885
2020,47001,23184,11741,2020,76513,2345,54754,25028
2020,47003,14354,4453,2020,48937,6238,32547,18625
2020,47005,5668,1529,2020,16133,388,11764,7469
2020,47007,4725,971,2020,14961,395,11751,7755
2020,47009,47369,17932,2020,131641,4602,94763,43537
2020,47011,35204,9851,2020,106924,6847,73177,33070
2020,47013,12331,2441,2020,39818,584,28724,17138
2020,47015,5190,1261,2020,14374,336,10293,6357
2020,47017,9205,2559,2020,27841,779,19318,10751
2020,47019,19584,4529,2020,56452,1115,42217,22319
2020,47021,14438,5514,2020,40539,1353,28562,14920
2020,47023,5952,1412,2020,17260,474,11283,6439
2020,47025,10604,2202,2020,31827,425,22841,12918
2020,47027,2733,735,2020,7640,122,5557,3732
2020,47029,12162,2533,2020,35797,919,26080,17297
2020,47031,17883,5705,2020,56024,2571,38230,19633
2020,47033,4673,1382,2020,14310,1542,9829,5610
2020,47035,25168,6728,2020,60016,1801,45906,23852
2020,47037,100218,199703,2020,690540,70926,478719,151562
2020,47039,4229,904,2020,11663,383,8466,4954
2020,47041,6672,1750,2020,20104,1643,14344,8423
2020,47043,17643,6106,2020,53289,1982,37114,20298
2020,47045,11768,3158,2020,37201,1297,25213,12663
2020,47047,15690,7027,2020,40612,1144,30079,13730
2020,47049,7441,1214,2020,18405,291,13212,7987
2020,47051,13987,4864,2020,41999,1465,28857,15587
2020,47053,16259,5771,2020,49193,1371,33392,17607
2020,47055,9784,3298,2020,29403,837,20709,11909
2020,47057,8565,1467,2020,23268,796,16900,10335
2020,47059,22259,5199,2020,69077,2066,50031,29110
2020,47061,4802,988,2020,13371,180,9433,6073
2020,47063,18811,5500,2020,64479,7591,44368,24575
2020,47065,92108,75522,2020,364718,21081,257207,92491
2020,47067,2372,362,2020,6568,120,4731,2878
2020,47069,5760,4180,2020,25247,463,18210,11821
2020,47071,9559,1775,2020,25665,634,18569,10984
2020,47073,20405,4083,2020,56735,897,41215,22896
2020,47075,3343,4012,2020,17391,754,12121,7632
2020,47077,9797,2092,2020,27956,694,19508,11834
2020,47079,11239,3548,2020,32251,834,23327,13868
2020,47081,7577,2130,2020,25017,643,17684,11650
2020,47083,2718,871,2020,8201,124,5807,3645
2020,47085,6120,2017,2020,18528,469,13030,8164
2020,47087,4118,1135,2020,11767,254,8794,5790
2020,47089,18651,4654,2020,54162,1971,38691,20132
2020,47091,6468,1246,2020,17755,371,13516,8166
2020,47093,124540,91422,2020,466184,20555,312749,102564
2020,47095,1492,526,2020,7273,180,5630,3926
2020,47097,5674,3193,2020,25689,662,17642,11707
2020,47099,15334,3195,2020,43780,1036,29516,17619
2020,47101,4474,1072,2020,12131,291,8565,5231
2020,47103,12281,2919,2020,34158,1223,23981,13589
2020,47105,21713,6948,2020,53169,4832,39118,17048
2020,47107,18198,4361,2020,53392,2240,37863,20206
2020,47109,9093,1943,2020,25814,573,18304,11193
2020,47111,8096,1307,2020,24208,1248,16141,10834
2020,47113,23943,18390,2020,97838,3891,65529,30069
2020,47115,9911,3177,2020,28639,530,20482,12136
2020,47117,11043,3605,2020,33708,1872,23303,12287
2020,47119,31464,14418,2020,94615,5790,65657,29194
2020,47121,4467,1008,2020,12237,272,8936,5427
2020,47123,16783,3764,2020,46413,2041,33139,18380
2020,47125,42187,32472,2020,204992,21063,127366,43098
2020,47127,2888,573,2020,6396,1,4673,2603
2020,47129,6930,1167,2020,21538,297,15626,10070
2020,47131,10790,2589,2020,30343,1415,21387,13088
2020,47133,7918,2033,2020,22171,347,15680,10373
2020,47135,2775,615,2020,8020,212,5551,3763
2020,47137,2381,525,2020,5068,161,3854,2321
2020,47139,6792,1492,2020,16807,362,12433,6518
2020,47141,23759,9185,2020,78542,5008,51158,25270
2020,47143,11050,2369,2020,32964,1682,22465,12496
2020,47145,19230,6043,2020,53331,1043,39412,18900
2020,47147,24536,8692,2020,70982,5040,48643,25210
2020,47149,81480,59341,2020,324139,26978,204647,72500
2020,47151,8004,986,2020,22020,218,15097,10065
2020,47153,5855,1298,2020,14936,536,10943,6371
2020,47155,33783,8721,2020,98007,6211,70237,35256
2020,47157,129815,246105,2020,936611,60266,615616,235499
2020,47159,7136,1802,2020,19926,572,13897,7971
2020,47161,4950,1232,2020,13553,433,9689,5456
2020,47163,55860,17272,2020,157707,3137,115220,53766
2020,47165,63454,27680,2020,187680,9623,129174,51675
2020,47167,20070,6837,2020,61562,1733,41359,20150
2020,47169,2936,1012,2020,10910,108,7791,4587
2020,47171,6599,1615,2020,17821,946,13506,7013
2020,47173,6803,1249,2020,19678,345,13937,9033
2020,47175,2342,544,2020,5813,78,4294,2883
2020,47177,11850,3924,2020,40971,3770,28092,17648
2020,47179,40444,18638,2020,128874,4647,88935,35503
2020,47181,5795,820,2020,16638,360,12552,8057
2020,47183,10396,3020,2020,33377,916,21552,12245
2020,47185,9606,2143,2020,27087,711,19216,11458
2020,47187,86469,50161,2020,232380,11302,151799,27024
2020,47189,50296,22254,2020,140604,6288,96648,34887
2020,48001,15110,3955,2020,57917,10360,42328,23929
2020,48003,4943,850,2020,18227,10364,10944,6205
2020,48005,25076,9143,2020,87119,19418,57331,27375
2020,48007,9239,2916,2020,24220,6779,17811,7481
2020,48009,4300,446,2020,8754,719,6192,2852
2020,48011,1035,75,2020,1950,165,1338,437
2020,48013,12039,5876,2020,50194,32491,32110,19494
2020,48015,11447,2951,2020,29892,8139,20394,9352
2020,48017,1434,409,2020,6916,4548,4080,2539
2020,48019,10057,2505,2020,22770,4391,17461,7364
2020,48021,20516,15474,2020,86839,33686,57064,27085
2020,48023,1494,183,2020,3560,543,2527,1275
2020,48025,6006,3288,2020,32609,19313,22226,12091
2020,48027,67893,57014,2020,355700,90125,216686,75404
2020,48029,308618,448452,2020,1978826,1197120,1269771,516546
2020,48031,5443,1911,2020,11733,2317,8919,3203
2020,48033,397,16,2020,653,85,434,120
2020,48035,7469,1561,2020,18428,3459,13234,5907
2020,48037,27116,10747,2020,93622,7251,63575,28209
2020,48039,90433,62228,2020,368062,114094,240923,87180
2020,48041,47530,35349,2020,226370,58542,121611,39212
2020,48043,2461,2258,2020,9231,4168,6850,2288
2020,48045,639,78,2020,1348,487,1017,513
2020,48047,998,1470,2020,7100,6514,4460,2636
2020,48049,13698,2107,2020,37805,8516,26168,12591
2020,48051,6743,1788,2020,18237,3806,12685,6695
2020,48053,18767,5639,2020,47548,10625,33684,14144
2020,48055,8031,6672,2020,42817,22720,27627,16042
2020,48057,5641,2148,2020,21470,10551,14334,7168
2020,48059,6012,734,2020,13959,1371,9976,4610
2020,48061,49032,64063,2020,422135,379216,248705,143144
2020,48063,3626,1394,2020,12938,3292,8446,3857
2020,48065,2779,297,2020,5957,609,4120,1470
2020,48067,11033,2795,2020,30002,1409,20960,11688
2020,48069,1602,466,2020,7561,4900,4663,2746
2020,48071,17353,3997,2020,42571,9870,26978,9932
2020,48073,15101,4210,2020,52341,12267,34260,17351
2020,48075,1943,310,2020,7219,2530,5246,2808
2020,48077,5069,614,2020,10444,682,7626,3349
2020,48079,809,177,2020,2860,1691,1880,1211
2020,48081,1586,178,2020,3298,727,2479,1242
2020,48083,3641,451,2020,8281,1466,6026,2991
2020,48085,252318,230945,2020,1006038,154396,662273,136243
2020,48087,1048,155,2020,2939,934,1909,887
2020,48089,7472,2420,2020,21357,6455,14387,7736
2020,48091,62740,24826,2020,148921,41293,103971,33016
2020,48093,5177,853,2020,13597,3848,9707,4561
2020,48095,1058,197,2020,3018,1211,2389,1465
2020,48097,15596,3210,2020,40428,7376,27484,11938
2020,48099,15438,7565,2020,75576,14169,47848,18651
2020,48101,540,113,2020,1624,313,1066,491
2020,48103,1247,241,2020,4739,3079,2856,1707
2020,48105,1220,344,2020,3393,2110,2471,1701
2020,48107,1396,527,2020,5753,3237,3746,2119
2020,48109,415,438,2020,2183,1816,1416,948
2020,48111,1389,197,2020,7272,3374,4415,2665
2020,48113,307076,598576,2020,2622634,1055049,1686671,711838
2020,48115,2951,808,2020,12849,7458,8098,5027
2020,48117,3294,1264,2020,18617,13689,10956,7127
2020,48119,2162,403,2020,5277,437,3605,1675
2020,48121,222480,188695,2020,861690,166865,569381,141457
2020,48123,6567,1494,2020,20217,7211,14309,8179
2020,48125,853,130,2020,2182,644,1623,863
2020,48127,1384,2264,2020,10232,8938,6460,4055
2020,48129,1438,198,2020,3317,374,2206,882
2020,48131,2443,2575,2020,11194,9991,7136,4278
2020,48133,7237,983,2020,18289,3050,12555,5756
2020,48135,32697,11367,2020,162067,99853,96782,51877
2020,48137,893,168,2020,1944,1013,1301,675
2020,48139,56717,27565,2020,179484,47758,115775,47242
2020,48141,84331,178126,2020,836915,691920,514164,227277
2020,48143,13684,2916,2020,42226,8990,24555,9509
2020,48145,4177,1899,2020,17281,4065,12198,7011
2020,48147,12171,2655,2020,35046,4067,24604,12419
2020,48149,10171,2661,2020,25247,5393,18468,9304
2020,48151,1448,352,2020,3827,1045,2732,1264
2020,48153,1584,438,2020,5782,3391,3783,2061
2020,48155,445,99,2020,1207,273,885,421
2020,48157,157718,195552,2020,790892,194349,508472,137681
2020,48159,4161,804,2020,10767,1606,7419,2552
2020,48161,6991,1635,2020,19744,3137,13894,6948
2020,48163,2823,2422,2020,20013,15924,12515,8608
2020,48165,5355,576,2020,21077,8797,11335,7998
2020,48167,93911,58842,2020,337600,84243,227013,79477
2020,48169,1413,231,2020,6028,2954,4417,2932
2020,48171,12514,3176,2020,26668,6300,19583,7888
2020,48173,611,39,2020,1447,554,935,500
2020,48175,3085,877,2020,7578,2730,5378,2308
2020,48177,5627,1948,2020,20828,10652,13459,9059
2020,48179,6840,829,2020,22063,6490,14615,7660
2020,48181,44163,14506,2020,133527,18247,90127,36348
2020,48183,32493,14796,2020,123633,23354,80195,34780
2020,48185,9432,2833,2020,28447,6874,19591,10360
2020,48187,47553,28805,2020,163030,62324,107800,45113
2020,48189,7177,2279,2020,33463,20023,20582,11947
2020,48191,995,168,2020,3025,1047,2081,1115
2020,48193,3616,641,2020,8434,1099,5962,2887
2020,48195,1849,166,2020,5431,2601,3348,1874
2020,48197,1330,241,2020,3958,926,2879,1408
2020,48199,23858,3474,2020,57356,3447,38859,19752
2020,48201,700630,918193,2020,4680609,2016625,2995908,1227786
2020,48203,21466,7908,2020,66547,8837,44280,20081
2020,48205,1868,195,2020,5588,1500,4127,2218
2020,48207,1840,353,2020,5711,1636,3993,2378
2020,48209,47680,59524,2020,222827,87907,134420,43630
2020,48211,1486,206,2020,3901,1445,2407,1306
2020,48213,28911,7060,2020,81969,10726,57974,28171
2020,48215,90527,128199,2020,861137,794879,485614,276493
2020,48217,11926,2860,2020,36109,7557,24717,12293
2020,48219,6536,1482,2020,22986,11163,14374,7560
2020,48221,26496,5648,2020,60025,7542,43434,16735
2020,48223,12719,3046,2020,36708,6264,24671,12202
2020,48225,7060,2314,2020,22942,2606,16834,9287
2020,48227,8054,2069,2020,36213,15686,24766,13514
2020,48229,779,371,2020,4687,3644,3116,2331
2020,48231,29163,8906,2020,96202,16332,63553,31154
2020,48233,7681,965,2020,21105,4985,13955,6632
2020,48235,759,120,2020,1553,424,1068,476
2020,48237,3418,331,2020,8888,1515,6166,3516
2020,48239,5231,1033,2020,14822,4936,9931,5135
2020,48241,12542,2954,2020,35562,2438,24345,14572
2020,48243,784,501,2020,2245,603,1661,576
2020,48245,47570,46073,2020,253136,53655,168295,81053
2020,48247,833,1197,2020,5187,4805,2828,1886
2020,48249,7453,6119,2020,40796,32780,25841,14743
2020,48251,54628,16464,2020,171359,37660,112031,56070
2020,48253,5660,999,2020,19874,5523,14837,8780
2020,48255,3968,1234,2020,15547,8640,10540,6382
2020,48257,37624,18405,2020,129792,29087,82983,39213
2020,48259,20083,6020,2020,45491,10996,31162,7836
2020,48261,127,65,2020,391,378,270,250
2020,48263,411,47,2020,704,74,478,154
2020,48265,20879,6524,2020,52195,14282,37918,14764
2020,48267,1987,284,2020,4375,1125,3312,1554
2020,48269,151,8,2020,279,60,222,162
2020,48271,1144,446,2020,3674,2238,2883,1351
2020,48273,5504,5314,2020,30725,22439,17019,8291
2020,48275,1180,265,2020,3679,1283,2462,1230
2020,48277,16760,4458,2020,49705,4007,34180,16203
2020,48279,3521,840,2020,13018,7272,8258,4893
2020,48281,8086,2144,2020,21152,4161,14963,5899
2020,48283,1335,1052,2020,7551,6396,5135,4094
2020,48285,8804,1333,2020,20072,3851,13879,7565
2020,48287,6255,1750,2020,17174,4090,12029,6446
2020,48289,7523,1072,2020,17325,2550,12391,7079
2020,48291,23302,5785,2020,86173,23051,55520,33763
2020,48293,6789,2213,2020,23364,5170,16218,8445
2020,48295,1205,131,2020,3301,1004,2071,979
2020,48297,4199,819,2020,12175,4898,8637,5013
2020,48299,10079,2465,2020,21452,2304,17147,6916
2020,48301,60,4,2020,117,0,88,16
2020,48303,78861,40017,2020,308392,110434,182865,69371
2020,48305,1853,428,2020,5886,2743,3880,1969
2020,48307,2904,490,2020,7970,2606,5570,2840
2020,48309,59543,36688,2020,254045,67422,154778,65376
2020,48311,460,53,2020,724,470,460,261
2020,48313,4169,1088,2020,14329,3381,9849,5681
2020,48315,3470,1339,2020,9987,434,7423,3984
2020,48317,1857,288,2020,5676,2712,3223,1781
2020,48319,1991,457,2020,4248,871,2882,954
2020,48321,9845,3733,2020,36791,15850,24097,11520
2020,48323,6881,8332,2020,58098,55301,33086,20692
2020,48325,15642,6773,2020,50869,26609,34123,16172
2020,48327,823,197,2020,2108,725,1670,771
2020,48329,45624,12329,2020,171238,77728,106940,44889
2020,48331,7984,2496,2020,24797,6639,16708,9310
2020,48333,2217,271,2020,4877,1113,3622,1836
2020,48335,2170,397,2020,8256,3329,5229,3156
2020,48337,8615,1097,2020,19640,2202,13894,6813
2020,48339,193382,74377,2020,590188,144951,386248,131880
2020,48341,4359,1062,2020,21169,12032,12411,7656
2020,48343,3872,1669,2020,12357,1259,8541,4449
2020,48345,604,46,2020,1362,207,1003,482
2020,48347,17378,9000,2020,65080,12775,37668,17003
2020,48349,13800,5101,2020,49475,13803,32159,16112
2020,48351,4882,1173,2020,13788,524,9831,6068
2020,48353,4131,1162,2020,14901,5716,9546,4957
2020,48355,64617,60925,2020,362151,232273,236941,107672
2020,48357,2812,302,2020,9907,5430,5775,3400
2020,48359,917,81,2020,2110,382,1246,489
2020,48361,29186,6357,2020,83776,6790,56083,27158
2020,48363,10179,2178,2020,28792,5741,19723,9401
2020,48365,9326,2057,2020,23186,2054,15735,7416
2020,48367,62045,13017,2020,138447,17660,93391,36509
2020,48369,2135,488,2020,9639,6154,6038,3389
2020,48371,3215,1382,2020,15725,10855,10543,6681
2020,48373,18573,5387,2020,50155,7697,36262,20127
2020,48375,22820,9921,2020,118323,45928,75104,41536
2020,48377,721,1463,2020,6808,5461,4425,2759
2020,48379,5155,842,2020,12001,1114,8968,4901
2020,48381,50796,12802,2020,136005,30436,89847,28073
2020,48383,942,172,2020,3766,2633,2222,1343
2020,48385,1643,320,2020,3429,827,2413,1143
2020,48387,4517,1246,2020,12115,893,8978,4536
2020,48389,2254,1395,2020,15546,11625,10339,6909
2020,48391,2210,1108,2020,7015,3563,4841,2826
2020,48393,529,17,2020,784,93,564,229
2020,48395,5646,2374,2020,17094,3617,11659,6143
2020,48397,36726,16412,2020,101175,18295,65792,16146
2020,48399,3807,552,2020,10280,3542,7028,3797
2020,48401,16534,4629,2020,53988,9224,37152,18420
2020,48403,4784,669,2020,10470,490,7948,3931
2020,48405,3007,980,2020,8260,609,6160,3684
2020,48407,10161,2337,2020,28574,3859,20611,11757
2020,48409,16516,8988,2020,66969,38941,43016,22093
2020,48411,2308,287,2020,6004,1829,4198,2358
2020,48413,940,211,2020,2898,1549,1922,941
2020,48415,4983,818,2020,16918,6948,11212,5918
2020,48417,1484,130,2020,3291,385,2259,733
2020,48419,7975,2068,2020,25263,4655,16446,9299
2020,48421,886,91,2020,3046,1327,2039,1023
2020,48423,69080,29615,2020,230184,45319,151253,55080
2020,48425,4105,768,2020,8958,1627,6279,2690
2020,48427,8247,9123,2020,64032,63329,35668,24575
2020,48429,3385,397,2020,9358,2266,6352,3378
2020,48431,584,51,2020,1274,486,762,454
2020,48433,615,116,2020,1412,341,881,515
2020,48435,1222,322,2020,3793,2586,2468,1413
2020,48437,1845,478,2020,7403,3287,4899,2936
2020,48439,409741,411567,2020,2077153,602314,1336510,500254
2020,48441,39547,14588,2020,137521,34104,84236,34581
2020,48443,334,119,2020,903,454,779,290
2020,48445,2812,757,2020,12408,6884,7827,4739
2020,48447,806,82,2020,1500,181,1067,538
2020,48449,7570,2856,2020,32709,14265,19986,11449
2020,48451,32313,12239,2020,118645,48092,76229,32535
2020,48453,161337,435860,2020,1250884,420236,865926,220547
2020,48455,5579,1323,2020,14689,1535,10736,5709
2020,48457,8194,1403,2020,21524,1720,15285,9227
2020,48459,15809,2877,2020,41386,3601,28133,13553
2020,48461,1178,170,2020,3651,1980,2347,1405
2020,48463,6174,4073,2020,26899,19334,16776,9008
2020,48465,8284,6771,2020,49018,40299,29717,16197
2020,48467,22270,3516,2020,55970,6325,38832,18523
2020,48469,23358,10380,2020,92044,43528,60373,28443
2020,48471,15375,7884,2020,72295,13066,46704,25193
2020,48473,14260,8191,2020,53626,16312,29797,13782
2020,48475,3241,764,2020,11745,6372,7369,4197
2020,48477,12959,4261,2020,35275,5752,23589,10257
2020,48479,25898,41820,2020,274847,262499,153079,86363
2020,48481,11926,4694,2020,41672,17424,26876,13177
2020,48483,2159,168,2020,5187,1339,3507,1780
2020,48485,32069,13161,2020,132154,25823,84714,37559
2020,48487,3524,956,2020,12717,3777,8795,4809
2020,48489,2441,3108,2020,21419,18888,13532,9080
2020,48491,139729,143795,2020,570437,140449,379684,102374
2020,48493,18463,6350,2020,50110,20072,33963,15543
2020,48495,1753,358,2020,7822,4809,4544,2796
2020,48497,27032,4973,2020,67884,13295,45664,21961
2020,48499,19049,3509,2020,45054,4610,32769,15535
2020,48501,2174,420,2020,8612,5766,5074,3091
2020,48503,7110,1034,2020,17961,3411,12447,5673
2020,48505,2033,1826,2020,14243,13467,8032,5294
2020,48507,1490,2864,2020,11930,11200,7101,4210
2020,49001,2695,357,2020,6594,790,3871,1380
2020,49003,21548,4473,2020,54953,5231,32717,12262
2020,49005,38032,16650,2020,126336,13503,64162,17086
2020,49007,6693,2392,2020,20401,2741,13262,4937
2020,49009,496,111,2020,590,14,381,177
2020,49011,104135,57411,2020,350761,34780,205899,52033
2020,49013,7512,843,2020,19950,1643,11755,5780
2020,49015,4207,572,2020,10099,632,6350,2267
2020,49017,2158,514,2020,5000,309,3484,1288
2020,49019,2248,2806,2020,9698,997,7137,2373
2020,49021,18989,4892,2020,53148,4814,29881,8880
2020,49023,5087,645,2020,11623,635,6540,2969
2020,49025,2998,1083,2020,7658,370,5600,1871
2020,49027,5404,624,2020,12963,1643,7920,3385
2020,49029,5181,1086,2020,11950,346,6695,1495
2020,49031,773,86,2020,1870,61,1328,502
2020,49033,1157,180,2020,2415,231,1406,458
2020,49035,230174,289906,2020,1146215,211869,726907,224126
2020,49037,3535,3113,2020,15295,900,9192,4114
2020,49039,10459,1794,2020,30421,2898,18205,7223
2020,49041,9052,1084,2020,21475,1116,13469,5412
2020,49043,10252,15244,2020,41680,4650,27924,5808
2020,49045,21014,8943,2020,69740,8834,40623,16195
2020,49047,13261,1663,2020,35736,3025,20893,10370
2020,49049,192812,76033,2020,621506,74069,310161,66915
2020,49051,10795,6187,2020,33053,4492,19926,5019
2020,49053,67294,20530,2020,172127,18297,112121,32140
2020,49055,1229,365,2020,2698,167,1822,536
2020,49057,65949,40695,2020,255284,47010,158841,59889
2020,50001,6567,15089,2020,36947,885,25678,9182
2020,50003,6724,11858,2020,35649,753,25445,9026
2020,50005,5924,8529,2020,30027,517,21560,9056
2020,50007,20104,72938,2020,163414,3956,108277,25664
2020,50009,2164,1890,2020,6179,86,4750,2631
2020,50011,11274,13612,2020,49275,818,34513,16040
2020,50013,2194,3346,2020,7075,144,5355,1821
2020,50015,4171,10773,2020,25376,481,17810,5703
2020,50017,5782,8351,2020,28873,398,21296,8912
2020,50019,7086,7757,2020,26843,407,19658,9567
2020,50021,14625,18746,2020,58527,903,42711,17035
2020,50023,8707,25101,2020,58336,1147,41714,13083
2020,50025,7251,20057,2020,42628,1027,31747,11510
2020,50027,10135,24779,2020,55191,996,41575,14419
2020,51001,9172,7578,2020,32560,2880,23813,12948
2020,51003,20804,42466,2020,108819,6272,73818,16148
2020,51005,5859,2243,2020,15030,231,11155,5949
2020,51007,5390,2411,2020,12970,408,9270,5300
2020,51009,11041,5672,2020,31782,787,22893,11751
2020,51011,6702,2418,2020,15814,286,11275,5536
2020,51013,22318,105344,2020,236434,36492,174580,22613
2020,51015,30714,10840,2020,75754,2273,55731,28705
2020,51017,1834,646,2020,4248,33,3368,1725
2020,51019,35600,12176,2020,78965,1872,57364,21945
2020,51021,2903,532,2020,6334,49,4955,2690
2020,51023,15099,5700,2020,33440,601,24698,10067
2020,51025,3357,4552,2020,16336,391,12332,7321
2020,51027,8311,1587,2020,21374,170,16182,10419
2020,51029,4544,3471,2020,17087,418,12934,7945
2020,51031,21245,8070,2020,55406,1505,39945,17859
2020,51033,8336,7657,2020,30581,1541,20647,10508
2020,51035,12659,2842,2020,29911,1119,22587,12877
2020,51036,1761,2624,2020,6965,135,5463,3184
2020,51037,3815,2317,2020,11953,274,8381,4547
2020,51041,93326,106935,2020,348500,31718,235033,71753
2020,51043,5192,3920,2020,14498,842,10587,3949
2020,51045,2536,587,2020,5103,1,3849,1760
2020,51047,16012,10617,2020,51935,5837,35168,15470
2020,51049,3019,2227,2020,9869,105,7265,3600
2020,51051,5748,1503,2020,14524,141,10749,6262
2020,51053,8695,6224,2020,28686,1038,20432,10757
2020,51057,3075,3038,2020,10960,416,7850,4163
2020,51059,168401,419943,2020,1149439,186680,783360,156310
2020,51061,25106,17565,2020,70353,6082,48634,15751
2020,51063,6225,3004,2020,15766,457,11705,5542
2020,51065,8155,7414,2020,26873,966,19770,6200
2020,51067,20895,8381,2020,56231,1582,40923,18796
2020,51069,30558,17207,2020,88054,7896,61010,26530
2020,51071,6876,2156,2020,16760,301,12151,5803
2020,51073,14875,6964,2020,37362,1379,27336,11443
2020,51075,9966,6685,2020,23472,687,17588,5297
2020,51077,6529,1535,2020,15651,559,11977,6426
2020,51079,6866,4163,2020,19734,1176,13699,5737
2020,51081,1914,2627,2020,11403,282,8810,5487
2020,51083,10418,7666,2020,34295,729,24731,13384
2020,51085,44318,25307,2020,106538,3272,73849,23452
2020,51087,63440,116572,2020,330076,19083,229639,67178
2020,51089,16725,9127,2020,51032,2867,37581,20432
2020,51091,1092,417,2020,2202,0,1694,772
2020,51093,13707,9399,2020,37107,1302,26652,10882
2020,51095,23153,25553,2020,76032,4487,55499,12380
2020,51097,2450,1590,2020,7011,235,5392,2448
2020,51099,8446,5404,2020,26679,1495,17751,6108
2020,51101,7320,3260,2020,16985,458,11829,4591
2020,51103,3697,3368,2020,10686,94,8613,3471
2020,51105,8365,1489,2020,23723,485,17911,10031
2020,51107,82088,138372,2020,405312,55180,261054,48195
2020,51109,13294,8269,2020,36654,1140,26631,12090
2020,51111,3537,2418,2020,12294,637,8947,5195
2020,51113,5300,2698,2020,13208,389,9668,4486
2020,51115,3901,1825,2020,8760,239,6820,2455
2020,51117,9266,6803,2020,30726,913,22868,10814
2020,51119,4196,2491,2020,10642,173,8270,3513
2020,51121,20629,23218,2020,98495,3297,56202,16466
2020,51125,4812,4327,2020,14812,645,11109,5652
2020,51127,9631,4621,2020,22310,789,16452,6108
2020,51131,2955,3667,2020,11826,1047,8762,4302
2020,51133,4485,3252,2020,12151,171,9744,3805
2020,51135,4027,2971,2020,15338,699,11085,6245
2020,51137,12426,7995,2020,36501,1916,25949,12088
2020,51139,9345,3007,2020,23862,503,17460,10960
2020,51141,7485,1954,2020,17660,551,13525,7341
2020,51143,23751,10115,2020,60867,1654,45129,23986
2020,51145,14055,5320,2020,29253,664,21844,8861
2020,51147,4434,4973,2020,22892,698,13192,6460
2020,51149,10103,7103,2020,38292,3227,26508,10774
2020,51153,81222,142863,2020,466834,111707,299194,91916
2020,51155,12127,4925,2020,34113,621,25625,11438
2020,51157,2812,2096,2020,7360,289,5488,1910
2020,51159,2547,1513,2020,8951,647,6921,3839
2020,51161,34268,21801,2020,94103,2997,68043,23096
2020,51163,8088,4086,2020,22728,456,17028,7796
2020,51165,30349,12644,2020,81138,5832,55812,28225
2020,51167,10879,2373,2020,26937,197,19811,11297
2020,51169,9063,1692,2020,21761,298,16325,8840
2020,51171,16463,6836,2020,43441,3208,31143,16488
2020,51173,10963,3008,2020,30539,639,22425,12131
2020,51175,5730,3969,2020,17829,334,13263,5960
2020,51177,39411,34307,2020,134683,13679,90028,33345
2020,51179,37636,40245,2020,150185,20154,96428,28240
2020,51181,2025,2397,2020,6459,169,4929,2445
2020,51183,2219,2827,2020,11202,356,8289,4993
2020,51185,16731,3205,2020,41201,441,30120,16151
2020,51187,14069,6603,2020,39888,1961,27773,13423
2020,51191,21679,6617,2020,54005,824,40061,18676
2020,51193,5318,4501,2020,17873,1153,13335,6980
2020,51195,13366,3110,2020,38032,483,27375,15122
2020,51197,11733,3143,2020,28725,366,21121,10881
2020,51199,20241,17683,2020,68389,4618,46245,10260
2020,51510,14544,66240,2020,158309,26027,119957,20742
2020,51520,5347,2313,2020,17059,78,12181,5489
2020,51530,1863,825,2020,6477,92,4018,2170
2020,51540,3094,20696,2020,47217,2623,30341,7782
2020,51550,58180,66377,2020,242647,15813,163257,49778
2020,51570,6007,2972,2020,17283,1095,12146,4758
2020,51580,1580,964,2020,5653,151,3999,2198
2020,51590,7428,11710,2020,40668,1817,28313,14164
2020,51595,754,1612,2020,5408,339,3455,1922
2020,51600,4007,9174,2020,23312,4038,16029,3338
2020,51610,1490,7146,2020,14309,1523,9794,949
2020,51620,1487,2525,2020,8015,241,5703,2733
2020,51630,4037,8517,2020,29059,3225,17572,5475
2020,51640,1838,777,2020,6402,1214,4358,2276
2020,51650,18430,46220,2020,135169,8208,90627,34217
2020,51660,5591,11022,2020,53558,10714,27384,11659
2020,51670,4020,5430,2020,22500,1891,14849,7727
2020,51678,906,1791,2020,7205,401,3117,996
2020,51680,17097,18048,2020,80970,3530,45393,16220
2020,51683,6256,10356,2020,41038,15253,26581,10919
2020,51685,1979,3992,2020,17548,7032,11337,5615
2020,51690,2165,3766,2020,12646,780,8633,3790
2020,51700,26377,53099,2020,179582,16816,116686,42730
2020,51710,23443,64440,2020,244300,20452,153359,56259
2020,51720,1109,464,2020,3969,0,2955,1415
2020,51730,1584,12389,2020,30791,1516,21459,11077
2020,51735,5605,2054,2020,12121,352,8620,2362
2020,51740,12755,30948,2020,94961,4427,63775,26339
2020,51750,2786,3358,2020,17833,534,8252,2494
2020,51760,16603,92175,2020,229233,16220,161426,55513
2020,51770,15607,26773,2020,99122,6346,69800,33208
2020,51775,7683,5148,2020,25290,868,17300,6371
2020,51790,5695,6981,2020,24660,837,17697,7028
2020,51800,20082,28676,2020,91383,4098,62050,22180
2020,51810,105087,117393,2020,450882,37894,309067,82621
2020,51820,5507,4961,2020,22300,1910,15697,7248
2020,51830,1963,4790,2020,15034,1085,7690,2020
2020,51840,5221,6610,2020,27912,4980,18643,7192
2020,53001,3907,1814,2020,19702,12595,10777,6766
2020,53003,7319,4250,2020,22636,962,16325,5960
2020,53005,60365,38706,2020,200715,44714,130405,42492
2020,53007,22746,19349,2020,76653,21531,52476,21961
2020,53009,23062,24721,2020,76482,5147,58884,19983
2020,53011,126303,140324,2020,481950,48262,327705,102963
2020,53013,1754,668,2020,4024,326,3041,946
2020,53015,34424,23938,2020,108399,10027,75530,30583
2020,53017,12955,7811,2020,42520,13602,28131,13109
2020,53019,2771,1486,2020,7643,373,6002,2711
2020,53021,18039,13340,2020,93681,49876,54279,26364
2020,53023,1069,366,2020,2258,31,1705,547
2020,53025,24764,11819,2020,96648,40593,58909,28589
2020,53027,19877,17354,2020,73769,7551,53730,24496
2020,53029,22746,29213,2020,84187,6846,61552,16251
2020,53031,6931,17204,2020,31825,1211,26683,6649
2020,53033,269167,907310,2020,2225064,218763,1594779,341686
2020,53035,61563,90277,2020,268945,21641,188054,49687
2020,53037,14105,11421,2020,47097,4248,28893,9532
2020,53039,7237,5959,2020,22055,2644,16456,6081
2020,53041,29391,14520,2020,79430,8464,56424,22727
2020,53043,5150,1713,2020,10732,375,7761,2655
2020,53045,18710,17269,2020,65326,6687,47951,20000
2020,53047,11840,8900,2020,42080,8592,29495,13288
2020,53049,6953,6794,2020,22121,2203,17294,6960
2020,53051,5728,2593,2020,13588,550,10071,4205
2020,53053,197730,249506,2020,891862,100534,601918,208882
2020,53055,3057,9725,2020,16953,1105,13894,2688
2020,53057,32762,38252,2020,127442,23730,89982,31484
2020,53059,3885,3192,2020,11906,785,8993,3453
2020,53061,166428,256728,2020,811572,85321,565776,175856
2020,53063,148576,135765,2020,513402,30770,352149,101456
2020,53065,19808,7839,2020,45233,1723,32508,13859
2020,53067,65277,96608,2020,284698,26375,200837,56049
2020,53069,1741,1165,2020,4318,326,3356,1198
2020,53071,16400,13690,2020,60785,13115,40048,13172
2020,53073,50489,83660,2020,224538,21734,149734,44209
2020,53075,9067,11184,2020,49577,3186,24930,5054
2020,53077,50555,43179,2020,250649,125004,152334,80541
2020,54001,5116,1457,2020,16543,221,11314,7160
2020,54003,33279,17186,2020,117615,5424,81288,38277
2020,54005,6816,2041,2020,21897,46,15643,9883
2020,54007,4120,1457,2020,14032,29,10339,6755
2020,54009,7545,2947,2020,22162,206,16123,7911
2020,54011,21721,14994,2020,93328,1331,62445,27747
2020,54013,2364,568,2020,7185,0,5419,3409
2020,54015,2679,641,2020,8599,6,5903,4423
2020,54017,2619,435,2020,8499,43,6292,3917
2020,54019,11580,5063,2020,43087,517,31180,18464
2020,54021,2012,599,2020,7970,336,5470,3435
2020,54023,4871,607,2020,11565,83,8558,5507
2020,54025,10925,4655,2020,34893,677,25826,13422
2020,54027,8033,1939,2020,23304,347,17228,10513
2020,54029,9806,3790,2020,29118,450,21629,10919
2020,54031,4859,1381,2020,13789,126,10068,6677
2020,54033,20683,9215,2020,67620,1142,48215,24647
2020,54035,10093,3207,2020,28793,271,20509,11270
2020,54037,15033,12127,2020,56922,3350,39566,15898
2020,54039,46398,34344,2020,181014,2060,131276,62128
2020,54041,5782,1538,2020,16024,185,11457,6957
2020,54043,6012,1711,2020,20617,132,14603,9566
2020,54045,10534,2333,2020,32593,320,23593,14916
2020,54047,5148,1333,2020,18083,246,13283,10017
2020,54049,16300,8901,2020,56233,747,38684,19443
2020,54051,10435,3455,2020,30900,303,22785,11881
2020,54053,8491,2526,2020,26700,194,19397,10864
2020,54055,19237,5556,2020,59370,719,42092,22899
2020,54057,10040,2660,2020,27047,258,19379,10631
2020,54059,8544,1397,2020,23808,61,16895,11537
2020,54061,20803,20282,2020,106196,2291,66404,22524
2020,54063,5068,1345,2020,13344,141,9888,6327
2020,54065,6537,1998,2020,17800,290,13424,7238
2020,54067,8279,2226,2020,24857,114,18193,10933
2020,54069,12354,7223,2020,41875,506,29475,12321
2020,54071,2782,820,2020,6968,65,5349,3591
2020,54073,2742,699,2020,7457,222,5292,3318
2020,54075,2895,1047,2020,8382,24,6422,4018
2020,54077,11190,3163,2020,33610,502,25037,15647
2020,54079,20034,7878,2020,56604,671,39800,17637
2020,54081,24673,7982,2020,74452,1212,53454,27407
2020,54083,8673,3362,2020,28763,276,20874,13250
2020,54085,3649,586,2020,9747,3,7162,4570
2020,54087,4213,1455,2020,13831,162,9955,6247
2020,54089,4074,1448,2020,12710,250,9933,5679
2020,54091,5477,1796,2020,16817,167,12422,6574
2020,54093,2841,938,2020,6943,39,5386,3112
2020,54095,3226,631,2020,8736,45,6445,3624
2020,54097,7771,2256,2020,24451,334,16807,10816
2020,54099,12585,4088,2020,39952,272,28857,16567
2020,54101,2759,610,2020,8289,5,5996,4179
2020,54103,4993,1539,2020,15291,151,11058,6776
2020,54105,2134,466,2020,5764,20,4344,2474
2020,54107,27202,10926,2020,84387,1002,60245,25867
2020,54109,7353,1157,2020,20890,85,15188,10405
2020,55001,7362,4329,2020,20208,836,16210,8715
2020,55003,3841,4801,2020,15524,464,10656,4670
2020,55005,15803,9194,2020,45182,1184,32146,14557
2020,55007,4617,6147,2020,15088,331,11587,3754
2020,55009,75871,65511,2020,262559,23547,176037,65872
2020,55011,4834,2860,2020,13087,300,9543,4585
2020,55013,6462,3569,2020,15363,300,11830,5191
2020,55015,18156,12116,2020,50005,2198,34475,12752
2020,55017,21317,13983,2020,64175,1185,45531,18551
2020,55019,10002,4524,2020,34668,1752,21672,12377
2020,55021,16927,16410,2020,57331,2063,40858,16060
2020,55023,4620,3953,2020,16155,269,11746,5571
2020,55025,78800,260185,2020,542459,35232,358479,75581
2020,55027,31355,16356,2020,87569,4387,63718,31214
2020,55029,9752,10044,2020,27621,918,21630,7516
2020,55031,10923,13218,2020,43497,730,31174,10891
2020,55033,13173,9897,2020,45029,888,27541,10651
2020,55035,25341,31620,2020,104132,2662,66161,20233
2020,55037,2133,781,2020,4312,19,3452,1496
2020,55039,35754,20588,2020,102654,5537,71780,31144
2020,55041,3285,1721,2020,9003,247,6480,3192
2020,55043,14142,10998,2020,51570,944,31966,13685
2020,55045,10169,10851,2020,36790,1184,26155,11207
2020,55047,7168,3344,2020,18807,966,13292,6443
2020,55049,5909,7828,2020,23632,455,16671,6468
2020,55051,2438,1533,2020,5679,77,4573,1701
2020,55053,5791,4256,2020,20556,745,14597,7635
2020,55055,27208,19904,2020,84837,6148,59085,23917
2020,55057,8749,4746,2020,26603,855,19567,9881
2020,55059,44972,42193,2020,168998,22782,114176,44660
2020,55061,7927,3976,2020,20398,650,14547,6639
2020,55063,28684,37846,2020,118168,2355,76165,22527
2020,55065,4821,3647,2020,16682,680,11398,5583
2020,55067,7330,3704,2020,19167,417,14082,7401
2020,55069,10017,6261,2020,27687,522,20630,9703
2020,55071,27218,16818,2020,78977,3377,56864,24637
2020,55073,44624,30808,2020,135485,3905,93994,39031
2020,55075,15304,7366,2020,40312,757,30070,14848
2020,55077,5719,3239,2020,15380,546,11501,5877
2020,55078,278,1303,2020,4566,331,2601,1350
2020,55079,134357,317270,2020,949180,146352,630726,254066
2020,55081,13775,8433,2020,46155,2213,31230,14004
2020,55083,16226,6715,2020,37870,739,27809,13965
2020,55085,13671,10105,2020,35480,579,27230,10207
2020,55087,58385,47667,2020,186829,8272,126994,46803
2020,55089,33912,26517,2020,89179,2782,62248,14968
2020,55091,2584,1489,2020,7261,150,5251,2499
2020,55093,12815,9796,2020,42336,980,26698,9593
2020,55095,16611,9370,2020,43549,845,31536,13220
2020,55097,19299,20428,2020,70822,2379,45796,17333
2020,55099,5394,3032,2020,13351,254,10313,4896
2020,55101,54479,50159,2020,195859,26795,134100,54178
2020,55103,4871,3995,2020,17408,433,12353,6155
2020,55105,37138,46658,2020,162532,14693,110933,47576
2020,55107,5257,2517,2020,14074,279,10292,5314
2020,55109,32199,23190,2020,89702,2224,60805,16940
2020,55111,17493,18108,2020,64152,3426,44783,19233
2020,55113,5909,4498,2020,16477,455,12388,5055
2020,55115,15173,7131,2020,40813,1209,29200,15130
2020,55117,37609,27101,2020,115152,7615,80075,33230
2020,55119,7657,2693,2020,20320,458,14149,7702
2020,55121,8833,6285,2020,29525,2581,20090,9457
2020,55123,8218,7457,2020,30759,504,20706,9686
2020,55125,9261,5903,2020,21923,567,17259,6315
2020,55127,33851,22789,2020,103391,11567,68845,26843
2020,55129,6334,3867,2020,15726,290,11912,4802
2020,55131,60237,26650,2020,135529,4465,95853,32974
2020,55133,159649,103906,2020,402637,19642,284749,72862
2020,55135,18952,9703,2020,50997,1648,37085,18334
2020,55137,9016,4388,2020,24256,1568,18400,9890
2020,55139,47796,44060,2020,170924,7230,115604,45706
2020,55141,24308,16365,2020,72892,2328,52066,23826
2020,56001,8579,9092,2020,38664,3740,21681,3799
2020,56003,4806,788,2020,11809,1082,7972,3118
2020,56005,16975,1935,2020,46958,4017,30198,12854
2020,56007,5014,1427,2020,15073,2780,10363,4885
2020,56009,5917,861,2020,13842,1144,9477,4094
2020,56011,3651,378,2020,7502,182,5188,1930
2020,56013,12007,5519,2020,39711,2914,26661,10236
2020,56015,4878,1203,2020,13301,1438,9321,3369
2020,56017,1999,482,2020,4550,143,3398,1051
2020,56019,3881,897,2020,8518,412,6211,1859
2020,56021,27891,15217,2020,99272,14982,67590,21194
2020,56023,8643,1509,2020,19640,922,13080,5208
2020,56025,25271,8530,2020,80067,6958,54534,19500
2020,56027,1118,155,2020,2377,149,1733,724
2020,56029,12813,3410,2020,29273,1663,21087,6202
2020,56031,3898,890,2020,8572,714,6473,3011
2020,56033,11843,4043,2020,30397,1329,21525,6950
2020,56035,3957,882,2020,9865,723,6768,2391
2020,56037,12229,3823,2020,43352,6917,28236,11213
2020,56039,4341,9848,2020,23356,3449,17782,3723
2020,56041,7496,1591,2020,20374,1929,13093,5834
2020,56043,3245,651,2020,7933,1134,5515,2028
2020,56045,3107,360,2020,6942,133,4933,2211
2024,01001,20484,7439,2023,59285,2188,40767,17284
2024,01003,95798,24934,2023,239945,13393,171988,61590
2024,01005,5606,4158,2023,24757,1490,17628,10540
2024,01007,7572,1619,2023,22152,744,15931,9684
2024,01009,25354,2576,2023,59292,5962,40991,21693
2024,01011,1101,2983,2023,10157,577,7378,4909
2024,01013,5172,3251,2023,18807,300,13164,7815
2024,01015,34912,13194,2023,116141,5150,78627,38057
2024,01017,8711,5405,2023,34450,1270,24484,13425
2024,01019,11358,1553,2023,25224,437,18777,10044
2024,01021,16920,2698,2023,45500,4489,30747,17542
2024,01023,4103,2515,2023,12525,136,8998,5062
2024,01025,6965,4927,2023,22802,261,15966,9117
2024,01027,5734,993,2023,14188,451,10259,5566
2024,01029,6988,605,2023,15254,306,10861,5816
2024,01031,17495,4601,2023,54231,5096,36904,15890
2024,01033,19714,7137,2023,57648,1890,40978,19262
2024,01035,3423,2580,2023,11411,101,8127,4925
2024,01037,3758,1478,2023,10323,245,7935,4502
2024,01039,14677,2314,2023,37647,727,26459,13401
2024,01041,5000,1457,2023,13144,236,9104,5346
2024,01043,38704,4039,2023,89463,4346,62400,28696
2024,01045,14476,4484,2023,49516,3431,33832,15379
2024,01047,5190,10236,2023,37536,340,25507,13259
2024,01049,25633,3758,2023,71946,11987,48464,26511
2024,01051,31374,9774,2023,88669,2917,61916,27787
2024,01053,10884,3964,2023,36695,835,25499,15468
2024,01055,35653,10027,2023,103208,5134,72570,34972
2024,01057,7158,1142,2023,16173,184,11220,5909
2024,01059,10417,1568,2023,31978,6341,21156,12676
2024,01061,10929,1391,2023,26726,1353,18969,10271
2024,01063,885,3133,2023,7589,57,5274,3356
2024,01065,3369,3868,2023,14749,129,9968,5617
2024,01067,6989,2263,2023,17450,374,12722,6379
2024,01069,32469,11352,2023,107628,4680,74490,33289
2024,01071,20073,3276,2023,52839,1777,37890,21152
2024,01073,131123,162112,2023,669744,35103,454593,158660
2024,01075,6033,806,2023,13809,255,9826,5613
2024,01077,32708,10326,2023,95037,3163,64931,28764
2024,01079,13024,2983,2023,33182,953,23380,13226
2024,01081,46020,25798,2023,177663,9335,109875,33370
2024,01083,37887,14581,2023,107577,7785,75594,29334
2024,01085,1758,3867,2023,10008,27,6999,4253
2024,01087,1682,6084,2023,18951,372,11661,5541
2024,01089,105430,87824,2023,397135,25948,272559,72455
2024,01091,4995,4631,2023,19027,452,12932,6313
2024,01093,12245,1197,2023,29190,879,20753,11204
2024,01095,34434,5553,2023,98712,16360,65093,31413
2024,01097,100759,72055,2023,413162,13778,280248,125583
2024,01099,6007,3740,2023,19580,29,13506,8367
2024,01101,30477,57946,2023,227197,10796,150598,56233
2024,01103,40449,12392,2023,123742,12626,85093,39460
2024,01105,1269,3174,2023,8231,18,5211,3149
2024,01107,5465,3388,2023,18843,1088,13612,8048
2024,01109,8224,4899,2023,32953,889,19352,8976
2024,01111,9102,1920,2023,22310,635,15690,8156
2024,01113,10078,10422,2023,58858,3382,40019,18114
2024,01115,35501,7640,2023,92903,2670,65356,30772
2024,01117,79666,33087,2023,226955,16709,155808,41200
2024,01119,1542,3725,2023,12020,100,7121,3288
2024,01121,22100,10898,2023,81170,1879,57894,29697
2024,01123,14884,4975,2023,41070,1137,29757,14559
2024,01125,50724,33399,2023,234036,12593,143277,54416
2024,01127,25464,4102,2023,64886,2253,44887,23091
2024,01129,6534,1863,2023,15270,255,10738,5608
2024,01131,1793,3449,2023,10347,11,6931,4242
2024,01133,10191,884,2023,23637,826,17058,10459
2024,02013,3589,3682,2023,3423,360,2607,1450
2024,02016,3929,5344,2023,5178,715,3921,1893
2024,02020,3041,3924,2023,289069,26953,192495,58676
2024,04001,12795,18872,2023,65680,4092,42473,19668
2024,04003,35936,22296,2023,125458,43077,89259,32088
2024,04005,27576,41504,2023,144643,22034,87596,25789
2024,04007,18901,8504,2023,53610,9529,40128,16776
2024,04009,11177,3867,2023,38860,11769,24775,11414
2024,04011,2308,954,2023,9452,4396,6030,2575
2024,04012,5470,2101,2023,16605,4230,13237,6830
2024,04013,1051531,980016,2023,4491987,1387720,3053505,991230
2024,04015,85683,24081,2023,217420,36295,169454,78799
2024,04017,29480,20754,2023,107744,11466,71809,31657
2024,04019,214669,292450,2023,1049947,379548,720400,224997
2024,04021,126926,80656,2023,449219,131771,317410,130817
2024,04023,7699,11265,2023,48209,39875,31301,15233
2024,04025,99346,48717,2023,241656,36225,188587,60889
2024,04027,40745,26823,2023,207685,133743,134669,67459
2024,05001,3951,1503,2023,16773,661,11640,6422
2024,05003,5145,1774,2023,18722,1157,13048,8384
2024,05005,16253,4341,2023,42150,1157,32157,14550
2024,05007,79907,45231,2023,294541,53388,194531,73066
2024,05009,13968,2854,2023,37896,1120,26566,11933
2024,05011,2213,961,2023,10354,1618,6932,4013
2024,05013,1674,379,2023,4717,544,3386,1893
2024,05015,7470,3812,2023,28526,4423,20343,10333
2024,05017,1658,1796,2023,9997,628,6977,4076
2024,05019,4526,2959,2023,21378,1146,12377,5290
2024,05021,3968,907,2023,14399,120,10268,5944
2024,05023,10595,1941,2023,25048,713,18703,9571
2024,05025,2804,524,2023,7491,23,5373,2854
2024,05027,5367,2466,2023,22527,757,14086,7343
2024,05029,5893,2449,2023,20872,950,14577,7774
2024,05031,25152,11210,2023,112097,6899,71712,30196
2024,05033,18615,4753,2023,60792,4950,41383,20554
2024,05035,7028,7362,2023,47609,1476,30433,15970
2024,05037,4753,1642,2023,16681,367,11460,6732
2024,05039,1482,798,2023,6351,92,4599,2730
2024,05041,1805,1638,2023,11041,765,7503,4742
2024,05043,4203,2050,2023,17143,706,10968,5624
2024,05045,35357,17752,2023,126001,6949,78450,28804
2024,05047,5582,1232,2023,17220,548,12096,6625
2024,05049,4040,906,2023,12239,208,8956,4756
2024,05051,28359,13015,2023,100062,7179,72924,29173
2024,05053,6755,1192,2023,18111,490,12723,6445
2024,05055,12617,2935,2023,46182,1678,31233,17239
2024,05057,4193,1776,2023,19778,2955,13230,7417
2024,05059,9226,2818,2023,33142,1323,23992,12385
2024,05061,3246,1158,2023,12701,1559,8412,4572
2024,05063,11023,2689,2023,38120,3313,25363,13167
2024,05065,4854,949,2023,13866,388,10513,5348
2024,05067,3509,1183,2023,16775,515,11972,7084
2024,05069,8468,12802,2023,65780,1631,44949,23612
2024,05071,6766,2107,2023,25932,3539,17320,9922
2024,05073,1589,698,2023,6211,49,4495,2943
2024,05075,4608,965,2023,16265,348,10928,5941
2024,05077,1181,1270,2023,8511,249,6045,3938
2024,05079,2502,813,2023,12966,639,9801,6360
2024,05081,3744,1084,2023,11959,445,8457,4442
2024,05083,6567,1464,2023,21240,707,15210,8281
2024,05085,23225,6790,2023,74747,3871,50271,23531
2024,05087,5885,1491,2023,17032,1036,11964,7888
2024,05089,6230,1501,2023,17076,446,13019,6488
2024,05091,11842,3769,2023,42588,1683,28871,15449
2024,05093,6963,3574,2023,39749,1861,25927,14741
2024,05095,1385,1002,2023,6681,189,4732,2708
2024,05097,2987,645,2023,8571,410,6506,3212
2024,05099,2002,849,2023,8228,379,5604,3288
2024,05101,3063,644,2023,7175,123,5227,2772
2024,05103,5056,3412,2023,22317,562,15661,8361
2024,05105,3559,923,2023,10073,332,7238,3801
2024,05107,2098,2754,2023,15910,305,10432,5316
2024,05109,3746,560,2023,10182,801,7091,3528
2024,05111,5731,1235,2023,22740,840,15455,9834
2024,05113,6987,1145,2023,19348,1325,13545,6562
2024,05115,18118,5487,2023,63830,6783,41500,20345
2024,05117,2628,524,2023,8162,179,5932,3440
2024,05119,57977,92038,2023,398949,32722,270517,89717
2024,05121,5367,1138,2023,18733,461,12777,6964
2024,05123,2909,2953,2023,22740,760,16143,9443
2024,05125,39736,16609,2023,125724,8776,87117,34930
2024,05127,2913,425,2023,9839,768,6908,4046
2024,05129,3305,511,2023,7861,172,5742,3241
2024,05131,30719,13652,2023,128448,20023,86433,38956
2024,05133,3772,862,2023,15797,5538,9598,5788
2024,05135,5978,1316,2023,17597,409,12751,7039
2024,05137,4808,1089,2023,12474,266,9140,4692
2024,05139,10196,5019,2023,38368,1751,26206,13662
2024,05141,6023,1437,2023,15936,533,11888,6856
2024,05143,50243,43779,2023,251863,46214,154416,63376
2024,05145,24514,5641,2023,77395,3693,50957,27446
2024,05147,1513,760,2023,6157,36,4361,2758
2024,05149,5147,1213,2023,20195,4214,13759,8009
2024,06001,140789,499551,2023,1651949,385245,1189902,320827
2024,06003,243,479,2023,1695,249,1178,262
2024,06005,14018,7783,2023,41029,6361,32504,11540
2024,06007,47179,44228,2023,209470,40829,136246,43504
2024,06009,16625,9181,2023,45995,6403,35694,13762
2024,06011,4414,2431,2023,21895,13639,13970,7883
2024,06013,155308,356008,2023,1161458,316799,810988,227841
2024,06015,5999,4266,2023,27293,5350,19853,7948
2024,06017,61109,47703,2023,192299,27230,141832,36615
2024,06019,165924,151628,2023,1012152,547669,631185,280367
2024,06021,6904,3260,2023,28623,12632,18626,9518
2024,06023,21559,39800,2023,135418,18744,93495,29656
2024,06025,26546,26083,2023,179319,153460,110582,59757
2024,06027,4468,4201,2023,18803,4469,13897,4809
2024,06029,167879,108241,2023,910433,507456,558810,282420
2024,06031,25074,15519,2023,152830,87860,95545,51454
2024,06033,13161,12794,2023,68139,16184,48935,20432
2024,06035,8619,2478,2023,31177,7027,23326,11932
2024,06037,1189862,2417109,2023,9848406,4753369,6911969,2739546
2024,06039,32344,20981,2023,158790,95835,100299,50999
2024,06041,24054,116152,2023,258765,49128,189953,34279
2024,06043,5625,3622,2023,17060,2341,13392,4115
2024,06045,13528,24049,2023,90709,24440,65191,26054
2024,06047,43955,40190,2023,285597,178961,171486,97393
2024,06049,2884,1008,2023,8646,1321,6438,2548
2024,06051,2294,3522,2023,13169,3513,9650,2707
2024,06053,49226,93060,2023,435834,265748,279274,132099
2024,06055,20357,43212,2023,136070,48801,97837,32035
2024,06057,26177,33784,2023,102452,10723,79227,20124
2024,06059,654815,691731,2023,3164063,1080480,2205127,667286
2024,06061,123941,103958,2023,412435,63412,292101,64922
2024,06063,5725,4020,2023,19607,1965,15208,5228
2024,06065,463677,451782,2023,2449909,1239702,1622575,698285
2024,06067,252140,381564,2023,1584047,379734,1087094,364851
2024,06069,11702,15179,2023,66056,40783,43450,18712
2024,06071,378416,362114,2023,2187816,1193691,1407239,643609
2024,06073,593270,841372,2023,3282782,1127221,2269135,656435
2024,06075,62594,323719,2023,836321,133266,669238,150747
2024,06077,128996,126647,2023,787416,332543,504845,238912
2024,06079,64932,81314,2023,281486,68980,190233,50238
2024,06081,76616,242957,2023,745100,185378,543153,133127
2024,06083,64870,114149,2023,443975,211412,278456,96817
2024,06085,210924,510744,2023,1903297,477632,1338186,323607
2024,06087,27978,100998,2023,266021,93116,179687,48001
2024,06089,59539,27130,2023,181554,20604,128987,44241
2024,06091,1066,641,2023,2731,262,2184,928
2024,06093,12461,8329,2023,43834,5757,32183,11246
2024,06095,70345,113997,2023,450824,130628,313970,111149
2024,06097,63426,179600,2023,485642,142986,353701,105349
2024,06099,106986,85347,2023,552250,271787,352585,173593
2024,06101,25372,13016,2023,98971,32061,65268,29916
2024,06103,18503,7415,2023,65520,18458,44934,19094
2024,06105,2979,2449,2023,15886,936,12296,5616
2024,06107,81854,53221,2023,475774,314250,284744,149783
2024,06109,17210,10909,2023,54873,7250,41922,13249
2024,06111,158901,217424,2023,838259,367516,578196,197561
2024,06113,27844,61405,2023,217782,72347,130279,37949
2024,06115,18491,10725,2023,83079,24887,52938,22464
2024,08001,103024,124056,2023,524408,221633,343948,149839
2024,08003,4057,3244,2023,16515,7900,9991,3609
2024,08005,125311,190725,2023,655709,138906,452547,121406
2024,08007,5218,3904,2023,13730,2255,10872,3123
2024,08009,1686,275,2023,3460,370,2492,1065
2024,08011,1496,645,2023,5524,1780,4332,2518
2024,08013,40758,150149,2023,328317,47948,219110,33951
2024,08014,16071,29426,2023,75110,10381,53322,8816
2024,08015,6034,7992,2023,19876,1933,15835,4325
2024,08017,930,108,2023,1732,219,1242,439
2024,08019,2452,3464,2023,9358,708,7465,1710
2024,08021,2358,1627,2023,7536,3773,5043,2225
2024,08023,850,1155,2023,3571,1985,2686,1079
2024,08025,1231,422,2023,5734,1644,4243,2696
2024,08027,2583,1188,2023,5073,92,4032,981
2024,08029,12948,6030,2023,31353,4460,23157,10532
2024,08031,74765,278634,2023,713734,199425,526107,123104
2024,08033,1076,325,2023,2385,296,1967,835
2024,08035,127451,110408,2023,368283,36431,251056,34074
2024,08037,10148,16943,2023,55374,16729,39923,9805
2024,08039,15209,4768,2023,27152,2337,19612,5654
2024,08041,203933,166597,2023,736008,134942,486644,119356
2024,08043,17313,7526,2023,49394,6399,38428,18973
2024,08045,14493,15128,2023,62034,19867,41468,14953
2024,08047,1729,2254,2023,5877,413,4777,961
2024,08049,4822,4743,2023,15794,1573,12269,3753
2024,08051,3689,6887,2023,17158,1691,11408,2298
2024,08053,332,257,2023,939,29,780,96
2024,08055,2346,1965,2023,6946,2141,5288,1706
2024,08057,634,173,2023,1422,189,1093,473
2024,08059,140505,210875,2023,579715,92162,426997,98440
2024,08061,744,102,2023,1356,133,945,344
2024,08063,3083,556,2023,7015,1383,4719,1964
2024,08065,1557,2199,2023,7411,2606,5189,1585
2024,08067,14024,20677,2023,56088,7149,40853,10053
2024,08069,89680,129376,2023,363561,46167,243809,49186
2024,08071,4328,3276,2023,14392,5614,10651,4171
2024,08073,2090,432,2023,5561,827,4192,2228
2024,08075,7855,2098,2023,21067,3530,15158,7333
2024,08077,55839,33573,2023,157316,23957,111117,40131
2024,08079,417,317,2023,799,19,684,119
2024,08081,5358,1167,2023,13258,2178,9055,4190
2024,08083,8972,5793,2023,26204,3243,19082,7233
2024,08085,16704,8354,2023,43272,9195,31320,13351
2024,08087,9830,3291,2023,29186,10918,19049,9112
2024,08089,5520,3164,2023,18460,7698,12605,5395
2024,08091,1573,2442,2023,5024,238,4290,724
2024,08093,6828,4841,2023,17739,1315,14431,3289
2024,08095,1888,412,2023,4491,1214,3017,1244
2024,08097,2992,7932,2023,17119,1904,13397,1903
2024,08099,3833,1227,2023,11931,4750,7580,3388
2024,08101,43688,39328,2023,168726,70812,117554,46523
2024,08103,2988,637,2023,6518,685,4340,1617
2024,08105,3743,2306,2023,11394,4630,8281,3116
2024,08107,5676,10208,2023,24990,2180,18892,4003
2024,08109,1577,1704,2023,6511,2404,5060,1925
2024,08111,188,376,2023,690,112,559,161
2024,08113,1154,3529,2023,8026,906,6323,970
2024,08115,1048,283,2023,2346,437,1657,569
2024,08117,5244,11762,2023,30857,5218,24023,5313
2024,08119,10856,5065,2023,24774,1831,19593,5125
2024,08121,2436,329,2023,4839,548,3412,1317
2024,08123,106469,68752,2023,340711,103804,222955,80255
2024,08125,3807,758,2023,9921,2862,6608,2837
2024,10001,42458,44222,2023,185043,14649,124582,54137
2024,10003,90868,180700,2023,573030,65392,398543,138420
2024,10005,81025,64836,2023,247799,27788,187317,74779
2024,11001,21076,294185,2023,672079,77760,484406,104973
2024,12001,52939,81578,2023,281751,34392,171905,44002
2024,12003,12926,1982,2023,28186,1049,18982,10929
2024,12005,71497,25201,2023,181368,15221,129787,48136
2024,12007,10920,2946,2023,27888,1360,20241,11131
2024,12009,216533,141233,2023,620533,72613,464289,152981
2024,12011,358952,507328,2023,1946127,621023,1393045,507444
2024,12013,5367,1021,2023,13593,685,9946,6063
2024,12015,82480,40450,2023,195083,15278,162384,66100
2024,12017,71356,26276,2023,158693,10329,126772,59687
2024,12019,87711,37926,2023,223436,24684,155026,53208
2024,12021,143267,71720,2023,387681,106446,299749,106097
2024,12023,25108,8250,2023,70755,5258,49348,24686
2024,12027,8888,3525,2023,34719,10334,25595,16324
2024,12029,6920,1183,2023,16952,759,12824,8658
2024,12031,236285,229365,2023,1007189,118365,692564,253893
2024,12033,96407,64601,2023,323275,21413,220330,81069
2024,12035,51014,28431,2023,121710,13595,94388,34726
2024,12037,4831,1870,2023,12418,675,9911,4757
2024,12039,7495,14203,2023,43642,5180,30594,16697
2024,12041,8931,1662,2023,18494,1378,13146,6880
2024,12043,4034,1222,2023,12324,3089,9591,5774
2024,12045,6684,1970,2023,14772,656,11704,5163
2024,12047,3964,1727,2023,13445,1478,9727,6139
2024,12049,6336,1751,2023,25508,10713,16737,11030
2024,12051,9253,4096,2023,40798,23074,26209,17387
2024,12053,75446,34431,2023,201512,32348,150881,64690
2024,12055,36382,15227,2023,103808,22310,80495,38709
2024,12057,342017,321455,2023,1489634,441871,1029578,368915
2024,12059,8193,882,2023,19626,697,14231,8873
2024,12061,62737,35654,2023,163856,22009,128465,45922
2024,12063,16074,5892,2023,47652,2432,34886,19344
2024,12065,5011,3429,2023,14713,704,10959,5583
2024,12067,3296,441,2023,8035,956,5874,4017
2024,12069,140500,84546,2023,398696,71545,296660,118767
2024,12071,250661,139240,2023,792692,187055,599971,237555
2024,12073,60397,94520,2023,295335,23394,177148,44480
2024,12075,18245,5994,2023,44276,4365,32667,17674
2024,12077,2898,566,2023,7650,544,5500,3414
2024,12079,5874,3231,2023,18113,1005,13642,7613
2024,12081,140486,86674,2023,416020,74279,315476,117194
2024,12083,140173,72436,2023,387697,61736,289496,130749
2024,12085,64121,33539,2023,160464,24690,124657,38782
2024,12086,605590,480355,2023,2685296,1846781,1925233,839315
2024,12087,26064,17933,2023,81840,19611,64499,22185
2024,12089,47945,17143,2023,94653,5052,70388,24620
2024,12091,80309,32074,2023,214281,23230,147674,45450
2024,12093,12315,3671,2023,40249,10281,28661,15831
2024,12095,258279,340807,2023,1440471,478735,981355,331896
2024,12097,86713,84205,2023,406943,223890,272875,108561
2024,12099,366836,372512,2023,1507453,358640,1111600,373757
2024,12101,197779,117450,2023,588758,104251,426904,178101
2024,12103,269472,242452,2023,960565,104765,748831,250442
2024,12105,209044,136879,2023,760961,211002,527470,241201
2024,12107,26700,9354,2023,74235,8092,53091,31018
2024,12109,128759,66862,2023,292243,25354,209173,50765
2024,12111,100293,83517,2023,346237,72914,253716,106851
2024,12113,84314,27035,2023,193719,12751,136650,46072
2024,12115,163219,112668,2023,449011,45922,360732,113698
2024,12117,129735,120717,2023,474912,110154,338288,92248
2024,12119,72134,32551,2023,137536,8369,123814,43731
2024,12121,17561,4217,2023,44484,5040,31419,17570
2024,12123,7954,1991,2023,21422,879,15651,9476
2024,12125,5224,971,2023,15551,799,11189,6857
2024,12127,187691,120132,2023,568229,89077,423543,164163
2024,12129,14246,5441,2023,34608,1625,25122,12441
2024,12131,38970,10287,2023,79846,6563,58484,21295
2024,12133,10370,2140,2023,25259,973,18557,11053
2024,13001,6761,1560,2023,18426,1909,12283,7377
2024,13003,2350,700,2023,8261,2177,5471,3380
2024,13005,4186,645,2023,11129,929,7248,4137
2024,13007,883,590,2023,2830,73,2050,1049
2024,13009,9574,9159,2023,43669,1206,27478,13312
2024,13011,9358,1136,2023,18757,1299,13263,6908
2024,13013,30730,12949,2023,86982,12347,57739,26867
2024,13015,43271,13942,2023,111153,11401,75236,36279
2024,13017,4281,2199,2023,17138,1108,11447,7382
2024,13019,6841,1209,2023,18257,1079,12635,6961
2024,13021,26658,42172,2023,156543,6967,103355,45221
2024,13023,4685,1339,2023,12414,464,8072,3693
2024,13025,7744,736,2023,18171,378,12617,7868
2024,13027,4560,2629,2023,16285,1048,11477,6418
2024,13029,16738,7779,2023,46681,3672,29359,9465
2024,13031,20985,11514,2023,81372,4105,46284,18058
2024,13033,6027,4994,2023,24427,841,15603,8324
2024,13035,9424,3544,2023,26074,941,18277,10489
2024,13037,900,1153,2023,5528,267,4208,2720
2024,13039,17819,8405,2023,56036,4106,36290,14300
2024,13043,3366,1196,2023,10972,1398,7275,4067
2024,13045,42536,17634,2023,122187,10112,78111,37813
2024,13047,27150,7704,2023,68356,2595,47726,19552
2024,13049,3607,1007,2023,12711,1967,8625,5042
2024,13051,57336,82758,2023,298143,23945,204283,68187
2024,13053,982,703,2023,9181,1600,4253,1236
2024,13055,8769,1896,2023,24975,1361,17526,10811
2024,13057,112142,48838,2023,274539,33341,188031,57938
2024,13059,16049,36297,2023,129267,14751,74258,20643
2024,13061,663,771,2023,2853,4,1964,897
2024,13063,16877,94203,2023,298771,42738,188480,90051
2024,13065,2201,702,2023,6722,377,4662,2956
2024,13067,168679,228404,2023,769152,112882,523711,130317
2024,13069,11388,4295,2023,43161,5576,28745,17296
2024,13071,12451,4114,2023,45907,9066,30166,17240
2024,13073,53657,31624,2023,159638,12474,107015,31081
2024,13075,5374,1956,2023,17363,1216,11392,6138
2024,13077,57204,28111,2023,150071,11859,102700,34754
2024,13079,4742,1582,2023,12183,466,8558,5204
2024,13081,5099,2993,2023,19995,690,13819,7320
2024,13083,6804,1343,2023,16196,374,11421,5631
2024,13085,16115,3350,2023,28704,1926,20649,6998
2024,13087,7140,4372,2023,29118,1972,19376,9770
2024,13089,62622,299630,2023,762105,79372,522619,152892
2024,13091,6249,2081,2023,19909,680,14341,8031
2024,13093,2243,1921,2023,11026,845,8540,5073
2024,13095,9904,23831,2023,83915,2561,54875,24964
2024,13097,23996,46240,2023,146141,17076,95203,37192
2024,13099,2718,2158,2023,10683,225,7004,4022
2024,13101,1307,127,2023,3705,1012,2304,1394
2024,13103,26943,9144,2023,67265,4128,44179,18500
2024,13105,6860,2700,2023,19725,1110,13991,7741
2024,13107,6919,2673,2023,22961,1067,15309,9503
2024,13109,3011,1214,2023,10740,1296,7010,4064
2024,13111,13232,2807,2023,25605,794,20002,9318
2024,13113,38177,35822,2023,120689,9978,82966,20509
2024,13115,31631,12862,2023,98985,11878,65894,30172
2024,13117,91281,45509,2023,260062,26070,171436,35060
2024,13119,10459,1647,2023,23840,1244,16158,8221
2024,13121,144655,384752,2023,1068507,86110,738924,160948
2024,13123,14976,3413,2023,31976,3839,23983,11751
2024,13125,1534,133,2023,2913,21,1965,1102
2024,13127,27558,16144,2023,84987,6400,60568,23482
2024,13129,22495,4982,2023,58336,9371,39718,21886
2024,13131,7385,3290,2023,26056,3366,17647,9748
2024,13133,8215,4514,2023,19586,1360,14559,5426
2024,13135,173041,242507,2023,966972,224818,621561,216646
2024,13137,19142,4036,2023,46948,7315,32080,16135
2024,13139,72991,28347,2023,208395,59586,138951,64431
2024,13141,1364,2864,2023,8630,55,6599,4320
2024,13143,14239,2065,2023,30720,589,21142,11610
2024,13145,16283,5976,2023,35509,1657,24948,8007
2024,13147,11064,3210,2023,26484,1050,19349,9716
2024,13149,5335,859,2023,11616,302,7980,4620
2024,13151,44982,83253,2023,245417,19620,160244,60636
2024,13153,45090,35907,2023,166902,12228,109888,37328
2024,13155,3340,986,2023,9385,658,6435,3366
2024,13157,36497,10472,2023,80640,7989,54316,23911
2024,13159,7203,1881,2023,15345,739,10548,5840
2024,13161,4935,924,2023,14838,2033,9618,5747
2024,13163,3765,3674,2023,15468,521,10533,6458
2024,13165,2217,1179,2023,8674,365,6588,4139
2024,13167,2913,1066,2023,9192,194,6831,4652
2024,13169,11079,4959,2023,28526,571,19848,9928
2024,13171,7575,2795,2023,19098,159,12826,5834
2024,13173,2726,995,2023,10094,679,6711,3407
2024,13175,15460,7820,2023,49619,1530,33357,18035
2024,13177,12655,4957,2023,33337,1077,21727,7626
2024,13179,9441,13459,2023,66826,8298,38651,15349
2024,13181,3559,1351,2023,7773,103,5796,3256
2024,13183,4557,2476,2023,17512,2232,10988,6513
2024,13185,28081,19487,2023,119055,8169,71112,29414
2024,13187,14339,3356,2023,33931,1916,21375,8848
2024,13189,6562,3937,2023,21687,777,14718,8073
2024,13191,4747,2628,2023,11187,282,8828,4596
2024,13193,1916,2755,2023,11953,524,8693,5494
2024,13195,12951,3753,2023,30914,2127,21354,11053
2024,13197,2348,1253,2023,7474,588,5459,3150
2024,13199,7375,4373,2023,20757,569,14758,8995
2024,13201,2045,670,2023,5873,183,4025,1794
2024,13205,5150,3701,2023,21441,1072,14487,7623
2024,13207,12954,4689,2023,28919,782,20190,8981
2024,13209,3033,927,2023,8675,618,5753,2994
2024,13211,9589,3533,2023,20614,739,14737,7008
2024,13213,14965,2459,2023,40282,6287,27098,15284
2024,13215,30616,49413,2023,204383,16884,134732,50970
2024,13217,24893,33839,2023,115530,7813,75003,31647
2024,13219,18424,8620,2023,42788,2466,27849,5469
2024,13221,6255,2515,2023,15221,966,10701,5194
2024,13223,58769,35802,2023,174292,14256,114874,43285
2024,13225,7104,6293,2023,28269,2585,18329,8132
2024,13227,17281,3522,2023,34197,1294,25360,11270
2024,13229,8655,1089,2023,19996,1035,13466,7318
2024,13231,10864,1648,2023,19540,412,13313,6334
2024,13233,15352,3749,2023,43365,5843,28861,16821
2024,13235,3036,1281,2023,9893,641,7616,4187
2024,13237,9136,3696,2023,22524,1568,16568,6926
2024,13239,656,480,2023,2092,25,1575,1055
2024,13241,8151,2222,2023,17107,1481,13185,5166
2024,13243,1373,1601,2023,6270,223,4243,2048
2024,13245,26472,56657,2023,206040,11627,136137,59887
2024,13247,11711,33165,2023,94293,9994,63347,24198
2024,13249,1970,453,2023,4539,96,3131,1513
2024,13251,4325,2581,2023,14057,348,10438,5828
2024,13253,2811,1191,2023,9117,267,6734,3515
2024,13255,19184,13679,2023,68215,3943,46902,25930
2024,13257,10632,2404,2023,26842,987,18368,10479
2024,13259,847,1177,2023,4978,538,3959,2616
2024,13261,5869,6136,2023,29174,1799,18434,9483
2024,13263,1483,1888,2023,5753,65,4373,2580
2024,13265,375,507,2023,1740,101,1290,786
2024,13267,6515,1967,2023,24215,2552,16998,10004
2024,13269,2600,1366,2023,7786,61,5587,3370
2024,13271,2930,1274,2023,12174,1884,8398,5715
2024,13273,2075,2253,2023,8941,219,6175,3572
2024,13275,13670,8347,2023,45696,1730,31200,14010
2024,13277,11496,5438,2023,41322,5334,27144,13089
2024,13279,8208,2674,2023,26943,3154,17208,8910
2024,13281,7155,1649,2023,12739,419,9779,3231
2024,13283,2250,864,2023,6387,39,4196,2918
2024,13285,19392,11757,2023,69821,3077,46637,22322
2024,13287,2457,1365,2023,8915,415,6108,3465
2024,13289,2549,1895,2023,7869,61,5994,3874
2024,13291,14477,3309,2023,25598,920,20185,8732
2024,13293,9528,4098,2023,27856,702,19211,10510
2024,13295,25462,6436,2023,68449,1855,48395,24298
2024,13297,42407,15605,2023,100361,6110,67595,30621
2024,13299,10279,4068,2023,35958,1711,24262,14069
2024,13301,1232,1354,2023,5175,57,3740,2247
2024,13303,4824,4643,2023,19893,393,14016,8335
2024,13305,10811,2708,2023,30519,1857,20527,11898
2024,13307,790,544,2023,2348,166,1729,885
2024,13309,1648,622,2023,7434,315,5159,3508
2024,13311,14136,2609,2023,28454,992,20158,9366
2024,13313,28655,10953,2023,103118,37703,67343,37450
2024,13315,2493,847,2023,8784,322,6371,3828
2024,13317,2971,2112,2023,9553,443,7062,4204
2024,13319,2888,2012,2023,8795,277,6156,3533
2024,13321,6991,2300,2023,20575,463,14504,8455
2024,15001,28748,52163,2023,203684,23451,147788,54022
2024,15003,130489,204301,2023,1003666,93725,707526,228754
2024,15007,11803,17675,2023,73610,7720,53076,19583
2024,15009,22621,38905,2023,164632,17325,118918,44381
2024,16001,143759,116116,2023,508052,48291,349321,85633
2024,16003,2037,577,2023,4599,210,3591,1520
2024,16005,24329,14306,2023,88457,8481,56691,18103
2024,16007,2908,346,2023,6552,244,4274,1855
2024,16009,4094,935,2023,9913,355,7064,3421
2024,16011,16188,3878,2023,48993,8619,30081,12868
2024,16013,4281,8424,2023,24579,5221,17925,5467
2024,16015,3727,1065,2023,8045,383,6374,2040
2024,16017,21352,7650,2023,49456,1804,37113,13899
2024,16019,40053,14458,2023,127056,17992,77930,25216
2024,16021,5794,1145,2023,12695,706,8771,3976
2024,16023,1268,185,2023,2654,206,1773,722
2024,16025,547,153,2023,1155,164,737,311
2024,16027,72755,25669,2023,242405,62458,153821,65023
2024,16029,2906,445,2023,7118,399,4580,2061
2024,16031,7959,1359,2023,25165,7408,14977,6250
2024,16033,280,50,2023,776,238,474,258
2024,16035,3550,774,2023,8921,379,7090,3169
2024,16037,1998,586,2023,4411,131,3691,1299
2024,16039,7791,2611,2023,29046,5223,18474,7811
2024,16041,6279,703,2023,14715,1073,8829,4299
2024,16043,5645,954,2023,13701,1656,9290,3822
2024,16045,8707,1699,2023,19854,1852,13954,6076
2024,16047,4676,1100,2023,15740,4876,10123,5127
2024,16049,8148,1460,2023,17120,649,12710,5368
2024,16051,13481,1891,2023,32234,3485,18730,6264
2024,16053,6012,1742,2023,24788,9532,15232,8189
2024,16055,72059,22113,2023,177736,9663,124748,40178
2024,16057,10669,9039,2023,40315,2057,23666,5808
2024,16059,3716,1038,2023,8166,148,6034,2386
2024,16061,1503,305,2023,3649,148,2657,1095
2024,16063,1466,392,2023,5276,1689,3501,1899
2024,16065,13925,2767,2023,53578,5203,18038,3238
2024,16067,6401,1373,2023,21922,8042,13620,7165
2024,16069,13707,5928,2023,42477,1813,29730,10640
2024,16071,2119,253,2023,4681,204,3033,1260
2024,16073,4101,756,2023,12284,3049,8217,4933
2024,16075,9458,2064,2023,26190,4589,17539,8129
2024,16077,2146,785,2023,8018,2710,5008,2302
2024,16079,4500,1472,2023,13580,537,9827,4938
2024,16081,3005,3463,2023,12101,2069,8480,2025
2024,16083,27304,9064,2023,92121,16150,59538,23957
2024,16085,4214,2869,2023,12136,619,9441,2976
2024,16087,4429,1010,2023,10866,1741,7622,3167
2024,17001,23161,8111,2023,65166,1312,45168,18711
2024,17003,1341,904,2023,5042,67,3560,1931
2024,17005,5692,2117,2023,16627,629,11412,4883
2024,17007,13673,10159,2023,53316,13273,35429,15864
2024,17009,1938,467,2023,6320,321,4728,2869
2024,17011,9784,5900,2023,33027,3251,23550,10293
2024,17013,2059,560,2023,4406,42,3135,1251
2024,17015,5082,2600,2023,15621,794,11498,5530
2024,17017,3712,1438,2023,12826,2808,8690,4837
2024,17019,32965,54314,2023,206098,16628,120523,32789
2024,17021,11278,4026,2023,33684,1093,24383,12969
2024,17023,6130,1927,2023,15328,274,10790,4664
2024,17025,5610,1054,2023,13173,88,9218,4507
2024,17027,14407,4447,2023,36899,1430,26381,10567
2024,17029,13606,7495,2023,46689,1721,30301,11885
2024,17031,583852,1447821,2023,5185812,1374034,3631086,1228896
2024,17033,6727,2048,2023,18588,470,13557,5592
2024,17035,4627,1059,2023,10378,33,7241,3242
2024,17037,22716,23648,2023,100512,14075,60315,20212
2024,17039,5529,2058,2023,15461,520,11039,5217
2024,17041,6076,2198,2023,19686,1603,13264,6225
2024,17043,191243,251164,2023,927263,145993,642776,160096
2024,17045,5955,1816,2023,16637,238,12266,6309
2024,17047,2794,457,2023,6118,82,4318,1915
2024,17049,15124,3617,2023,34505,905,23715,9123
2024,17051,7847,1632,2023,21380,620,15113,8043
2024,17053,4778,1643,2023,13396,621,9296,4108
2024,17055,13200,4257,2023,37541,709,26543,11447
2024,17057,9827,5980,2023,33259,808,24287,11359
2024,17059,1923,561,2023,4857,38,3593,1756
2024,17061,4719,1220,2023,11837,119,8444,4532
2024,17063,16997,9143,2023,52920,6081,35218,14008
2024,17065,3385,739,2023,7972,107,5630,2415
2024,17067,6708,2183,2023,17434,352,12581,5003
2024,17069,1546,357,2023,3623,42,2980,1558
2024,17071,2369,1026,2023,6284,122,4725,2428
2024,17073,15359,9226,2023,48948,3284,34846,14511
2024,17075,10376,2747,2023,26746,2132,18899,9579
2024,17077,10614,11394,2023,52706,2772,31804,9801
2024,17079,4449,912,2023,9233,106,6491,2683
2024,17081,12189,4240,2023,36808,1003,25842,10681
2024,17083,8684,2816,2023,21336,330,14975,6544
2024,17085,7136,5051,2023,21918,879,16571,6326
2024,17087,4798,1241,2023,13350,567,9690,4530
2024,17089,99260,120077,2023,516097,170629,343837,122831
2024,17091,28285,18399,2023,106833,12948,71806,32199
2024,17093,31970,32977,2023,135053,29273,86748,25949
2024,17095,11917,9838,2023,49294,3090,34534,15744
2024,17097,120402,184642,2023,711885,173796,471460,137061
2024,17099,30717,21029,2023,109049,11806,77256,34445
2024,17101,4715,1283,2023,15137,352,11050,5511
2024,17103,9680,6105,2023,34058,2443,25024,11702
2024,17105,11970,4311,2023,35659,1975,25169,12605
2024,17107,8757,3543,2023,27870,924,19594,9577
2024,17109,6987,4736,2023,27102,935,16721,6432
2024,17111,83933,75370,2023,311366,48557,214389,71088
2024,17113,40290,44495,2023,170882,10700,105692,28514
2024,17115,26562,18009,2023,102591,2821,70727,31467
2024,17117,16065,6892,2023,44566,587,31954,15684
2024,17119,73925,56341,2023,264631,11039,184485,63872
2024,17121,12409,4116,2023,37294,798,25842,11828
2024,17123,4119,1913,2023,11715,379,8499,3943
2024,17125,4464,1773,2023,12878,189,9344,4298
2024,17127,4939,1683,2023,13958,388,10097,4544
2024,17129,4499,1834,2023,12169,188,8605,3383
2024,17131,5215,2950,2023,15619,514,11152,5229
2024,17133,14055,6473,2023,34969,656,24896,7084
2024,17135,9378,3573,2023,28078,597,20431,10465
2024,17137,9607,4848,2023,32621,906,23040,11479
2024,17139,4816,1615,2023,14469,228,9726,4761
2024,17141,16450,8883,2023,51536,5927,35938,15031
2024,17143,36896,40564,2023,179831,10348,121082,41558
2024,17145,6949,2146,2023,20810,731,15089,7311
2024,17147,6104,3204,2023,16702,261,11909,4426
2024,17149,6086,1302,2023,14625,283,10208,5163
2024,17151,1698,416,2023,3757,96,2867,1330
2024,17153,1583,769,2023,5074,98,3549,1949
2024,17155,2014,1254,2023,5600,359,4132,1706
2024,17157,10624,3461,2023,30142,1094,21808,11278
2024,17159,5889,1747,2023,15675,298,10921,4493
2024,17161,28061,34126,2023,142995,20013,98209,39758
2024,17163,54021,63433,2023,254777,12600,174733,59875
2024,17165,7830,2634,2023,23387,486,17030,7122
2024,17167,50979,46074,2023,195217,5451,136763,47180
2024,17169,2720,961,2023,6826,169,5283,2535
2024,17171,2071,488,2023,4847,71,3433,1794
2024,17173,9267,2240,2023,20867,241,15070,7238
2024,17175,1983,725,2023,5324,134,3788,1757
2024,17177,12347,8278,2023,44042,2335,31405,12716
2024,17179,42451,24325,2023,130555,3355,91921,33391
2024,17181,5837,2285,2023,16972,882,12218,5845
2024,17183,19777,9254,2023,73179,3968,50262,25505
2024,17185,4095,1200,2023,11199,208,7796,3080
2024,17187,4579,2711,2023,16576,1791,10835,5179
2024,17189,5892,1564,2023,13682,216,9843,3798
2024,17191,7019,1155,2023,15994,259,11284,4909
2024,17193,5586,1390,2023,13708,205,9877,4722
2024,17195,14898,11012,2023,55192,7212,38820,18177
2024,17197,157672,162874,2023,698450,134835,467561,159774
2024,17199,22686,9890,2023,66902,1881,48031,17122
2024,17201,59257,59942,2023,283289,42452,193089,81392
2024,17203,14837,5958,2023,38348,765,25904,8371
2024,18001,10528,3179,2023,35995,1688,21547,12646
2024,18003,90283,69960,2023,388791,34095,254538,95876
2024,18005,22220,12525,2023,82881,7445,56045,21988
2024,18007,2873,1010,2023,8708,608,5887,3005
2024,18009,3811,1227,2023,12007,263,8405,5040
2024,18011,22840,16426,2023,72827,2991,48583,11846
2024,18013,5647,2832,2023,15543,312,12067,5501
2024,18015,6902,2120,2023,20443,899,14426,7880
2024,18017,10285,3722,2023,37703,6810,26035,14961
2024,18019,34734,22810,2023,122800,8166,85867,36361
2024,18021,9354,2495,2023,26431,496,18421,9474
2024,18023,9108,3135,2023,32967,6252,21295,12199
2024,18025,3668,1235,2023,10494,33,7555,4631
2024,18027,9322,1963,2023,33442,2144,20860,11808
2024,18029,20844,5335,2023,50828,771,35645,16656
2024,18031,9491,2406,2023,26411,640,18061,9660
2024,18033,14377,5064,2023,43584,1280,29547,14759
2024,18035,26067,18848,2023,112109,3552,70205,30334
2024,18037,14983,5944,2023,43563,4220,29715,14319
2024,18039,45652,23082,2023,206868,40368,130799,71561
2024,18041,7625,2084,2023,23390,318,16313,9206
2024,18043,23408,17025,2023,80512,3256,55765,21183
2024,18045,6311,1526,2023,16546,472,11642,6325
2024,18047,9810,2061,2023,22929,258,16026,8345
2024,18049,6633,2097,2023,20411,1097,14101,7672
2024,18051,11896,3722,2023,32986,709,22516,11153
2024,18053,17580,7083,2023,66377,3530,43672,21191
2024,18055,11132,3270,2023,30954,605,21959,11324
2024,18057,102318,90394,2023,357176,19165,236653,40018
2024,18059,29288,14312,2023,82013,2613,56839,20381
2024,18061,14830,5233,2023,39785,913,28144,13498
2024,18063,49783,31917,2023,179379,8849,121013,39903
2024,18065,15033,5208,2023,48896,1055,34983,18299
2024,18067,25871,12197,2023,83610,3260,57874,26690
2024,18069,12990,4416,2023,36757,1098,25374,12646
2024,18071,14323,4015,2023,46319,6288,30975,15599
2024,18073,12082,3489,2023,33198,2435,22906,11913
2024,18075,6217,1747,2023,20281,911,13424,8070
2024,18077,9614,4442,2023,33074,1125,23223,11657
2024,18079,9273,2328,2023,27584,909,19067,10535
2024,18081,51588,24880,2023,163983,6744,110384,42043
2024,18083,11236,3625,2023,36108,1025,24242,11128
2024,18085,26213,7995,2023,80357,7643,54106,25918
2024,18087,8073,2162,2023,40596,1794,23817,16390
2024,18089,97270,109086,2023,498990,102413,340958,151484
2024,18091,26726,20007,2023,112141,8264,79182,38637
2024,18093,15830,5010,2023,45077,847,32024,15396
2024,18095,34837,19824,2023,130949,6724,91933,45001
2024,18097,124327,221719,2023,971822,129973,636689,250685
2024,18099,13837,5356,2023,46225,5346,31013,16123
2024,18101,3961,933,2023,9854,120,6857,3564
2024,18103,10670,3046,2023,35772,1288,25154,13438
2024,18105,21004,37213,2023,139822,6441,83104,22105
2024,18107,12122,4134,2023,38155,2322,25980,13546
2024,18109,26965,7765,2023,72202,1433,50551,24779
2024,18111,5131,1370,2023,13859,1083,9972,5963
2024,18113,14209,4462,2023,47417,5312,31961,18156
2024,18115,2381,666,2023,5993,0,4400,2176
2024,18117,6467,1988,2023,19746,345,13762,7893
2024,18119,7360,2354,2023,21434,313,15640,8777
2024,18121,5158,1371,2023,16346,264,11539,6421
2024,18123,5549,2970,2023,19218,273,13773,7590
2024,18125,4610,1314,2023,12187,179,8573,4958
2024,18127,46109,37213,2023,174150,19734,121250,48914
2024,18129,9206,3572,2023,25163,378,17922,7527
2024,18131,4372,1280,2023,12441,485,8723,4983
2024,18133,12566,3871,2023,37091,806,25354,12105
2024,18135,8008,2349,2023,24425,1216,17027,9095
2024,18137,11526,2682,2023,29039,555,19837,10234
2024,18139,5812,1675,2023,16734,300,11778,6357
2024,18141,53585,55215,2023,272574,27729,178054,68556
2024,18143,7633,2389,2023,24468,605,17015,10017
2024,18145,14438,4955,2023,45104,2451,31620,16112
2024,18147,7364,2853,2023,19871,691,14159,6410
2024,18149,7889,2436,2023,23300,962,16301,9411
2024,18151,11487,4598,2023,34648,1488,23765,10732
2024,18153,6639,2006,2023,20766,376,15137,8176
2024,18155,3319,873,2023,9914,95,6833,4416
2024,18157,32783,32683,2023,187399,18958,104717,36894
2024,18159,5946,1893,2023,15329,482,11032,5010
2024,18161,2698,746,2023,7028,77,5029,2321
2024,18163,41056,31727,2023,179908,6480,123516,50861
2024,18165,5174,1928,2023,15452,214,10847,5488
2024,18167,23738,16338,2023,106201,3307,68419,29523
2024,18169,10425,3335,2023,30901,938,21633,10852
2024,18171,3402,898,2023,8469,84,6040,3050
2024,18173,21280,11292,2023,64650,1504,44769,14941
2024,18175,9739,2764,2023,28167,416,19645,10767
2024,18177,17526,8828,2023,66377,2531,45311,21901
2024,18179,11006,2850,2023,28261,1075,19072,9660
2024,18181,7969,2945,2023,24709,2522,16984,8645
2024,18183,13122,4275,2023,34388,906,23929,10623
2024,19001,2916,1086,2023,7471,214,5257,2417
2024,19003,1517,576,2023,3641,27,2653,1110
2024,19005,4857,2350,2023,14038,1225,9670,4708
2024,19007,4704,1686,2023,12242,212,8795,4132
2024,19009,2214,970,2023,5622,115,4039,1786
2024,19011,9549,4739,2023,25698,479,17950,6910
2024,19013,30572,31299,2023,130693,6579,83097,31192
2024,19015,9199,5895,2023,26669,754,19102,6836
2024,19017,8799,5571,2023,25118,502,16576,5742
2024,19019,6790,3766,2023,20645,372,13871,5752
2024,19021,4962,2462,2023,20684,5924,13072,6694
2024,19023,5784,2144,2023,14301,231,10122,4389
2024,19025,3708,1328,2023,9858,251,7062,2956
2024,19027,7814,3153,2023,20677,660,14049,6122
2024,19029,5007,2077,2023,13115,341,9204,4093
2024,19031,6390,4075,2023,18427,474,13231,5984
2024,19033,12627,9955,2023,42785,2331,30637,12682
2024,19035,4398,1611,2023,11587,551,8326,3863
2024,19037,4234,1919,2023,11868,470,8184,4025
2024,19039,3140,1265,2023,9690,1579,6418,3647
2024,19041,6047,2367,2023,16446,743,11387,4304
2024,19043,6255,3017,2023,17069,381,12216,6479
2024,19045,13964,9472,2023,46383,1622,32227,14032
2024,19047,4651,1812,2023,16289,4895,10627,5491
2024,19049,32374,29402,2023,104136,6954,68556,15042
2024,19051,3027,878,2023,9127,181,5708,2943
2024,19053,2711,957,2023,7669,250,4769,2313
2024,19055,6984,2978,2023,17549,284,12179,6260
2024,19057,10794,7935,2023,38597,1351,26955,11400
2024,19059,7775,3297,2023,17844,478,13324,3998
2024,19061,28224,23705,2023,98948,3049,66561,25593
2024,19063,3422,1315,2023,9316,918,6593,3085
2024,19065,6325,3334,2023,19393,566,13563,6802
2024,19067,4744,2782,2023,15502,579,10839,5224
2024,19069,3431,1393,2023,9977,1609,6812,3145
2024,19071,2711,1023,2023,6570,213,4705,1893
2024,19073,3211,1603,2023,8722,284,6232,2425
2024,19075,4998,2019,2023,12352,189,8589,3209
2024,19077,4446,1974,2023,10646,310,7681,2922
2024,19079,5004,2482,2023,14893,1438,10460,4117
2024,19081,4336,1523,2023,10718,620,7690,3334
2024,19083,5790,2553,2023,16729,848,12212,4873
2024,19085,5566,2245,2023,14645,305,10203,4629
2024,19087,6439,2995,2023,20228,1092,13830,5815
2024,19089,3157,1619,2023,9459,288,6354,3128
2024,19091,3770,1236,2023,9573,492,6649,2784
2024,19093,2771,826,2023,6944,271,4716,2113
2024,19095,6068,3400,2023,16547,552,11605,4634
2024,19097,7074,3567,2023,19429,288,13782,6585
2024,19099,12701,7141,2023,37864,1110,26635,12395
2024,19101,4353,3788,2023,15676,632,11763,3320
2024,19103,26087,58846,2023,154881,10312,92295,18053
2024,19105,6820,3942,2023,20799,516,15028,6753
2024,19107,3869,1219,2023,9964,221,6975,3486
2024,19109,5983,2284,2023,14610,612,10381,3991
2024,19111,10152,5659,2023,33175,1134,23746,10310
2024,19113,54237,66358,2023,229463,9120,156613,48221
2024,19115,3584,1480,2023,10710,1730,7503,3888
2024,19117,3400,1169,2023,8685,239,6099,3341
2024,19119,5899,1023,2023,12087,421,7733,3517
2024,19121,6864,3008,2023,16760,367,11414,4383
2024,19123,8207,2577,2023,22045,528,14622,6536
2024,19125,13289,5928,2023,33551,748,22346,8516
2024,19127,9815,7134,2023,39971,9518,26521,12602
2024,19129,5671,2456,2023,14563,525,10216,3243
2024,19131,3736,1943,2023,10548,216,7234,2973
2024,19133,3331,1236,2023,8619,217,6151,2818
2024,19135,3104,1002,2023,7546,58,5209,2433
2024,19137,3486,1508,2023,10254,177,7231,3102
2024,19139,11152,8212,2023,42735,7878,28863,12894
2024,19141,5998,1428,2023,14103,1009,9648,4373
2024,19143,2623,555,2023,6114,618,4305,2181
2024,19145,5153,2060,2023,15168,498,11308,5501
2024,19147,3576,1338,2023,8902,293,6079,2331
2024,19149,10661,3104,2023,25699,1578,17454,7352
2024,19151,2727,796,2023,7040,383,4879,2177
2024,19153,112240,140075,2023,497441,49816,331590,105374
2024,19155,26335,17468,2023,93407,8127,63802,27356
2024,19157,5758,4067,2023,18582,615,12183,5410
2024,19159,2015,638,2023,4664,93,3234,1342
2024,19161,4100,1289,2023,9759,398,6915,2830
2024,19163,45976,42479,2023,174302,12512,118880,37556
2024,19165,4600,1811,2023,11757,440,8254,3413
2024,19167,16053,2626,2023,35984,4970,21341,7890
2024,19169,21665,26765,2023,98592,4943,52524,9841
2024,19171,5379,3070,2023,16982,1919,11701,5708
2024,19173,2381,666,2023,5901,461,4113,2025
2024,19175,4044,1874,2023,12038,420,8132,3330
2024,19177,2785,778,2023,7236,124,5065,2404
2024,19179,9479,4896,2023,35265,4457,24014,12098
2024,19181,19486,12712,2023,53484,1854,35534,11469
2024,19183,7119,4297,2023,22539,1668,15298,6514
2024,19185,2426,643,2023,6518,84,4370,2229
2024,19187,10850,5641,2023,36848,2217,24835,9999
2024,19189,3636,1909,2023,10648,616,7223,2597
2024,19191,6427,5321,2023,19972,600,13409,4876
2024,19193,25969,16145,2023,105760,19487,67514,30687
2024,19195,2715,1508,2023,7380,249,5362,2186
2024,19197,3853,1770,2023,12817,2402,8593,3652
2024,20001,4029,1445,2023,12491,512,8551,3575
2024,20003,2998,732,2023,7819,127,5206,2866
2024,20005,4911,2201,2023,16211,582,9952,4620
2024,20007,1854,288,2023,4153,254,2824,1080
2024,20009,8205,2207,2023,25275,4149,17174,6517
2024,20011,5003,1444,2023,14384,432,9436,3808
2024,20013,3106,1065,2023,9415,416,6475,2838
2024,20015,22426,9150,2023,67916,3813,45010,15349
2024,20017,1090,348,2023,2579,208,1872,745
2024,20019,1299,211,2023,3370,161,2409,1189
2024,20021,6584,1970,2023,19236,548,13360,5808
2024,20023,1185,206,2023,2628,239,1860,782
2024,20025,867,129,2023,1987,127,1389,472
2024,20027,3150,867,2023,8071,264,5699,2390
2024,20029,3218,767,2023,8973,332,5946,2088
2024,20031,3371,934,2023,8304,279,5924,2386
2024,20033,727,130,2023,1685,31,1261,450
2024,20035,9360,3919,2023,34487,4098,22736,8956
2024,20037,10084,5956,2023,38963,2769,23422,8095
2024,20039,1217,215,2023,2746,112,2172,768
2024,20041,7014,1989,2023,18423,998,13041,5145
2024,20043,2899,626,2023,7492,237,4973,2106
2024,20045,17523,39582,2023,119547,8443,70789,16681
2024,20047,1042,213,2023,2817,621,1991,898
2024,20049,1123,191,2023,2464,110,1793,818
2024,20051,9743,3511,2023,28870,2039,17291,5585
2024,20053,2078,636,2023,6366,385,4928,1995
2024,20055,7166,3425,2023,38001,19915,22508,11652
2024,20057,5616,2461,2023,34133,19858,20117,10262
2024,20059,8773,3676,2023,25994,1215,17643,7571
2024,20061,5288,3674,2023,35895,5811,19587,6296
2024,20063,1227,150,2023,2796,37,1890,822
2024,20065,1055,210,2023,2406,90,1749,615
2024,20067,1793,395,2023,7284,3850,4344,2140
2024,20069,1837,324,2023,5696,915,3585,1651
2024,20071,510,75,2023,1296,225,830,271
2024,20073,2299,541,2023,5956,235,4340,1940
2024,20075,671,131,2023,2485,1034,1518,770
2024,20077,2072,437,2023,5446,421,3678,1750
2024,20079,9591,6202,2023,33823,4104,22725,7591
2024,20081,1045,221,2023,3695,1112,2336,1146
2024,20083,817,136,2023,1676,96,1155,398
2024,20085,4557,1799,2023,13277,705,8994,3990
2024,20087,6694,3030,2023,18391,616,13068,5275
2024,20089,1370,176,2023,2909,76,2205,924
2024,20091,154247,183451,2023,614764,55724,419417,74072
2024,20093,1082,192,2023,3910,1379,2438,1325
2024,20095,3119,753,2023,7284,289,5116,1958
2024,20097,941,151,2023,2422,104,1660,639
2024,20099,5410,2385,2023,19949,998,13640,5717
2024,20101,709,111,2023,1497,231,1068,288
2024,20103,22055,13732,2023,82493,6027,56057,18765
2024,20105,1233,250,2023,2924,123,2099,657
2024,20107,4093,854,2023,9723,284,6911,2962
2024,20109,1186,183,2023,2720,185,1917,714
2024,20111,7462,5515,2023,32145,7526,19452,8600
2024,20113,9816,4021,2023,30130,1635,20033,6374
2024,20115,4312,1429,2023,11795,480,8023,3128
2024,20117,3644,1205,2023,10001,262,6923,3319
2024,20119,1427,247,2023,3949,915,2545,1019
2024,20121,12854,5472,2023,34625,1334,23629,8689
2024,20123,2608,528,2023,5767,118,3936,1250
2024,20125,9287,2934,2023,31143,2428,20955,8738
2024,20127,2021,721,2023,5388,237,3994,1692
2024,20129,909,131,2023,2647,613,1857,1006
2024,20131,4655,888,2023,10213,257,6628,2811
2024,20133,4961,1696,2023,15715,930,10442,3950
2024,20135,1205,129,2023,2659,403,1834,804
2024,20137,1882,346,2023,5392,314,3953,1663
2024,20139,5736,1946,2023,15780,512,11006,5206
2024,20141,1477,261,2023,3473,93,2504,874
2024,20143,2475,476,2023,5782,183,4054,1489
2024,20145,2003,625,2023,6220,540,4868,1912
2024,20147,2356,331,2023,4874,160,3413,1394
2024,20149,9811,3394,2023,25808,1508,16466,4958
2024,20151,3054,954,2023,9120,755,5836,2203
2024,20153,1194,176,2023,2533,186,1833,593
2024,20155,17847,8554,2023,61693,6245,42406,16844
2024,20157,2001,396,2023,4662,116,3287,1178
2024,20159,3073,825,2023,9389,1282,6090,2202
2024,20161,11630,12063,2023,71710,7120,36149,7593
2024,20163,2153,349,2023,4869,144,3572,1431
2024,20165,1315,264,2023,2957,160,2124,835
2024,20167,2632,608,2023,6717,271,4802,1842
2024,20169,15069,7734,2023,53801,6715,36615,13374
2024,20171,1843,248,2023,5071,1024,3435,1181
2024,20173,120118,90506,2023,524810,84671,343300,125066
2024,20175,3133,1354,2023,21640,14418,12644,7078
2024,20177,39901,40308,2023,178315,24244,121522,44730
2024,20179,1229,126,2023,2442,145,1645,615
2024,20181,2161,379,2023,5919,766,3803,1329
2024,20183,1675,300,2023,3579,40,2663,1146
2024,20185,1548,326,2023,4004,534,2753,979
2024,20187,537,115,2023,2018,908,1304,690
2024,20189,1595,210,2023,5212,2016,3259,1868
2024,20191,7810,2527,2023,22386,1320,15163,6005
2024,20193,3007,597,2023,7913,639,4936,1357
2024,20195,1343,216,2023,2778,5,2129,716
2024,20197,2816,944,2023,6961,322,4785,1944
2024,20199,686,52,2023,1459,91,1010,392
2024,20201,2263,396,2023,5519,258,3819,1663
2024,20203,740,107,2023,2115,628,1465,603
2024,20205,2894,647,2023,8559,310,5942,2686
2024,20207,1205,282,2023,3118,23,2358,1064
2024,20209,18867,30938,2023,167277,55765,106050,53456
2024,21001,7643,1257,2023,19016,626,12806,6749
2024,21003,7824,1505,2023,21029,584,14649,8200
2024,21005,9650,3226,2023,24098,578,16682,7015
2024,21007,3331,697,2023,7678,110,5512,2551
2024,21009,15019,4565,2023,44670,1904,30864,17392
2024,21011,4041,1278,2023,12812,227,8521,5295
2024,21013,7831,1419,2023,23878,177,16804,9893
2024,21015,45650,20601,2023,137676,7827,90861,31487
2024,21017,6284,3088,2023,20174,1523,13885,6521
2024,21019,14363,6291,2023,48043,816,34312,15417
2024,21021,9159,4990,2023,30708,1438,20719,9179
2024,21023,3399,702,2023,8427,78,5830,3166
2024,21025,4036,1002,2023,13438,155,9720,5854
2024,21027,7882,2038,2023,20722,327,14288,8034
2024,21029,32299,10280,2023,83209,2401,59292,29604
2024,21031,4905,965,2023,12373,616,8678,5875
2024,21033,4860,1256,2023,12631,299,8805,4696
2024,21035,11539,5111,2023,37882,1314,23380,9362
2024,21037,28450,18952,2023,93193,2362,65429,22104
2024,21039,2182,408,2023,4763,133,3311,1781
2024,21041,3014,963,2023,10878,796,7164,4052
2024,21043,8981,2305,2023,26515,289,18275,10340
2024,21045,6216,804,2023,15951,532,11038,7492
2024,21047,14332,7055,2023,72599,6120,41558,18919
2024,21049,11950,5639,2023,37004,1493,25987,12242
2024,21051,6729,692,2023,20105,244,14533,9160
2024,21053,4276,549,2023,9240,280,6578,3909
2024,21055,3349,608,2023,8972,216,6337,3782
2024,21057,2922,483,2023,5948,107,4332,2520
2024,21059,30705,15673,2023,103195,4175,69354,30043
2024,21061,5048,1118,2023,12243,195,9109,5516
2024,21063,2335,532,2023,7336,148,5607,4160
2024,21065,5091,1114,2023,14079,131,10155,6800
2024,21067,57347,83387,2023,321122,29571,209542,55793
2024,21069,5578,1334,2023,15221,238,10361,5978
2024,21071,12326,3061,2023,35342,330,25009,14324
2024,21073,13246,11996,2023,51563,2109,36253,13784
2024,21075,1491,636,2023,6440,86,4523,2656
2024,21077,3109,761,2023,8749,472,6003,3542
2024,21079,7086,1719,2023,17346,468,12332,6402
2024,21081,9372,1944,2023,25238,799,16264,8923
2024,21083,13378,3105,2023,36612,2838,24887,13174
2024,21085,9710,2235,2023,26586,409,18298,10865
2024,21087,5033,782,2023,11278,260,8195,4693
2024,21089,12961,4181,2023,35639,386,25509,12160
2024,21091,3375,1173,2023,9032,63,6144,3275
2024,21093,30672,16572,2023,111452,7007,74396,28551
2024,21095,9109,1199,2023,26185,40,18313,10120
2024,21097,6639,2265,2023,18971,420,13164,7463
2024,21099,6691,1642,2023,19470,384,13189,8607
2024,21101,12592,6837,2023,44493,1436,31090,15330
2024,21103,6093,1857,2023,15774,606,10842,6327
2024,21105,1656,394,2023,4470,108,3274,1822
2024,21107,15361,4916,2023,45143,1140,31400,16151
2024,21109,5358,506,2023,13003,125,9056,6202
2024,21111,144553,203070,2023,777392,60873,539370,185679
2024,21113,17854,8303,2023,53792,2467,36152,14028
2024,21115,8150,1350,2023,22464,120,15812,9100
2024,21117,48444,30859,2023,169817,7758,116220,40978
2024,21119,4732,1181,2023,14046,120,9810,5485
2024,21121,11178,1821,2023,30034,365,20435,12826
2024,21123,5773,1389,2023,15028,495,10497,5198
2024,21125,23516,4037,2023,62731,1039,43500,24532
2024,21127,5464,1044,2023,16171,105,11260,6863
2024,21129,2227,406,2023,7375,72,5521,3874
2024,21131,3908,382,2023,10261,51,7298,4314
2024,21133,6848,1457,2023,21146,159,15176,8328
2024,21135,4997,666,2023,13028,11,9088,6044
2024,21137,8833,2080,2023,24415,498,16867,10192
2024,21139,4021,886,2023,8941,218,6451,3460
2024,21141,9620,2734,2023,27731,937,19061,10336
2024,21143,3187,950,2023,8831,94,7047,3842
2024,21145,21349,10191,2023,67584,2210,47600,18788
2024,21147,5531,641,2023,16905,296,11900,7441
2024,21149,3578,989,2023,9127,186,6351,3097
2024,21151,29130,15180,2023,94064,3180,58994,22111
2024,21153,4288,909,2023,11495,150,8105,5403
2024,21155,6473,2513,2023,19680,696,13381,7976
2024,21157,13677,3700,2023,31728,600,23059,10282
2024,21159,3343,287,2023,11181,213,8199,5268
2024,21161,5621,2170,2023,16995,384,11929,5664
2024,21163,10630,3279,2023,30032,1213,20955,10587
2024,21165,2563,664,2023,6203,154,4473,2820
2024,21167,8826,2838,2023,22824,730,15941,6941
2024,21169,4197,884,2023,10372,233,7202,4206
2024,21171,4679,576,2023,11318,500,7800,4971
2024,21173,9302,3329,2023,28271,942,19406,10483
2024,21175,4353,939,2023,13938,440,10277,6042
2024,21177,10491,3048,2023,30712,595,21925,12752
2024,21179,16052,6515,2023,47102,1278,32393,14529
2024,21181,2451,824,2023,7655,78,5179,3084
2024,21183,8679,2094,2023,23704,1007,16088,8970
2024,21185,23025,14402,2023,68600,3301,45789,11963
2024,21187,4434,988,2023,11270,278,7878,4811
2024,21189,1625,203,2023,4021,0,2972,2058
2024,21191,5593,1210,2023,14683,230,10154,5785
2024,21193,7913,1966,2023,27847,90,19518,10838
2024,21195,19684,4025,2023,57466,701,41086,23894
2024,21197,4092,1174,2023,13057,179,8841,5141
2024,21199,26051,5351,2023,65503,1948,46385,23474
2024,21201,915,215,2023,2239,15,1514,872
2024,21203,6635,986,2023,16144,190,11494,7201
2024,21205,6224,3484,2023,24525,543,14466,6663
2024,21207,7622,1200,2023,18117,791,12503,7056
2024,21209,18747,10501,2023,58269,3192,38423,13236
2024,21211,16356,7822,2023,48599,5239,33761,13759
2024,21213,6253,2403,2023,19786,679,13377,6861
2024,21215,8927,2415,2023,19875,510,13952,6279
2024,21217,9523,2576,2023,26205,753,17233,8296
2024,21219,4009,1051,2023,12330,624,8025,4790
2024,21221,5436,1667,2023,14211,366,10151,4522
2024,21223,3283,923,2023,8531,234,6023,3347
2024,21225,4758,1225,2023,13379,220,9412,5009
2024,21227,34862,21065,2023,137549,9543,84423,31685
2024,21229,4720,1533,2023,12091,55,8455,4333
2024,21231,7203,1444,2023,19592,861,14073,8561
2024,21233,4339,1153,2023,12873,841,8724,5064
2024,21235,12687,2237,2023,36755,712,23118,13051
2024,21237,2163,689,2023,6484,102,4504,2977
2024,21239,8419,6282,2023,27017,1983,18762,6409
2024,22001,21783,4695,2023,57218,1802,37769,23733
2024,22003,7003,1661,2023,22552,1803,16036,10137
2024,22005,41319,20113,2023,128593,10477,84047,35140
2024,22007,6963,3273,2023,20720,860,14723,9678
2024,22009,11379,4460,2023,39176,1494,26595,15941
2024,22011,13504,2192,2023,36646,1396,24494,13098
2024,22013,3660,2531,2023,12769,256,8988,5764
2024,22015,37105,14467,2023,129134,10328,86339,32659
2024,22017,44471,48864,2023,232973,8531,159280,70335
2024,22019,56064,23918,2023,208668,10805,138954,62536
2024,22021,3724,580,2023,9563,253,6919,4514
2024,22023,3120,219,2023,5222,10,3615,1807
2024,22025,3258,1060,2023,8738,94,6182,3959
2024,22027,3522,2239,2023,14019,471,10024,6959
2024,22029,4974,2698,2023,18325,465,12277,7040
2024,22031,9359,4426,2023,26897,828,18471,10060
2024,22033,82720,103820,2023,452821,29827,283766,99262
2024,22035,931,1338,2023,7195,144,4776,3095
2024,22037,6020,3809,2023,19378,379,14371,8333
2024,22039,10483,3526,2023,32162,1428,21049,13375
2024,22041,6524,2196,2023,19590,320,13039,8163
2024,22043,7925,996,2023,22123,1336,15724,9504
2024,22045,19511,9504,2023,69194,3810,45461,26826
2024,22047,7616,7503,2023,29950,1440,21192,11829
2024,22049,5291,1852,2023,14939,486,10595,6254
2024,22051,98810,75731,2023,432484,78562,303617,124835
2024,22053,11478,2699,2023,32083,783,21420,12930
2024,22055,72007,37170,2023,245075,15847,165823,64676
2024,22057,34461,7864,2023,96670,5562,65878,36714
2024,22059,6023,546,2023,14804,1315,10270,6080
2024,22061,11248,6627,2023,48160,1753,26411,10613
2024,22063,55101,9965,2023,145583,9095,96356,47946
2024,22065,1846,2094,2023,9757,239,6346,3747
2024,22067,5961,4008,2023,24967,405,16900,9470
2024,22069,9100,5740,2023,37047,1434,22125,10783
2024,22071,24119,130749,2023,376035,29855,268012,86080
2024,22073,40808,22845,2023,158916,5668,104294,45131
2024,22075,6803,3023,2023,23070,2193,15433,7289
2024,22077,7319,4132,2023,20438,676,14440,7747
2024,22079,36171,16537,2023,128470,5178,85699,42544
2024,22081,2337,1321,2023,7529,133,5048,3521
2024,22083,6354,2732,2023,19908,434,13487,7661
2024,22085,8613,1488,2023,22085,761,15133,9055
2024,22087,11033,5967,2023,44172,5988,29132,13661
2024,22089,17443,8812,2023,51863,4134,35110,14439
2024,22091,2804,2848,2023,10849,245,7498,4791
2024,22093,5902,5792,2023,19797,372,13870,7233
2024,22095,6557,12043,2023,41342,3449,27537,14641
2024,22097,21812,14833,2023,82128,2338,53392,31680
2024,22099,17466,7284,2023,51559,1746,35149,21721
2024,22101,13671,7011,2023,48455,4536,32961,21568
2024,22103,98377,37777,2023,269331,21369,184926,60282
2024,22105,37500,16886,2023,135218,7511,88549,45238
2024,22107,1093,1002,2023,3992,110,2884,1831
2024,22109,31115,9702,2023,107362,7369,71518,40512
2024,22111,8176,2206,2023,20914,1172,14840,8502
2024,22113,21510,4637,2023,57031,2378,37959,22156
2024,22115,13474,2513,2023,47764,4379,30034,15581
2024,22117,12846,5411,2023,45238,1425,31006,19020
2024,22119,10965,5053,2023,36189,780,25026,14425
2024,22121,7627,6008,2023,27666,1235,19438,9094
2024,22123,3986,578,2023,9622,349,6719,4140
2024,22125,3923,2004,2023,15381,222,11665,6149
2024,22127,4437,1292,2023,13506,979,9663,6034
2024,23001,30605,27019,2023,112323,2373,78143,34302
2024,23003,22246,12900,2023,67227,1059,50206,23894
2024,23005,59964,127971,2023,305940,8305,224701,53341
2024,23007,9459,7990,2023,30145,471,21751,9065
2024,23009,15551,19817,2023,56084,1004,42766,14361
2024,23011,36589,34585,2023,125614,2708,90774,35519
2024,23013,10262,15076,2023,40860,734,31412,11238
2024,23015,10409,13110,2023,35840,467,27664,9659
2024,23017,19228,14765,2023,58728,946,44669,21722
2024,23019,47438,37945,2023,153571,2967,110847,42006
2024,23021,6487,3510,2023,17125,305,13459,6118
2024,23023,9917,13982,2023,37093,733,28261,9318
2024,23025,17826,10134,2023,50852,737,38069,18490
2024,23027,11815,12661,2023,40006,609,29958,11358
2024,23029,11001,6763,2023,31261,734,23195,10113
2024,23031,58194,72114,2023,214731,4457,160755,55770
2024,24001,22141,9231,2023,67762,1260,47932,24459
2024,24003,128892,171945,2023,590936,59213,411412,116080
2024,24005,149560,249958,2023,849586,63048,588072,190881
2024,24009,29361,23438,2023,93791,4620,64751,21826
2024,24011,11053,4860,2023,33406,2930,22836,12599
2024,24013,62273,36867,2023,174318,8333,121441,39740
2024,24015,33871,17628,2023,104366,5617,72901,32277
2024,24017,26145,63454,2023,168710,12648,114192,40836
2024,24019,9390,6954,2023,32612,1909,23463,12506
2024,24021,68753,82409,2023,280341,34570,191495,56993
2024,24023,11983,3456,2023,28713,377,21498,10709
2024,24025,83050,62453,2023,262509,14585,183637,58248
2024,24027,49425,124764,2023,333916,28121,227341,39017
2024,24029,5561,5251,2023,19265,1074,13934,5700
2024,24031,112637,386581,2023,1057586,218219,733108,162826
2024,24033,45008,347038,2023,955584,207694,656475,253069
2024,24035,20200,11273,2023,50951,2678,36635,12553
2024,24037,33582,23531,2023,114372,6805,76783,27857
2024,24039,5805,4054,2023,24685,1099,17007,9437
2024,24041,11125,11119,2023,37707,3432,28510,9000
2024,24043,44054,27260,2023,155033,11320,108578,51773
2024,24045,24065,21513,2023,104117,7210,65996,29020
2024,24047,19632,12431,2023,53279,2090,40516,14791
2024,24510,27984,195109,2023,577193,45420,404300,164679
2024,25001,57451,88129,2023,230073,8178,182012,45593
2024,25003,19805,47094,2023,128047,7176,95763,34089
2024,25005,134196,137786,2023,578436,56800,409203,179554
2024,25007,2745,9137,2023,20751,641,15944,4284
2024,25009,155336,236624,2023,807258,187521,566863,194343
2024,25011,12428,28305,2023,70922,3691,54162,18007
2024,25013,92474,110937,2023,462853,123001,319878,139484
2024,25015,23256,58617,2023,156595,11259,99992,24878
2024,25017,235118,554471,2023,1622896,145868,1149018,276315
2024,25019,2171,4784,2023,14299,2347,10450,2095
2024,25021,132497,242712,2023,724540,40130,512818,118011
2024,25023,133544,159962,2023,531889,25022,376169,124994
2024,25025,66480,222280,2023,782172,178286,550949,181253
2024,25027,183802,225680,2023,861664,114759,602409,212111
2024,26001,5257,2140,2023,10310,157,8524,3807
2024,26003,3116,2075,2023,8813,147,6838,3249
2024,26005,45206,25637,2023,120913,9674,83257,36859
2024,26007,10967,6038,2023,28908,458,21587,9280
2024,26009,10341,6330,2023,23876,507,18239,6433
2024,26011,6379,2662,2023,15054,321,11340,5384
2024,26013,2779,1488,2023,8249,140,6211,2920
2024,26015,25650,12391,2023,62982,2264,44508,19138
2024,26017,34792,25767,2023,103235,6023,75148,31471
2024,26019,6895,5780,2023,18177,440,13942,4571
2024,26021,44975,38323,2023,153411,9396,107940,38419
2024,26023,14848,5911,2023,44914,2811,31025,15620
2024,26025,38606,28988,2023,133846,7678,91704,40541
2024,26027,18505,9050,2023,51606,2240,37042,16243
2024,26029,10183,7197,2023,26143,503,19712,6361
2024,26031,10653,5543,2023,25778,417,19972,8992
2024,26033,11249,6796,2023,36448,802,25566,11109
2024,26035,11772,5273,2023,31109,684,22951,12088
2024,26037,26751,22450,2023,79419,4042,55694,16169
2024,26039,5613,2752,2023,13271,311,10183,4285
2024,26041,14109,7462,2023,36829,552,27241,11627
2024,26043,10324,4763,2023,25940,475,19091,7202
2024,26045,33102,31056,2023,109000,6718,77718,25529
2024,26047,12465,10005,2023,34159,683,25356,7258
2024,26049,105303,114670,2023,404087,16683,280372,114009
2024,26051,10809,4501,2023,25543,543,19118,9318
2024,26053,4803,3385,2023,14348,270,11206,4084
2024,26055,31423,30339,2023,95757,3138,69715,18517
2024,26057,12894,6682,2023,41478,3134,28534,13784
2024,26059,18631,5875,2023,45658,1249,31507,15780
2024,26061,11181,7881,2023,37428,676,21761,7497
2024,26063,13224,5522,2023,31258,855,23155,11397
2024,26065,50564,94542,2023,282015,24396,174916,48478
2024,26067,22179,11338,2023,66706,3466,46581,21831
2024,26069,10155,5344,2023,25333,688,19626,9385
2024,26071,4501,2441,2023,11650,245,9028,4297
2024,26073,16320,14011,2023,64475,3144,36281,13962
2024,26075,50199,32348,2023,160187,6352,112371,48212
2024,26077,58671,84501,2023,261437,15121,166047,46780
2024,26079,8149,3206,2023,18116,402,13234,6395
2024,26081,172720,192668,2023,658844,75849,441121,137870
2024,26083,896,690,2023,2106,32,1777,523
2024,26085,4523,2298,2023,12393,1146,9622,5542
2024,26087,38398,16338,2023,88703,4394,64087,28627
2024,26089,8035,9406,2023,22607,964,17822,3921
2024,26091,33463,20787,2023,98823,8650,69514,30923
2024,26093,81217,49503,2023,195143,5615,139858,39721
2024,26095,2170,769,2023,6325,115,4867,2320
2024,26097,4476,2675,2023,10865,224,8566,3915
2024,26099,284660,214977,2023,877624,27006,625998,239590
2024,26101,8748,6309,2023,25247,882,19338,8218
2024,26103,17459,20866,2023,66430,1345,44438,13837
2024,26105,10830,6973,2023,29177,1389,21421,8571
2024,26107,14445,7688,2023,40321,1125,26780,12031
2024,26109,8647,4256,2023,23295,534,17519,8371
2024,26111,28571,20926,2023,83641,2784,59550,19301
2024,26113,7066,1945,2023,15156,501,10763,5286
2024,26115,57405,32622,2023,155001,6559,110422,45727
2024,26117,23946,10368,2023,67174,2826,47694,24602
2024,26119,4599,1702,2023,9372,153,7426,3724
2024,26121,47733,46028,2023,175378,10671,121409,51236
2024,26123,20630,8131,2023,50414,3079,35668,17798
2024,26125,337791,419519,2023,1272294,62197,911236,208207
2024,26127,9547,5085,2023,26788,4135,18996,8937
2024,26129,8879,3578,2023,20853,461,15728,7570
2024,26131,2479,1313,2023,5870,100,4873,2291
2024,26133,9639,3326,2023,23122,463,16339,8254
2024,26135,3716,1414,2023,8338,170,6217,3105
2024,26137,10693,5052,2023,25352,490,18308,7133
2024,26139,106133,69653,2023,298614,30177,190082,60924
2024,26141,5568,3036,2023,13142,198,10394,4527
2024,26143,10582,5290,2023,23639,471,19060,7922
2024,26145,52912,49515,2023,189210,17188,131119,54697
2024,26147,64277,30844,2023,160089,5753,115061,47281
2024,26149,19403,9452,2023,60870,5553,41260,20629
2024,26151,17080,5957,2023,40574,1697,29049,14814
2024,26153,3196,1631,2023,8093,123,6221,2873
2024,26155,24718,15335,2023,68061,2071,48611,20393
2024,26157,21764,8562,2023,53071,1923,38592,20852
2024,26159,23407,17175,2023,75681,9248,52546,23421
2024,26161,58844,157152,2023,368394,20789,235668,43417
2024,26163,288860,537032,2023,1773767,119108,1204462,501333
2024,26165,12968,6224,2023,33868,845,23729,10925
2024,27001,6741,3524,2023,15930,233,12520,5515
2024,27003,106974,97667,2023,367095,20537,251574,83783
2024,27005,12961,6435,2023,35260,665,24432,8693
2024,27007,12898,11493,2023,46421,1170,28895,9678
2024,27009,15260,7084,2023,41458,1346,27562,10281
2024,27011,1796,964,2023,5152,130,3726,1666
2024,27013,18001,17558,2023,69386,3252,40829,12177
2024,27015,9692,4576,2023,25826,1252,17753,7502
2024,27017,10435,9905,2023,36457,676,25810,9605
2024,27019,35586,31869,2023,108622,5393,72178,15414
2024,27021,12759,6300,2023,30688,530,22635,8481
2024,27023,4175,2026,2023,12388,1228,8498,3680
2024,27025,23047,11894,2023,57434,1565,40348,14816
2024,27027,15965,16121,2023,65628,3186,40183,10917
2024,27029,3575,1169,2023,8579,75,5840,2866
2024,27031,1142,2416,2023,5633,156,4481,1189
2024,27033,4157,1705,2023,11458,1203,7746,3316
2024,27035,27423,14173,2023,67113,1024,48841,16453
2024,27037,109995,143267,2023,442204,37321,301129,72733
2024,27039,8095,4108,2023,20962,1084,14012,4734
2024,27041,16726,7938,2023,39354,848,28182,9567
2024,27043,5247,2352,2023,13909,1086,9907,4095
2024,27045,7638,4491,2023,21346,395,14672,5716
2024,27047,10003,6448,2023,30752,3249,21915,9466
2024,27049,16461,11731,2023,47844,1879,33956,13342
2024,27051,2266,1187,2023,6108,158,4325,1577
2024,27053,197244,502710,2023,1268903,97813,886171,187936
2024,27055,6547,4667,2023,18768,279,13450,4892
2024,27057,8809,4536,2023,21700,553,15819,5309
2024,27059,18027,7384,2023,41934,1009,29157,12529
2024,27061,15863,10467,2023,45141,656,33043,11881
2024,27063,3949,1581,2023,9964,450,7123,2695
2024,27065,6818,2718,2023,16261,282,11586,5400
2024,27067,15014,7814,2023,43757,6109,29593,10906
2024,27069,1535,911,2023,4163,104,2965,1095
2024,27071,4204,2465,2023,11950,175,9055,3424
2024,27073,2600,1314,2023,6694,210,4842,1978
2024,27075,3265,3534,2023,10911,154,8221,3098
2024,27077,1710,604,2023,3800,26,2844,1106
2024,27079,11503,5636,2023,28936,1922,20179,7547
2024,27081,2190,972,2023,5594,131,3942,1586
2024,27083,8400,4284,2023,25498,1881,16388,5779
2024,27085,14394,6374,2023,36771,2664,25760,10671
2024,27087,1165,975,2023,5371,198,3255,1564
2024,27089,3774,1177,2023,8961,415,6300,2851
2024,27091,7442,3171,2023,19864,1352,14061,5542
2024,27093,9645,3802,2023,23422,1005,16043,6576
2024,27095,10570,4374,2023,26912,582,18707,8547
2024,27097,15666,4306,2023,34131,632,23834,10690
2024,27099,10297,8312,2023,40069,5226,26547,11454
2024,27101,3346,1329,2023,8119,397,5804,2426
2024,27103,9540,9441,2023,34350,1825,22480,6851
2024,27105,5541,2599,2023,22067,7314,13741,7171
2024,27107,1963,1233,2023,6411,334,4471,1800
2024,27109,39467,49121,2023,163425,9448,110876,27415
2024,27111,24276,11752,2023,60281,2260,43176,14741
2024,27113,4756,2439,2023,13877,663,9661,3441
2024,27115,11274,5339,2023,29411,786,21823,10532
2024,27117,3537,1215,2023,9352,789,6258,2634
2024,27119,10162,4967,2023,30905,2074,20822,7268
2024,27121,4677,2398,2023,11363,223,8239,2846
2024,27123,75284,195168,2023,544438,44888,366925,105038
2024,27125,1425,642,2023,3922,133,2740,1111
2024,27127,5895,2300,2023,15383,613,10451,4482
2024,27129,5610,2280,2023,14587,1414,10184,4366
2024,27131,18264,17353,2023,67389,6885,43116,17236
2024,27133,3690,1585,2023,9628,362,6548,2693
2024,27135,6279,2093,2023,15301,268,10547,4594
2024,27137,50065,66335,2023,200056,3767,138126,41808
2024,27139,47837,40214,2023,152957,9435,100180,25256
2024,27141,38491,18329,2023,99178,3167,65315,21865
2024,27143,6014,2351,2023,14933,1351,10464,4588
2024,27145,53932,30829,2023,159358,7190,98702,34643
2024,27147,12742,7650,2023,37413,3231,25443,9294
2024,27149,3213,1827,2023,9686,1039,5820,2037
2024,27151,3340,1618,2023,9787,671,6743,2587
2024,27153,10392,3072,2023,25402,2335,17615,9227
2024,27155,1165,597,2023,3279,184,2297,968
2024,27157,8523,4721,2023,21519,712,15460,5781
2024,27159,6028,1898,2023,14135,324,9467,4107
2024,27161,6770,3402,2023,18958,1322,13157,5605
2024,27163,75271,90324,2023,272298,13798,185385,41563
2024,27165,3087,1723,2023,11169,3253,7477,3358
2024,27167,2290,986,2023,6413,238,4483,1701
2024,27169,14288,12929,2023,49705,1876,31206,10146
2024,27171,57211,30883,2023,145270,5077,94958,30252
2024,27173,3738,1548,2023,9509,493,6596,2631
2024,28001,5081,6743,2023,29098,1191,20322,10349
2024,28003,12657,2328,2023,34500,1273,24035,12383
2024,28005,4484,2246,2023,12611,8,9079,5170
2024,28007,4723,2930,2023,17685,87,11695,6081
2024,28009,2535,1318,2023,7592,169,5441,3027
2024,28011,3943,6419,2023,30163,765,19773,8233
2024,28013,4443,1547,2023,13029,773,9193,5007
2024,28015,3730,1431,2023,9828,24,7457,3722
2024,28017,4079,3090,2023,16994,688,11340,6190
2024,28019,2881,965,2023,8172,144,5742,3022
2024,28021,558,2950,2023,8908,20,5164,2420
2024,28023,5093,2430,2023,15424,155,10768,5051
2024,28025,4017,4960,2023,18462,31,12697,6494
2024,28027,2008,4711,2023,20808,444,13108,5885
2024,28029,6134,5426,2023,27994,1150,18429,8410
2024,28031,5869,2921,2023,18226,465,12230,5735
2024,28033,48064,29023,2023,188598,10612,124580,46681
2024,28035,16579,11475,2023,78027,3264,47403,17447
2024,28037,2831,1213,2023,7655,70,5303,2458
2024,28039,9858,1138,2023,24870,747,16217,8299
2024,28041,4776,835,2023,13595,181,10129,5965
2024,28043,5651,4060,2023,21342,64,14593,6852
2024,28045,16684,4262,2023,46057,1924,33810,13857
2024,28047,48497,26555,2023,209443,14023,141046,55768
2024,28049,22816,62840,2023,222494,4500,145887,51265
2024,28051,1243,5420,2023,16491,71,10639,5888
2024,28053,990,2443,2023,7570,5,4992,2524
2024,28055,296,287,2023,1095,14,954,706
2024,28057,9523,1027,2023,23942,437,16191,8128
2024,28059,36376,15469,2023,144437,10560,99860,37960
2024,28061,4118,3722,2023,16211,99,11203,6302
2024,28063,541,2727,2023,7127,310,4801,2606
2024,28065,2302,3041,2023,11183,19,7974,4293
2024,28067,20265,7272,2023,66839,4071,43745,19648
2024,28069,1691,2381,2023,8855,64,5991,3081
2024,28071,14050,8956,2023,56920,2063,33054,9761
2024,28073,20775,7038,2023,65081,2366,43814,15545
2024,28075,16487,10677,2023,71984,1782,49147,20835
2024,28077,4113,1899,2023,11883,245,7854,4490
2024,28079,5143,3182,2023,21288,1260,14228,7568
2024,28081,24339,10616,2023,83138,2835,55320,22148
2024,28083,2854,6476,2023,27432,837,17170,8242
2024,28085,11432,4262,2023,34830,443,23996,11910
2024,28087,13087,11096,2023,58187,1305,38700,17021
2024,28089,32333,22700,2023,110303,4131,74085,18694
2024,28091,7874,3215,2023,24303,431,16773,8779
2024,28093,7977,6888,2023,33899,1632,23588,12789
2024,28095,10861,5090,2023,33928,512,23694,13037
2024,28097,2658,1737,2023,9708,27,6709,3258
2024,28099,8154,2622,2023,28927,255,18385,9357
2024,28101,6641,2603,2023,21151,385,13639,6440
2024,28103,1151,3269,2023,10136,19,6747,4159
2024,28105,8901,8851,2023,51473,1220,26340,8299
2024,28107,8202,6061,2023,32965,673,21956,10936
2024,28109,20438,3982,2023,56781,2331,38957,18773
2024,28111,4425,1078,2023,11459,200,7859,4259
2024,28113,7943,7402,2023,39930,653,25767,13252
2024,28115,11740,2214,2023,31312,2148,20578,9979
2024,28117,8581,1727,2023,24999,377,16624,7672
2024,28119,902,1725,2023,5908,26,4068,2165
2024,28121,50896,18060,2023,158218,5072,110063,35514
2024,28123,6098,3729,2023,27754,4118,17571,9291
2024,28125,551,1201,2023,3848,20,2441,1464
2024,28127,7552,3479,2023,25817,436,17574,9031
2024,28129,6146,1486,2023,14193,94,9756,5350
2024,28131,6214,1620,2023,18515,456,12183,5816
2024,28133,2515,5312,2023,25328,646,17323,9552
2024,28135,2333,2630,2023,12363,64,8650,4689
2024,28137,9185,3555,2023,28135,866,18308,8677
2024,28139,7984,1547,2023,21621,1096,14282,7285
2024,28141,8064,921,2023,18738,578,13387,6744
2024,28143,799,1837,2023,9586,230,6009,3371
2024,28145,10559,1807,2023,28009,1342,18550,9852
2024,28147,4114,2355,2023,13864,248,9376,5049
2024,28149,9407,8683,2023,43623,898,29707,11905
2024,28151,4649,9735,2023,43674,655,28883,15392
2024,28153,6013,3028,2023,19699,747,12731,7026
2024,28155,4195,872,2023,9942,178,6783,3611
2024,28157,1075,1817,2023,8376,75,6068,3271
2024,28159,4922,3392,2023,17609,91,12132,6439
2024,28161,3518,2289,2023,12439,202,8972,5464
2024,28163,4558,4342,2023,26837,1436,18706,11423
2024,29001,6771,3334,2023,25224,721,14032,5673
2024,29003,7407,2312,2023,18086,448,12744,5638
2024,29005,2152,529,2023,5216,94,3824,1949
2024,29007,7699,2688,2023,24688,767,17171,9098
2024,29009,13138,2873,2023,34831,3473,24438,14107
2024,29011,5159,820,2023,11685,322,8053,4379
2024,29013,6702,1563,2023,16121,386,11151,6378
2024,29015,8526,2166,2023,19887,377,15379,8317
2024,29017,5365,756,2023,10591,166,7549,4656
2024,29019,39673,48452,2023,185874,8134,112910,28855
2024,29021,22606,12598,2023,83855,5901,57200,27696
2024,29023,14549,3160,2023,42166,994,28999,16036
2024,29025,3771,888,2023,8890,192,6091,3042
2024,29027,15206,5926,2023,44541,1044,30990,13668
2024,29029,19597,5724,2023,43416,1453,33359,14247
2024,29031,29315,10561,2023,82180,2339,53041,20816
2024,29033,3708,789,2023,8459,174,5964,3273
2024,29035,2488,364,2023,5269,108,3568,2213
2024,29037,38792,19753,2023,109393,5828,75203,28950
2024,29039,6064,1060,2023,14440,297,9996,5206
2024,29041,3179,875,2023,7406,67,5172,2817
2024,29043,38379,11850,2023,91229,3264,61825,20826
2024,29045,2679,628,2023,6680,61,4675,2773
2024,29047,67688,60345,2023,255566,19687,174748,56528
2024,29049,8235,2855,2023,21259,543,14795,7118
2024,29051,26686,12874,2023,76924,2721,53251,19090
2024,29053,6393,2347,2023,16835,346,11562,5638
2024,29055,8742,2007,2023,22890,526,16141,8907
2024,29057,3480,671,2023,7627,162,5551,2826
2024,29059,6907,1458,2023,17344,374,12044,6924
2024,29061,3185,701,2023,8449,144,5688,3075
2024,29063,3885,870,2023,11176,262,8227,4453
2024,29065,6013,1025,2023,14506,308,10259,5474
2024,29067,6242,996,2023,11850,112,8471,4474
2024,29069,8096,1885,2023,27795,2055,18350,11208
2024,29071,40126,14694,2023,105316,2343,73755,31387
2024,29073,6370,1555,2023,14774,224,10708,5325
2024,29075,2651,616,2023,6224,112,4219,2427
2024,29077,85956,55971,2023,301121,14950,198758,69360
2024,29079,3582,784,2023,9822,260,6621,3480
2024,29081,3293,534,2023,8198,191,5579,2962
2024,29083,8286,2535,2023,22194,650,15686,8423
2024,29085,4108,978,2023,8501,144,6437,3791
2024,29087,1982,357,2023,4254,71,3105,1585
2024,29089,3534,1341,2023,10141,216,6508,2996
2024,29091,15733,3073,2023,40168,975,27344,14591
2024,29093,3644,824,2023,9482,199,6864,3563
2024,29095,99385,91366,2023,717021,79383,488711,178547
2024,29097,39084,13943,2023,123532,11775,81223,37119
2024,29099,80796,36965,2023,228227,5793,159108,64059
2024,29101,16298,6960,2023,54331,2742,32170,12789
2024,29103,1479,311,2023,3760,14,2510,1460
2024,29105,14155,2756,2023,36245,1033,24584,14002
2024,29107,12720,4294,2023,32974,1096,22971,10896
2024,29109,15001,3248,2023,38392,3161,25537,13697
2024,29111,3565,872,2023,9945,120,6313,3624
2024,29113,24866,6908,2023,61636,1708,41568,20568
2024,29115,4437,1183,2023,11850,340,8176,4556
2024,29117,5395,1422,2023,14330,273,10108,5577
2024,29119,7843,1423,2023,23492,2880,15617,9286
2024,29121,6300,1481,2023,15163,276,10488,5523
2024,29123,4721,986,2023,12665,335,8769,4806
2024,29125,3987,755,2023,8435,160,6129,3513
2024,29127,9991,3032,2023,28493,560,19284,9417
2024,29129,1545,235,2023,3501,155,2380,1267
2024,29131,10826,2067,2023,25081,516,17348,8413
2024,29133,3404,1015,2023,12079,184,8531,5775
2024,29135,5877,1313,2023,15303,877,10300,5792
2024,29137,3476,857,2023,8672,151,6169,3533
2024,29139,4776,1170,2023,11422,252,7997,4530
2024,29141,7725,1914,2023,21430,536,15093,8748
2024,29143,5203,1561,2023,16041,286,11053,6948
2024,29145,22923,5867,2023,59490,3833,40242,18132
2024,29147,6909,2674,2023,20959,441,12529,5642
2024,29149,3884,696,2023,8704,114,6126,3668
2024,29151,6657,1009,2023,13379,141,9056,4301
2024,29153,4044,698,2023,8773,167,6650,3697
2024,29155,3917,1331,2023,15232,457,9972,6476
2024,29157,7986,1757,2023,18947,437,13112,7015
2024,29159,13907,4703,2023,43205,4135,28676,13442
2024,29161,13658,5379,2023,44948,1328,28307,11722
2024,29163,6151,1618,2023,17623,225,12278,7812
2024,29165,29381,27566,2023,108751,7535,74825,18263
2024,29167,12691,2948,2023,32109,898,21052,10061
2024,29169,11579,3765,2023,53850,6190,29423,10843
2024,29171,2021,347,2023,4675,133,3406,1571
2024,29173,4575,1154,2023,10394,123,7521,4145
2024,29175,8322,2571,2023,24524,596,17133,9213
2024,29177,8602,2927,2023,23149,643,16208,8581
2024,29179,2560,472,2023,6058,102,4484,2651
2024,29181,5002,763,2023,10755,134,7517,4151
2024,29183,130588,92226,2023,409830,16546,283062,76614
2024,29185,3982,959,2023,9451,203,6877,3842
2024,29186,7031,2629,2023,18551,265,13196,6361
2024,29187,21521,6811,2023,66864,1196,47054,23581
2024,29189,187982,305635,2023,996618,37209,692473,183312
2024,29195,6498,2726,2023,23177,2827,14750,6964
2024,29197,1588,334,2023,4044,67,2620,1580
2024,29199,1537,358,2023,4698,4,2948,1765
2024,29201,13786,3525,2023,37967,966,25707,13727
2024,29203,3364,625,2023,7137,37,5129,2964
2024,29205,2691,550,2023,6011,134,4165,2291
2024,29207,11783,1736,2023,28547,597,20021,12078
2024,29209,15357,3620,2023,31697,866,24642,10777
2024,29211,2035,408,2023,5903,1051,4147,2533
2024,29213,21236,5329,2023,56382,4250,38820,16509
2024,29215,9855,1589,2023,24956,589,17735,9746
2024,29217,7112,1774,2023,19713,493,13392,6773
2024,29219,14915,4970,2023,36467,1460,25145,12203
2024,29221,8424,1747,2023,23483,244,16388,9909
2024,29223,5030,783,2023,10942,113,8035,4905
2024,29225,15984,3653,2023,39868,882,25730,13165
2024,29227,904,190,2023,1956,37,1398,789
2024,29229,7850,1057,2023,18722,460,12419,7280
2024,29510,19342,94458,2023,293109,15005,212920,72457
2024,30001,4058,1543,2023,9590,472,6725,2260
2024,30003,2188,2112,2023,12963,592,7482,3113
2024,30005,1526,1348,2023,6997,192,4326,1571
2024,30007,3770,885,2023,7310,131,5492,1974
2024,30009,4719,2353,2023,10877,311,8369,3069
2024,30011,760,75,2023,1361,32,1020,362
2024,30013,22419,14021,2023,84601,4283,58110,21866
2024,30015,1885,940,2023,5888,178,4150,1913
2024,30017,4208,1385,2023,11938,395,8602,3027
2024,30019,778,154,2023,1524,24,1137,373
2024,30021,3627,894,2023,8874,300,6247,1882
2024,30023,2329,2376,2023,9512,320,7582,3446
2024,30025,1303,163,2023,2817,16,1840,774
2024,30027,4965,1522,2023,11581,256,8483,3328
2024,30029,41390,20062,2023,108445,3800,77668,24659
2024,30031,32695,34938,2023,122194,6272,79165,16633
2024,30033,756,39,2023,938,0,666,245
2024,30035,1939,2933,2023,13713,378,8319,3698
2024,30037,440,67,2023,840,55,670,300
2024,30039,1537,579,2023,3419,66,2568,1032
2024,30041,3871,2634,2023,16260,551,10023,4278
2024,30043,5544,2516,2023,12501,339,9184,2960
2024,30045,1051,265,2023,2053,121,1486,512
2024,30047,9880,6510,2023,32073,1338,22595,7435
2024,30049,21479,19085,2023,72580,2830,51519,14758
2024,30051,752,214,2023,1968,0,1331,541
2024,30053,8909,2615,2023,20656,614,15915,7626
2024,30055,931,129,2023,1818,0,1362,485
2024,30057,4615,1689,2023,8975,317,7063,2110
2024,30059,888,256,2023,1979,63,1531,552
2024,30061,2049,689,2023,4796,167,3593,1463
2024,30063,27306,42903,2023,119639,5902,82294,19666
2024,30065,2550,396,2023,5068,187,3812,1579
2024,30067,6128,5224,2023,17484,587,13590,4065
2024,30069,284,37,2023,401,0,328,150
2024,30071,1753,385,2023,4224,58,3032,1167
2024,30073,1972,782,2023,6012,137,4156,1798
2024,30075,963,131,2023,1762,30,1344,628
2024,30077,2466,710,2023,7029,160,5528,2917
2024,30079,546,122,2023,1251,10,953,441
2024,30081,20617,8485,2023,45807,1820,34537,12836
2024,30083,4387,778,2023,11329,621,7568,3417
2024,30085,2055,1680,2023,10665,289,6138,2534
2024,30087,2466,1095,2023,8236,285,5163,2274
2024,30089,6150,1705,2023,12936,432,9912,4504
2024,30091,1321,509,2023,3677,166,2645,1133
2024,30093,8110,9386,2023,35589,1639,24383,9390
2024,30095,4699,1056,2023,9052,305,6598,2650
2024,30097,1789,525,2023,3713,66,2640,923
2024,30099,2533,927,2023,6291,118,4301,1689
2024,30101,1571,415,2023,5028,217,3630,1785
2024,30103,367,57,2023,761,43,607,204
2024,30105,3019,935,2023,7540,193,5386,1948
2024,30107,843,209,2023,2049,55,1501,700
2024,30109,463,71,2023,1148,69,782,311
2024,30111,50460,28392,2023,167340,10717,115284,39627
2024,31001,10077,4100,2023,31034,3739,20436,6821
2024,31003,3032,396,2023,6302,237,4302,1654
2024,31005,264,17,2023,540,3,336,78
2024,31007,348,34,2023,657,29,524,152
2024,31009,250,37,2023,385,0,301,129
2024,31011,2499,496,2023,5366,207,3728,1691
2024,31013,3827,1043,2023,10754,1321,7412,2946
2024,31015,938,132,2023,1704,67,1298,591
2024,31017,1428,201,2023,2739,158,1967,778
2024,31019,17064,6386,2023,50323,5219,31365,9677
2024,31021,2632,983,2023,6730,218,4769,1990
2024,31023,3642,906,2023,8413,504,5815,2511
2024,31025,10685,4824,2023,26963,1062,18637,5902
2024,31027,4141,702,2023,8344,203,5579,2288
2024,31029,1648,204,2023,3639,668,2515,946
2024,31031,2687,349,2023,5468,164,3858,1353
2024,31033,3692,787,2023,9478,790,6681,2596
2024,31035,2677,577,2023,6084,570,4186,1744
2024,31037,2636,845,2023,10541,4983,6535,3621
2024,31039,3536,867,2023,8976,1095,6048,2528
2024,31041,5042,786,2023,10544,396,7318,2737
2024,31043,3934,2109,2023,21331,8780,13152,7160
2024,31045,2812,992,2023,8212,391,5093,1569
2024,31047,6312,2101,2023,24020,8720,15395,8197
2024,31049,843,151,2023,1865,188,1378,526
2024,31051,2271,573,2023,5561,838,3731,1776
2024,31053,10795,5434,2023,37146,6350,24510,11456
2024,31055,120919,148733,2023,585461,82687,383464,110496
2024,31057,829,96,2023,1811,44,1280,434
2024,31059,2315,662,2023,5551,204,4121,1657
2024,31061,1351,236,2023,2868,90,2129,818
2024,31063,1213,185,2023,2562,96,1732,593
2024,31065,2043,358,2023,4605,233,3271,1358
2024,31067,7523,3242,2023,21646,695,15189,6534
2024,31069,949,162,2023,1620,53,1246,461
2024,31071,893,116,2023,1797,38,1273,399
2024,31073,907,203,2023,1929,123,1458,456
2024,31075,351,15,2023,695,1,476,151
2024,31077,1030,192,2023,2211,48,1534,678
2024,31079,15566,6956,2023,62431,19563,39989,18984
2024,31081,4416,1067,2023,9438,384,6444,1997
2024,31083,1506,280,2023,3006,70,2122,767
2024,31085,472,19,2023,854,55,640,272
2024,31087,1269,152,2023,2601,101,1841,673
2024,31089,4708,681,2023,10093,556,6889,2798
2024,31091,369,55,2023,613,0,429,224
2024,31093,2868,642,2023,6492,194,4458,1812
2024,31095,2614,968,2023,7155,379,5036,2351
2024,31097,1496,625,2023,5263,615,3757,2029
2024,31099,2828,736,2023,6697,434,4598,1421
2024,31101,3416,731,2023,8239,741,6076,2386
2024,31103,500,44,2023,939,34,630,225
2024,31105,1424,272,2023,3348,332,2506,1208
2024,31107,3593,786,2023,8362,233,5737,2426
2024,31109,74215,81012,2023,323673,26670,203065,54903
2024,31111,12674,3586,2023,34122,3099,23786,8547
2024,31113,409,25,2023,812,11,550,160
2024,31115,354,73,2023,564,53,420,140
2024,31117,267,12,2023,463,0,332,88
2024,31119,12145,3360,2023,35535,5658,23235,9056
2024,31121,3551,730,2023,7696,417,5410,2392
2024,31123,2026,366,2023,4544,658,3149,1323
2024,31125,1462,352,2023,3342,78,2326,943
2024,31127,2443,915,2023,7035,219,4619,1902
2024,31129,1836,399,2023,4089,141,3092,1157
2024,31131,5651,2463,2023,16075,1331,11037,4408
2024,31133,1085,284,2023,2539,47,1757,908
2024,31135,1224,187,2023,2835,144,1975,663
2024,31137,4158,758,2023,8983,581,6106,2174
2024,31139,3420,446,2023,7312,181,4947,1771
2024,31141,12326,3191,2023,34358,7642,22390,9135
2024,31143,2296,501,2023,5209,301,3633,1554
2024,31145,4457,815,2023,10611,655,7214,2552
2024,31147,2962,934,2023,7797,171,5577,2745
2024,31149,745,85,2023,1335,6,940,376
2024,31151,3734,1855,2023,14642,4203,9157,4502
2024,31153,55567,43825,2023,194051,21466,125711,30499
2024,31155,9854,3558,2023,22761,617,15546,5209
2024,31157,11033,3856,2023,35937,8420,24353,9210
2024,31159,6667,2388,2023,17636,497,11078,3687
2024,31161,2102,362,2023,5058,260,3625,1545
2024,31163,1344,328,2023,2974,78,2138,948
2024,31165,597,77,2023,1197,46,842,252
2024,31167,2536,492,2023,5835,388,4005,1458
2024,31169,2278,544,2023,4938,153,3488,1410
2024,31171,348,44,2023,626,25,505,161
2024,31173,1125,978,2023,6666,293,3694,1535
2024,31175,1872,403,2023,4094,107,2909,1115
2024,31177,8855,3538,2023,20989,663,14367,4212
2024,31179,3011,1006,2023,9786,984,5459,2050
2024,31181,1449,296,2023,3385,186,2409,958
2024,31183,424,57,2023,785,15,632,214
2024,31185,5234,1648,2023,14231,859,9584,3622
2024,32001,9962,3179,2023,25614,3796,17734,7303
2024,32003,493052,520187,2023,2293764,721337,1592547,649759
2024,32005,23237,11553,2023,49624,6329,39243,11943
2024,32007,17352,4632,2023,53852,13821,34999,15991
2024,32009,376,73,2023,962,254,864,387
2024,32011,910,104,2023,1660,49,1114,448
2024,32013,6141,1711,2023,17299,4650,11375,5489
2024,32015,2180,482,2023,5745,1266,3887,1800
2024,32017,2108,314,2023,4452,235,3197,1661
2024,32019,23861,8954,2023,60630,11331,44055,19638
2024,32021,1528,711,2023,4557,829,3278,1837
2024,32023,18946,7559,2023,53207,8731,41440,20248
2024,32027,1764,496,2023,6505,1514,4942,2890
2024,32029,2108,913,2023,4139,291,3348,827
2024,32031,127443,130071,2023,491770,126068,345226,120077
2024,32033,3364,883,2023,8856,1451,6663,3467
2024,32510,16873,13375,2023,58364,15105,42169,16102
2024,33001,22765,17469,2023,64300,1387,48814,17436
2024,33003,17426,16822,2023,51259,866,40696,12234
2024,33005,20083,24579,2023,76945,1904,55245,20646
2024,33007,9734,7367,2023,31386,715,24497,12054
2024,33009,21909,32993,2023,91759,2603,65956,21053
2024,33011,112057,118776,2023,424732,35041,304990,99453
2024,33013,43364,48181,2023,155018,4083,112062,38651
2024,33015,102539,97611,2023,317163,11178,235035,67912
2024,33017,33162,42373,2023,131743,4110,89069,28046
2024,33019,12484,12317,2023,43529,871,32858,15070
2024,34001,65817,61879,2023,274704,54686,192800,83449
2024,34003,217096,232660,2023,954717,211044,678249,184131
2024,34005,94116,132275,2023,464226,42820,332056,105299
2024,34007,87767,155522,2023,524042,97957,362628,142391
2024,34009,32151,21648,2023,95236,7676,72614,26877
2024,34011,28675,26577,2023,152915,53457,103020,59610
2024,34013,83908,224596,2023,854130,210724,575988,235402
2024,34015,83326,78708,2023,304504,23885,209605,77754
2024,34017,79913,144765,2023,710478,289220,514663,179119
2024,34019,42391,36995,2023,129448,11451,94312,21819
2024,34021,52274,107558,2023,383286,85269,259529,89808
2024,34023,162459,191802,2023,861535,198174,594249,202454
2024,34025,197409,156382,2023,643615,81564,455451,123801
2024,34027,143439,135672,2023,510375,78992,362347,86410
2024,34029,227232,105789,2023,646434,68729,438444,174246
2024,34031,100954,95156,2023,518289,225149,347256,168663
2024,34033,18229,12275,2023,64973,6975,45363,22027
2024,34035,74101,98790,2023,346203,59019,244416,58963
2024,34037,52123,31019,2023,145117,16039,105664,34098
2024,34039,89063,147327,2023,572549,196795,390558,157949
2024,34041,35772,23318,2023,110238,13343,80008,29449
2024,35001,118762,184117,2023,674357,329949,474905,151477
2024,35003,1752,571,2023,3685,559,3028,1175
2024,35005,15894,5941,2023,64446,37329,41989,19571
2024,35006,4311,4450,2023,27059,8925,18530,8605
2024,35007,3252,2436,2023,12336,5849,9243,3885
2024,35009,10714,4230,2023,47932,21782,29669,13183
2024,35011,649,206,2023,1580,1004,1094,396
2024,35013,37594,45937,2023,221665,149893,137719,55344
2024,35015,18141,5032,2023,61114,31104,39891,17146
2024,35017,6580,7301,2023,27856,13373,20633,7694
2024,35019,945,959,2023,4379,3263,3241,1917
2024,35021,297,128,2023,748,304,508,243
2024,35023,1140,705,2023,4097,2343,2887,1523
2024,35025,16997,3930,2023,73154,45091,43738,24944
2024,35027,6942,3033,2023,20227,6591,15760,5595
2024,35028,4047,7726,2023,19374,3465,14090,1671
2024,35029,4698,3176,2023,25420,16917,16365,9681
2024,35031,9364,15711,2023,71172,8649,45122,25138
2024,35033,1010,1439,2023,4176,3178,3272,1426
2024,35035,15117,8582,2023,68235,26683,45357,18928
2024,35037,2570,1055,2023,8616,3842,6388,3083
2024,35039,6268,9373,2023,40165,27038,27857,13117
2024,35041,4687,1820,2023,19002,8440,11201,4879
2024,35043,36605,41205,2023,151538,59922,106408,34229
2024,35045,34264,17464,2023,121178,23890,80157,35195
2024,35047,3887,6985,2023,27036,20367,19918,7985
2024,35049,20457,61405,2023,155175,74485,118758,34067
2024,35051,3473,2332,2023,11511,3386,9201,4147
2024,35053,3651,3384,2023,16308,8196,10586,5733
2024,35055,4139,12038,2023,34516,17530,26662,8829
2024,35057,4880,2144,2023,15290,6499,10891,5061
2024,35059,1247,378,2023,4039,1603,2816,1486
2024,35061,19057,13609,2023,77382,46872,53115,24123
2024,36001,54560,92589,2023,315374,22163,212896,60516
2024,36003,13826,5483,2023,47027,1002,29790,12933
2024,36005,98174,261670,2023,1419250,779093,937893,498065
2024,36007,44763,45142,2023,197738,10648,130880,50472
2024,36009,22586,11424,2023,76479,1740,52917,26933
2024,36011,20482,15772,2023,75464,2633,54978,23163
2024,36013,34528,22085,2023,126329,11792,88527,38081
2024,36015,21861,15572,2023,82805,2982,58452,24583
2024,36017,14294,8177,2023,46685,1138,33762,17736
2024,36019,18247,17478,2023,78961,2714,54905,24303
2024,36021,15168,20396,2023,61245,3658,47385,17307
2024,36023,11706,10290,2023,46401,1627,29214,11927
2024,36025,13789,9237,2023,44551,2100,33163,15482
2024,36027,71778,79994,2023,297144,44153,211380,70309
2024,36029,204774,248651,2023,950044,59892,672381,224613
2024,36031,9533,9629,2023,37077,1026,28918,12038
2024,36033,10569,8821,2023,47066,1328,33482,15592
2024,36035,16237,7666,2023,52787,2190,38160,18076
2024,36037,18997,9367,2023,57943,2743,41772,18436
2024,36039,14702,10436,2023,47554,3135,36261,15931
2024,36041,2223,1211,2023,5102,101,4135,1722
2024,36043,19557,9110,2023,59932,1614,42916,18164
2024,36045,26417,16326,2023,116130,8481,74642,30438
2024,36047,233964,601265,2023,2646306,499799,1848847,738541
2024,36049,9353,3600,2023,26618,460,18477,9499
2024,36051,18780,12148,2023,61588,2759,41709,16169
2024,36053,19025,14629,2023,67572,1718,46079,18671
2024,36055,145940,214757,2023,754068,73524,526205,163722
2024,36057,13286,7356,2023,49461,7495,34228,16047
2024,36059,368117,338424,2023,1388138,256452,972012,280492
2024,36061,113921,533782,2023,1627788,395429,1260428,285330
2024,36063,58678,43438,2023,211341,8151,152414,61569
2024,36065,60687,39415,2023,229645,15588,159069,65473
2024,36067,93916,133155,2023,471611,27105,324756,106042
2024,36069,30221,29520,2023,112405,6260,80554,26243
2024,36071,94936,80253,2023,403840,93608,258632,99166
2024,36073,12659,5366,2023,39686,2078,29153,15866
2024,36075,33548,20483,2023,117945,3778,80313,37495
2024,36077,15256,13031,2023,59738,2576,39250,15142
2024,36079,31553,23956,2023,97988,18676,71149,22438
2024,36081,264628,437282,2023,2330124,650071,1698073,728927
2024,36083,38601,39668,2023,160341,9539,113425,37134
2024,36085,128151,69345,2023,492734,96147,345412,141166
2024,36087,83543,65880,2023,338936,67951,208594,70776
2024,36089,25919,18010,2023,107796,2718,71189,31790
2024,36091,63940,66321,2023,237075,9059,172398,52001
2024,36093,31975,39733,2023,159603,12855,109935,37866
2024,36095,10423,5547,2023,29979,1165,21561,9186
2024,36097,5717,3736,2023,17749,350,13239,5644
2024,36099,8379,6610,2023,33125,1360,23906,11384
2024,36101,29777,15413,2023,93034,1754,66196,28557
2024,36103,417549,341812,2023,1525680,338930,1070338,367490
2024,36105,20386,14549,2023,79147,14544,55761,23507
2024,36107,15038,9437,2023,48106,1117,34590,15177
2024,36109,11354,34631,2023,102879,6683,61514,12576
2024,36111,39743,57974,2023,182109,21562,134325,48655
2024,36113,18606,17099,2023,65560,1865,49426,17866
2024,36115,17268,11224,2023,60883,1790,45248,22423
2024,36117,27286,17056,2023,91128,4625,65372,26257
2024,36119,167795,287434,2023,996888,269085,697202,199174
2024,36121,14112,4929,2023,39980,1441,29652,15247
2024,36123,6098,4401,2023,24637,632,16698,8447
2024,37001,47937,40624,2023,174286,25716,117453,47197
2024,37003,16404,4060,2023,36440,1950,26398,14227
2024,37005,4900,1533,2023,11075,1269,8618,4015
2024,37007,5525,5253,2023,21903,799,15630,9508
2024,37009,11629,4431,2023,26831,1569,20626,8960
2024,37011,7181,2220,2023,17643,1005,13505,6168
2024,37013,17296,9049,2023,44597,3482,32814,14314
2024,37015,3840,5279,2023,17482,379,13268,7120
2024,37017,10035,6620,2023,29591,2650,21094,9468
2024,37019,67658,40557,2023,145889,8037,117336,38597
2024,37021,59016,98662,2023,271790,22443,202143,61416
2024,37023,32130,13272,2023,87863,7229,64613,30998
2024,37025,63746,54494,2023,231262,28603,153644,50778
2024,37027,33009,10146,2023,80618,5160,58407,28562
2024,37029,4716,1522,2023,10743,419,7422,2813
2024,37031,32508,12813,2023,68652,3230,52589,16254
2024,37033,7445,4493,2023,22689,1102,16619,8661
2024,37035,59577,26569,2023,162051,17954,113077,46725
2024,37037,22507,29014,2023,78319,10520,57701,15955
2024,37039,13883,3686,2023,29197,1019,22779,9302
2024,37041,4587,2895,2023,13814,534,10497,5011
2024,37043,5761,1899,2023,11391,449,8843,3092
2024,37045,34654,16603,2023,100170,4426,69170,32067
2024,37047,17592,8648,2023,50453,2766,35724,17918
2024,37049,33477,22011,2023,101074,7523,68761,23960
2024,37051,59840,78631,2023,336749,41644,209827,71033
2024,37053,13235,4604,2023,29612,1444,21289,8399
2024,37055,14792,10074,2023,37534,2665,28503,7728
2024,37057,67959,24150,2023,171063,14633,120730,54059
2024,37059,19398,6988,2023,43526,3493,31091,12748
2024,37061,14677,8057,2023,49053,11137,33151,16160
2024,37063,32853,144450,2023,329405,50307,228405,58388
2024,37065,9355,14900,2023,48777,2838,33892,18193
2024,37067,87292,114145,2023,386740,56553,259909,88915
2024,37069,23938,18167,2023,71962,7637,50324,20964
2024,37071,73828,44062,2023,231485,21518,160932,65889
2024,37073,3538,2268,2023,10437,219,7554,3853
2024,37075,3883,839,2023,8041,236,5779,3004
2024,37077,17383,14365,2023,61439,6545,43795,19294
2024,37079,4965,3437,2023,20421,3077,14557,8094
2024,37081,109077,171118,2023,542987,53188,359349,116203
2024,37083,9778,14014,2023,48219,1558,34495,19126
2024,37085,39440,23472,2023,136503,19970,90001,36266
2024,37087,23393,13913,2023,62432,2953,47259,16983
2024,37089,39497,29361,2023,117387,15034,87598,29358
2024,37091,3561,6191,2023,20492,1328,14260,7138
2024,37093,10547,11896,2023,53102,8106,34406,13796
2024,37095,1465,931,2023,4625,358,3674,1970
2024,37097,72801,36739,2023,191800,17001,133520,47938
2024,37099,11796,9746,2023,43089,3310,28020,11202
2024,37101,74878,48116,2023,226623,36811,151489,57620
2024,37103,3409,2007,2023,9245,441,6896,3546
2024,37105,17489,12245,2023,64565,13590,43796,18279
2024,37107,14564,12700,2023,54917,4620,38149,19156
2024,37109,40183,14842,2023,90359,7065,65172,25612
2024,37111,17520,5911,2023,44679,3028,32688,15983
2024,37113,14981,6675,2023,37533,3634,28214,11449
2024,37115,8275,5090,2023,21640,759,15745,6636
2024,37117,6601,5360,2023,21773,939,15882,7627
2024,37119,187770,376454,2023,1130906,174580,766897,196341
2024,37121,6843,1915,2023,14973,790,11175,4473
2024,37123,9044,4055,2023,25874,4000,18631,9247
2024,37125,39617,21436,2023,102840,7799,74008,20160
2024,37127,26431,25508,2023,95451,7578,66560,31155
2024,37129,67949,68814,2023,231214,17675,161126,39411
2024,37131,3905,5239,2023,17212,398,13012,6404
2024,37133,54960,25684,2023,208537,28739,113066,41406
2024,37135,20806,65444,2023,147292,15540,93289,18113
2024,37137,5229,2676,2023,12315,567,9820,4049
2024,37139,10537,9549,2023,40830,2401,27998,10738
2024,37141,26042,12460,2023,63475,5402,44629,16579
2024,37143,5278,2269,2023,13146,391,9762,4385
2024,37145,13509,8295,2023,39275,2303,28000,12811
2024,37147,40403,45595,2023,172279,13263,106434,35916
2024,37149,8107,4827,2023,19689,1075,15566,5494
2024,37151,59357,15951,2023,145322,19722,100816,51449
2024,37153,11931,7787,2023,42818,3222,29068,13494
2024,37155,29647,16728,2023,116858,12216,75244,42160
2024,37157,33447,15676,2023,91585,6308,66238,33267
2024,37159,50807,23788,2023,148487,16784,102418,45333
2024,37161,25456,8914,2023,64850,3533,47065,20938
2024,37163,18178,9797,2023,59245,12600,39708,20432
2024,37165,7767,6754,2023,34353,1272,23326,12528
2024,37167,27518,8881,2023,63557,3341,44648,19873
2024,37169,21548,5380,2023,44889,1621,33235,16035
2024,37171,28565,8613,2023,71407,8674,50708,23261
2024,37173,4311,2643,2023,14065,718,9740,4676
2024,37175,11492,8972,2023,33243,1635,25533,7665
2024,37177,1057,680,2023,3376,337,2567,1547
2024,37179,86271,51168,2023,244975,31683,158281,51296
2024,37181,8614,11292,2023,42361,3853,28655,14434
2024,37183,236735,402984,2023,1151009,131104,781308,160757
2024,37185,3976,5872,2023,18751,830,14049,7355
2024,37187,2768,3138,2023,10905,426,7950,4018
2024,37189,15254,17225,2023,54607,3303,31195,8831
2024,37191,31580,22618,2023,117606,15495,78414,34502
2024,37193,28812,7194,2023,65983,4785,47691,24079
2024,37195,19750,19909,2023,78648,9354,54121,26959
2024,37197,16439,3739,2023,37419,4510,26727,13237
2024,37199,7509,3635,2023,18676,1051,14050,6606
2024,38001,962,215,2023,2179,98,1561,698
2024,38003,3531,1661,2023,10794,215,7524,2595
2024,38005,1163,795,2023,5861,98,3343,1368
2024,38007,543,93,2023,948,35,706,274
2024,38009,2628,735,2023,6390,156,4472,1599
2024,38011,1384,207,2023,2935,137,2009,850
2024,38013,909,130,2023,2163,19,1500,522
2024,38015,36595,14215,2023,98986,3244,66815,18390
2024,38017,47873,40304,2023,189286,6576,119321,26586
2024,38019,1461,491,2023,3663,97,2561,821
2024,38021,1829,557,2023,4959,194,3215,1114
2024,38023,914,253,2023,2174,121,1567,503
2024,38025,1877,332,2023,4043,151,2832,1121
2024,38027,862,316,2023,2319,91,1777,663
2024,38029,1697,205,2023,3269,31,2469,1041
2024,38031,1326,335,2023,3372,28,2491,784
2024,38033,847,122,2023,1679,27,1219,422
2024,38035,18123,12469,2023,72764,3783,43215,11044
2024,38037,1076,205,2023,2276,21,1705,739
2024,38039,963,301,2023,2340,30,1689,644
2024,38041,1089,192,2023,2453,3,1815,739
2024,38043,1137,238,2023,2374,69,1647,662
2024,38045,1614,453,2023,4107,82,2896,1137
2024,38047,898,117,2023,1848,58,1350,547
2024,38049,2223,479,2023,5264,115,3720,1582
2024,38051,1132,229,2023,2512,74,1988,959
2024,38053,4627,809,2023,14280,1602,8927,3063
2024,38055,4231,1093,2023,9807,194,7152,2693
2024,38057,3798,672,2023,8341,225,5929,2050
2024,38059,12839,3748,2023,33479,1413,23058,7898
2024,38061,2877,1125,2023,9567,788,6094,2644
2024,38063,1141,580,2023,3015,86,2259,774
2024,38065,909,156,2023,1821,55,1251,429
2024,38067,2350,704,2023,6787,270,4915,1981
2024,38069,1493,439,2023,3961,42,2816,1065
2024,38071,3609,1513,2023,11563,320,7958,2777
2024,38073,1661,920,2023,5662,152,3932,1580
2024,38075,993,179,2023,2277,21,1570,645
2024,38077,5576,2473,2023,16550,610,10736,3280
2024,38079,1427,2567,2023,12065,128,7128,3008
2024,38081,1325,663,2023,3822,110,2782,1154
2024,38083,644,101,2023,1327,5,1032,472
2024,38085,285,654,2023,3789,38,2068,1027
2024,38087,351,33,2023,795,1,619,263
2024,38089,12323,2473,2023,33116,2304,21357,8339
2024,38091,622,367,2023,1731,45,1261,422
2024,38093,7185,2692,2023,21525,635,14849,6626
2024,38095,796,289,2023,2113,79,1507,586
2024,38097,2650,1359,2023,7980,299,5427,1754
2024,38099,3186,1173,2023,10488,1332,7283,3425
2024,38101,20635,7215,2023,69232,4800,44431,14951
2024,38103,1815,405,2023,3942,50,2746,1262
2024,38105,12501,2276,2023,39368,3806,24655,10609
2024,39001,10269,2098,2023,27510,245,18784,11276
2024,39003,33201,12754,2023,101685,3501,68410,33075
2024,39005,19863,6544,2023,52296,886,35936,18854
2024,39007,27656,15345,2023,97343,4673,68600,37538
2024,39009,11369,14134,2023,61573,1380,36357,13799
2024,39011,20988,4442,2023,46209,828,31572,15124
2024,39013,22758,8080,2023,65982,837,48385,26033
2024,39015,17257,4069,2023,43710,529,30555,17764
2024,39017,114831,66713,2023,389910,25823,251466,102680
2024,39019,10634,3071,2023,26731,337,19265,11243
2024,39021,15334,4944,2023,38772,683,27314,13956
2024,39023,40403,21847,2023,135445,5481,93570,45232
2024,39025,76964,36130,2023,209862,5131,146601,58657
2024,39027,15984,4633,2023,42014,869,28257,13761
2024,39029,35607,12064,2023,101203,1871,73257,40269
2024,39031,12362,3835,2023,36679,94,25239,14264
2024,39033,15402,4683,2023,41767,724,29399,16349
2024,39035,195164,376384,2023,1249418,84864,888011,319443
2024,39037,22234,4583,2023,51655,924,35424,19388
2024,39039,13302,5667,2023,38258,4096,26331,12387
2024,39041,70448,61657,2023,221160,7373,147319,28507
2024,39043,22493,16871,2023,74938,3299,54299,22706
2024,39045,51999,31695,2023,161289,4294,109647,42518
2024,39047,9706,2773,2023,28880,699,19788,12269
2024,39049,210830,380518,2023,1321635,93630,887325,290887
2024,39051,15893,6374,2023,42434,3873,29303,13930
2024,39053,10314,2592,2023,29162,300,19831,10907
2024,39055,33844,20604,2023,95479,1775,66426,23424
2024,39057,53399,35575,2023,168531,5418,114438,32614
2024,39059,13314,4154,2023,38283,491,26939,15000
2024,39061,172365,233360,2023,827878,37415,560573,185276
2024,39063,26052,11467,2023,74885,4389,51402,20979
2024,39065,9911,2863,2023,30527,701,18582,10343
2024,39067,5484,1559,2023,14408,162,10438,6188
2024,39069,10873,3905,2023,27581,2232,19112,9391
2024,39071,16269,3609,2023,43403,492,29648,15862
2024,39073,9679,3704,2023,27938,260,19839,10717
2024,39075,10384,1854,2023,44312,469,26437,20107
2024,39077,19484,7496,2023,58412,4177,39812,21551
2024,39079,11249,2953,2023,32588,318,22414,13354
2024,39081,22317,8592,2023,64855,1180,46058,22424
2024,39083,23112,8698,2023,62888,1233,41507,19489
2024,39085,72924,54484,2023,232101,11833,168893,63690
2024,39087,20013,6514,2023,57385,616,40586,21386
2024,39089,61359,32832,2023,180311,4223,123060,50072
2024,39091,18182,5027,2023,46140,1044,32207,16470
2024,39093,83297,74207,2023,314588,33992,220277,87343
2024,39095,82398,106320,2023,428748,32860,292306,113923
2024,39097,14737,5713,2023,44126,1300,31985,15627
2024,39099,61249,50636,2023,227063,14765,162557,72676
2024,39101,19219,7902,2023,65145,2034,45947,25157
2024,39103,66308,39771,2023,183049,4803,129741,44741
2024,39105,8127,2202,2023,22072,199,15830,9515
2024,39107,19710,3865,2023,42438,922,27956,13644
2024,39109,42677,15969,2023,109549,2294,76153,34331
2024,39111,5396,1336,2023,13308,24,9615,5835
2024,39113,125566,126767,2023,535528,21691,367919,130809
2024,39115,5168,1560,2023,13758,146,9857,5411
2024,39117,14609,4100,2023,35214,641,24907,13705
2024,39119,28147,10874,2023,86382,1111,59220,30557
2024,39121,5050,1069,2023,14252,181,10927,7090
2024,39123,14872,8866,2023,40161,2093,30540,12556
2024,39125,7203,1987,2023,18800,1043,12991,6986
2024,39127,13062,3800,2023,35474,288,24557,14401
2024,39129,21607,7397,2023,59407,1046,41544,21850
2024,39131,9352,2793,2023,27080,164,18589,11767
2024,39133,47681,34759,2023,161421,3591,107455,46060
2024,39135,17146,4343,2023,40802,441,28663,15321
2024,39137,16576,2996,2023,34352,2264,23012,9941
2024,39139,41298,16591,2023,125138,2757,87633,45955
2024,39141,22801,9846,2023,76748,1070,54654,30681
2024,39143,19311,10139,2023,58770,6247,41669,20590
2024,39145,22978,8021,2023,73118,1093,50933,27896
2024,39147,17241,7765,2023,54861,3031,37060,18470
2024,39149,20740,4350,2023,48007,807,32127,15903
2024,39151,111478,71090,2023,373764,10887,262124,115870
2024,39153,125910,145005,2023,538087,13884,382643,138842
2024,39155,55983,39758,2023,201367,4382,144401,76500
2024,39157,30652,12032,2023,92585,4070,63945,35916
2024,39159,23982,12934,2023,65293,1905,44491,15530
2024,39161,11616,3000,2023,28824,1138,19957,10172
2024,39163,4531,1169,2023,12686,11,8956,5464
2024,39165,91132,47128,2023,246364,8187,167733,49638
2024,39167,22161,8600,2023,59318,720,42579,18778
2024,39169,36764,15898,2023,116618,2781,76835,39716
2024,39171,13461,4644,2023,36862,1934,25867,13550
2024,39173,36877,30016,2023,131795,8425,83333,27673
2024,39175,8564,2731,2023,21699,665,15240,7946
2024,40001,5860,1289,2023,19595,1328,12777,7965
2024,40003,1891,236,2023,5685,332,4342,2158
2024,40005,4832,779,2023,14255,605,10133,5843
2024,40007,1938,158,2023,5041,1381,3356,1558
2024,40009,6474,1093,2023,22202,2912,15133,8725
2024,40011,3054,671,2023,8603,1012,6005,3117
2024,40013,13999,3569,2023,47237,3612,31483,14703
2024,40015,6886,2414,2023,26626,4369,18165,10852
2024,40017,50551,21038,2023,162621,18557,107833,37872
2024,40019,14945,4277,2023,48255,3950,32280,15831
2024,40021,11637,5826,2023,47621,3665,30632,12913
2024,40023,4633,944,2023,14299,681,9717,5153
2024,40025,860,66,2023,2247,557,1535,742
2024,40027,67225,49432,2023,297545,31631,191179,62066
2024,40029,2155,345,2023,5275,232,3565,2036
2024,40031,20823,12823,2023,121699,17481,78537,33285
2024,40033,2067,392,2023,5475,407,3848,1899
2024,40035,4740,1212,2023,14215,516,9918,5425
2024,40037,24098,6643,2023,72353,3706,49584,24723
2024,40039,7693,2279,2023,28332,5530,16639,6648
2024,40041,14407,3475,2023,41017,1774,30011,15453
2024,40043,1984,209,2023,4433,267,2848,1505
2024,40045,1585,197,2023,3717,330,2598,1274
2024,40047,16593,4849,2023,62322,9234,40397,19892
2024,40049,9063,1802,2023,25779,2575,17305,9588
2024,40051,20378,4536,2023,55868,3785,37972,18633
2024,40053,1794,295,2023,4137,191,2872,1411
2024,40055,1511,304,2023,5498,703,3985,2130
2024,40057,709,165,2023,2452,773,1709,872
2024,40059,1284,147,2023,3231,753,2192,928
2024,40061,4156,718,2023,11667,592,8025,4451
2024,40063,3744,831,2023,13411,817,9369,5251
2024,40065,6295,1602,2023,24730,6075,15910,6434
2024,40067,2020,319,2023,5377,579,3654,2103
2024,40069,3462,684,2023,10334,623,6836,3348
2024,40071,12483,4136,2023,43731,3833,28985,12999
2024,40073,5745,923,2023,15288,2746,9877,5110
2024,40075,2569,658,2023,8458,999,5840,2724
2024,40077,3356,681,2023,9495,375,6523,3563
2024,40079,15333,3184,2023,48728,3782,32729,18198
2024,40081,12495,2712,2023,33917,1278,23403,12350
2024,40083,17748,5901,2023,50905,4376,34264,13826
2024,40085,3510,689,2023,10196,1785,6857,3518
2024,40087,17005,4031,2023,43779,4086,29340,12472
2024,40089,9485,1696,2023,30825,2046,20301,11330
2024,40091,6387,1937,2023,19237,581,14125,7833
2024,40093,3087,327,2023,7656,808,5206,2730
2024,40095,5348,1169,2023,15628,2743,10793,5723
2024,40097,13514,3529,2023,39406,1495,27086,13562
2024,40099,4689,1080,2023,13807,965,9585,5345
2024,40101,16550,7400,2023,66471,4814,44269,20873
2024,40103,3853,1009,2023,10909,475,7545,3333
2024,40105,3774,720,2023,9392,282,6519,3349
2024,40107,3080,854,2023,11304,402,7885,4538
2024,40109,143618,138769,2023,800487,157068,521753,185970
2024,40111,10100,3979,2023,36922,1838,24758,11407
2024,40113,14404,5867,2023,45963,2051,32770,15324
2024,40115,8490,2511,2023,30360,1792,19654,9449
2024,40117,5405,1355,2023,15689,558,10864,6040
2024,40119,17962,10560,2023,82290,5287,44715,15144
2024,40121,13841,3473,2023,43629,2431,30399,14724
2024,40123,10967,3895,2023,38158,2401,25225,10543
2024,40125,20915,7266,2023,73011,4501,48670,22717
2024,40127,4025,616,2023,10787,434,7721,4445
2024,40129,1548,160,2023,3378,282,2333,989
2024,40131,35942,10146,2023,97235,5690,66240,27054
2024,40133,5951,1951,2023,23550,1262,15667,8144
2024,40135,12491,2907,2023,39676,1925,27016,14537
2024,40137,15092,3236,2023,43314,3649,30143,15814
2024,40139,4319,793,2023,20880,10679,12651,6827
2024,40141,2006,500,2023,6967,1927,4682,2663
2024,40143,145241,106105,2023,673708,102464,442433,156056
2024,40145,28487,9330,2023,84339,6937,57774,22508
2024,40147,16836,5793,2023,52895,3538,35869,14974
2024,40149,4030,551,2023,10857,1021,7458,3788
2024,40151,2955,614,2023,8619,635,5358,2311
2024,40153,6231,967,2023,20260,3021,13696,6874
2024,41001,7060,2343,2023,16796,842,12535,4391
2024,41003,14187,33909,2023,96359,8751,59446,10717
2024,41005,106387,130580,2023,422308,41314,302789,80484
2024,41007,9913,12533,2023,41343,4020,31093,10211
2024,41009,17227,12895,2023,53178,3388,38609,16378
2024,41011,20849,13731,2023,64832,4540,48963,19354
2024,41013,12012,3836,2023,25651,1961,19116,7749
2024,41015,8000,5737,2023,23463,1769,19191,7001
2024,41017,54850,68108,2023,203026,18140,150533,37074
2024,41019,41561,18386,2023,111807,7133,83165,33494
2024,41021,805,291,2023,2002,174,1499,651
2024,41023,3490,816,2023,7238,306,5638,2375
2024,41025,3307,797,2023,7515,412,5559,2533
2024,41027,3854,8364,2023,23958,7260,16693,5870
2024,41029,61743,54065,2023,222563,31625,160714,55812
2024,41031,7454,3941,2023,24973,5236,17400,7429
2024,41033,31129,16928,2023,88069,7434,65715,27021
2024,41035,24675,9856,2023,69812,9387,49358,21714
2024,41037,3421,681,2023,8254,853,6146,2740
2024,41039,77376,125775,2023,382628,39044,266887,79183
2024,41041,11645,17112,2023,50632,5036,39558,12705
2024,41043,43078,25749,2023,129794,13343,91102,34368
2024,41045,7710,2884,2023,31701,10628,20708,10003
2024,41047,77089,73970,2023,346532,98133,232000,90689
2024,41049,3408,1138,2023,12249,5050,7621,4318
2024,41051,70759,325927,2023,803863,105204,597528,145164
2024,41053,23768,22034,2023,88553,13459,58331,18671
2024,41055,890,233,2023,1908,92,1364,615
2024,41057,7971,7747,2023,27471,3024,21007,7845
2024,41059,20973,9251,2023,80087,23185,53149,25167
2024,41061,9942,4107,2023,26192,1400,17561,6922
2024,41063,3366,1573,2023,7532,298,5640,1812
2024,41065,6837,6069,2023,26603,5260,18835,7580
2024,41067,92590,193013,2023,600266,109211,420271,101312
2024,41069,618,210,2023,1434,65,1157,469
2024,41071,29536,26011,2023,108122,18490,74129,26582
2024,42001,40248,19842,2023,105183,7919,74009,36918
2024,42003,283595,429916,2023,1240476,34884,900575,269483
2024,42005,28296,8553,2023,65069,580,48500,26906
2024,42007,56837,37196,2023,166993,3781,122830,50691
2024,42009,23658,4336,2023,47503,567,34910,20395
2024,42011,116677,91125,2023,429989,103077,294011,142529
2024,42013,46352,18127,2023,121854,1781,87152,45314
2024,42015,22937,7990,2023,59971,942,42543,23589
2024,42017,198722,198431,2023,645993,40952,466402,152264
2024,42019,79773,40661,2023,195870,3799,140605,50988
2024,42021,49408,21177,2023,132355,2646,95281,48873
2024,42023,1654,538,2023,4475,83,3493,2063
2024,42025,23708,11394,2023,65191,4154,48194,26141
2024,42027,38829,41119,2023,158041,5630,97523,33043
2024,42029,137299,184281,2023,540896,44329,371656,90763
2024,42031,15036,4562,2023,37297,414,25366,13933
2024,42033,30481,9647,2023,78902,2271,58882,33001
2024,42035,12965,5395,2023,37707,690,25007,14027
2024,42037,21190,11083,2023,65055,2393,43838,23246
2024,42039,29685,12858,2023,83189,1269,58820,32817
2024,42041,80267,66255,2023,264422,12913,184003,68399
2024,42043,69474,78327,2023,287484,32425,199521,81001
2024,42045,123421,201324,2023,576195,27733,392827,132093
2024,42047,12543,4483,2023,30703,306,22753,12539
2024,42049,68866,67456,2023,269544,12487,186451,83785
2024,42051,43633,19548,2023,126967,1707,93622,53868
2024,42053,1902,724,2023,6785,338,5948,3922
2024,42055,59604,23543,2023,156626,11218,110515,58198
2024,42057,7039,1102,2023,14545,181,10630,6277
2024,42059,12319,4592,2023,35265,546,25315,13775
2024,42061,17627,5368,2023,43844,885,31831,18904
2024,42063,29215,12697,2023,83213,1482,54468,26012
2024,42065,18235,4707,2023,44099,433,31496,18965
2024,42067,9721,2290,2023,23419,932,16435,10810
2024,42069,56261,59510,2023,215834,19782,152357,66709
2024,42071,166261,120119,2023,555151,62574,377538,178609
2024,42073,31347,15440,2023,85423,1756,61529,31299
2024,42075,48282,24734,2023,143592,21113,99085,53087
2024,42077,91207,96317,2023,375408,101194,257679,107877
2024,42079,92444,62504,2023,325978,51917,232115,107832
2024,42081,41961,17216,2023,113570,2562,79987,37843
2024,42083,14401,5115,2023,40149,731,28598,15531
2024,42085,37761,20145,2023,109852,1751,78713,38698
2024,42087,17184,4735,2023,46074,1001,32321,20761
2024,42089,42676,42007,2023,167784,29702,119743,54062
2024,42091,198311,317103,2023,861225,55791,607780,164796
2024,42093,5944,3862,2023,18079,531,13257,5453
2024,42095,89817,86655,2023,315927,47075,222029,89395
2024,42097,30240,12863,2023,90925,4412,66645,38416
2024,42099,19073,6385,2023,45988,1045,33198,18750
2024,42101,144311,568571,2023,1582432,240543,1088969,461890
2024,42103,21537,13132,2023,59691,7177,45250,18248
2024,42105,7334,1675,2023,16276,272,11923,6671
2024,42107,51665,20882,2023,143259,9744,104202,57374
2024,42109,14664,5239,2023,39711,990,26673,15645
2024,42111,31993,8596,2023,73255,1096,54932,32550
2024,42113,2721,976,2023,5849,117,4876,2787
2024,42115,16114,6093,2023,38349,875,28603,15677
2024,42117,16272,5100,2023,41078,670,29448,15229
2024,42119,12969,8015,2023,42570,2093,29162,15935
2024,42121,18883,7624,2023,50096,587,37206,20404
2024,42123,14345,6212,2023,38174,453,28168,14794
2024,42125,75929,44910,2023,209778,4115,152026,62616
2024,42127,20071,9150,2023,51189,2528,39450,20464
2024,42129,135008,74904,2023,353345,5402,263301,104853
2024,42131,10222,4680,2023,26075,612,18808,10004
2024,42133,154884,91926,2023,459312,41774,322163,150261
2024,44001,10048,17458,2023,50568,2043,35592,9743
2024,44003,44526,46269,2023,170658,10976,127456,45121
2024,44005,16027,27332,2023,85095,5583,63729,15495
2024,44007,112443,150102,2023,658977,164093,458321,194375
2024,44009,31247,42589,2023,130073,4808,91407,22804
2024,45001,8509,3399,2023,24352,475,17240,8842
2024,45003,53592,31298,2023,171949,11974,121731,48595
2024,45005,813,2165,2023,7738,799,5588,3477
2024,45007,71828,25281,2023,207218,10188,142807,60908
2024,45009,2376,3245,2023,13164,223,8947,4744
2024,45011,5605,4082,2023,20565,576,13923,8300
2024,45013,59123,44002,2023,192123,23539,138607,37677
2024,45015,64777,46416,2023,238723,21150,159984,60928
2024,45017,4474,3339,2023,14150,539,10590,4900
2024,45019,99265,111427,2023,414711,29019,298970,76728
2024,45021,18697,5939,2023,56299,2944,38454,19768
2024,45023,9030,6353,2023,32177,877,22535,12503
2024,45025,11682,6520,2023,43575,2328,30551,18075
2024,45027,9065,7064,2023,31037,945,22623,12412
2024,45029,10696,7376,2023,38623,1562,26998,14736
2024,45031,17017,12977,2023,62754,1486,43184,21634
2024,45033,6526,5241,2023,28031,931,18540,11546
2024,45035,43839,32489,2023,164322,11323,111681,38908
2024,45037,9092,4659,2023,26508,1650,19649,9968
2024,45039,4792,6277,2023,20741,486,15352,8318
2024,45041,32615,27706,2023,136921,4391,92623,42259
2024,45043,22326,14965,2023,64200,2259,48751,17297
2024,45045,158541,100074,2023,537575,60182,367656,118810
2024,45047,19715,10766,2023,69329,4848,46633,20501
2024,45049,3801,4328,2023,18555,750,13172,8158
2024,45051,141719,62325,2023,368937,25961,276831,110812
2024,45053,9900,8144,2023,30658,5259,22389,9833
2024,45055,21289,11826,2023,66924,3744,46415,20544
2024,45057,33623,20146,2023,100905,7062,72875,28191
2024,45059,21110,8769,2023,67904,4303,47275,25288
2024,45061,3078,4505,2023,16330,379,11756,7174
2024,45063,96965,47815,2023,300370,22831,208330,73166
2024,45065,3565,2513,2023,9701,65,8047,3961
2024,45067,5906,7316,2023,28900,753,20185,13094
2024,45069,4896,5137,2023,26285,701,18924,12889
2024,45071,12067,5841,2023,38121,3403,26039,12041
2024,45073,31772,9987,2023,79566,4642,58551,25257
2024,45075,13750,22832,2023,83531,2100,56492,28290
2024,45077,45728,13891,2023,132604,6809,84012,35882
2024,45079,58019,121110,2023,418725,26339,265906,77244
2024,45081,6452,2454,2023,18958,3144,13330,7161
2024,45083,103032,50710,2023,338096,29892,228901,99046
2024,45085,21215,23425,2023,104853,4500,69534,29961
2024,45087,8102,4084,2023,26990,520,19380,11047
2024,45089,5524,8634,2023,30517,718,22227,13264
2024,45091,88239,59600,2023,288559,20331,196186,60873
2024,46003,1056,302,2023,2573,164,1719,779
2024,46005,4826,2017,2023,19279,2772,12392,5701
2024,46007,676,389,2023,3354,156,1856,892
2024,46009,2236,697,2023,7024,162,5169,2439
2024,46011,8575,5978,2023,34968,1504,19051,5019
2024,46013,10645,6075,2023,38079,1687,25250,9273
2024,46015,1694,666,2023,5261,81,3595,1503
2024,46017,164,291,2023,1757,58,916,568
2024,46019,4024,942,2023,10538,442,7229,3567
2024,46021,706,120,2023,1481,87,1127,470
2024,46023,2551,1000,2023,9281,250,5692,2503
2024,46025,1382,415,2023,3876,178,2557,1374
2024,46027,2574,2944,2023,15133,488,7401,2371
2024,46029,9349,3840,2023,28556,854,19498,9015
2024,46031,631,495,2023,3859,14,2131,1110
2024,46033,4313,1567,2023,8686,251,7152,2571
2024,46035,6208,2743,2023,19936,941,13467,5807
2024,46037,1876,1000,2023,5460,145,3878,1648
2024,46039,1717,528,2023,4318,139,2941,1262
2024,46041,793,1032,2023,5230,79,2794,1481
2024,46043,1419,219,2023,2823,68,1919,815
2024,46045,1618,384,2023,4033,82,2856,1050
2024,46047,3135,1030,2023,7179,237,5570,2168
2024,46049,920,183,2023,2137,51,1445,538
2024,46051,2594,946,2023,7544,506,5242,2247
2024,46053,1790,426,2023,3993,43,2764,1348
2024,46055,1004,105,2023,1708,1,1233,562
2024,46057,2560,610,2023,6288,341,3649,1689
2024,46059,1376,365,2023,3045,57,2075,647
2024,46061,1611,399,2023,3473,43,2195,857
2024,46063,754,48,2023,1092,21,817,305
2024,46065,5379,2838,2023,17732,543,12294,3846
2024,46067,2918,755,2023,7393,193,4967,1841
2024,46069,530,148,2023,1305,19,990,401
2024,46071,753,357,2023,2826,12,1658,940
2024,46073,708,276,2023,1845,140,1386,700
2024,46075,477,60,2023,1030,11,647,289
2024,46077,1989,760,2023,5210,142,3552,1665
2024,46079,3819,1978,2023,11052,560,7701,2448
2024,46081,9904,5074,2023,26574,974,19010,6143
2024,46083,22621,12981,2023,68286,1970,44685,12366
2024,46085,993,422,2023,3717,28,2324,1174
2024,46087,2227,733,2023,5732,196,3741,1479
2024,46089,1087,188,2023,2278,28,1640,882
2024,46091,1288,782,2023,4355,266,2927,1287
2024,46093,10887,3421,2023,30297,1418,20544,6907
2024,46095,434,285,2023,2043,7,1237,699
2024,46097,841,293,2023,2299,41,1661,838
2024,46099,51842,39923,2023,200689,12757,132644,42925
2024,46101,2068,1052,2023,6371,343,4251,1480
2024,46103,35009,20051,2023,112081,6165,77753,25179
2024,46105,1342,228,2023,3058,26,2141,864
2024,46107,1059,214,2023,2430,0,1735,746
2024,46109,2514,1560,2023,10219,243,6605,3007
2024,46111,929,259,2023,2370,100,1585,781
2024,46115,2145,921,2023,6283,165,4507,1899
2024,46117,1260,447,2023,3012,61,2181,910
2024,46119,716,168,2023,1481,0,1103,475
2024,46121,497,1570,2023,9293,212,4682,2180
2024,46123,2150,470,2023,5607,92,4068,1915
2024,46125,3374,1044,2023,8772,285,6002,2419
2024,46127,6160,2548,2023,16916,748,11663,3863
2024,46129,1940,481,2023,5298,63,3787,1484
2024,46135,6650,3883,2023,23379,1309,16346,6676
2024,46137,388,366,2023,2410,30,1507,831
2024,47001,24582,11525,2023,78175,3000,55857,23388
2024,47003,15772,4122,2023,51291,7968,34147,19272
2024,47005,5886,1317,2023,15948,430,11539,7051
2024,47007,5254,891,2023,14905,495,11607,8231
2024,47009,50699,17664,2023,137747,6097,99984,44708
2024,47011,38836,9852,2023,109743,8827,75333,31971
2024,47013,13115,2305,2023,39568,576,28633,16819
2024,47015,5682,1132,2023,14661,428,10397,5959
2024,47017,9547,2233,2023,28461,849,19514,10378
2024,47019,20167,4454,2023,56462,1327,41961,20650
2024,47021,14987,5464,2023,41500,1903,29614,13762
2024,47023,6206,1286,2023,17452,546,11400,6185
2024,47025,11463,1971,2023,32221,516,23134,13141
2024,47027,3117,614,2023,7621,154,5578,3586
2024,47029,13105,2415,2023,36503,1066,26491,16883
2024,47031,19174,5440,2023,58940,3527,40008,20184
2024,47033,4674,1196,2023,13937,1560,9556,5372
2024,47035,27399,6996,2023,62529,2106,48450,24302
2024,47037,102256,181862,2023,709846,96481,493272,146813
2024,47039,4596,819,2023,11499,406,8351,5108
2024,47041,7599,1706,2023,20551,1551,14536,8241
2024,47043,19002,5913,2023,55197,2688,38559,19209
2024,47045,11603,2707,2023,36681,1404,25043,12891
2024,47047,16756,6720,2023,42653,1542,31991,13461
2024,47049,8555,1149,2023,18948,374,13693,8072
2024,47051,15016,4529,2023,43478,1604,29973,14882
2024,47053,16346,5100,2023,50610,1607,34428,18243
2024,47055,10394,2974,2023,30442,844,21500,11791
2024,47057,9630,1432,2023,23929,840,17556,10311
2024,47059,25586,5145,2023,70919,2662,51319,28846
2024,47061,5334,948,2023,13665,231,9757,6329
2024,47063,20154,5132,2023,64930,9561,44322,22871
2024,47065,97195,74437,2023,370913,28357,261480,84234
2024,47067,2558,334,2023,6790,74,4827,3034
2024,47069,5793,3527,2023,25477,530,18356,11292
2024,47071,10293,1704,2023,26939,649,19517,11625
2024,47073,22066,3987,2023,57446,1058,42150,23803
2024,47075,3286,3311,2023,17672,834,12407,7876
2024,47077,10083,1902,2023,27906,793,19421,11719
2024,47079,11629,3286,2023,32345,940,23418,13319
2024,47081,8265,1968,2023,25229,782,18044,10429
2024,47083,2989,773,2023,8293,245,5883,3449
2024,47085,6400,1767,2023,19074,525,13539,7379
2024,47087,4586,1040,2023,11882,302,8926,5667
2024,47089,21068,4503,2023,55835,2525,40208,19098
2024,47091,6829,1212,2023,18073,541,13781,7847
2024,47093,130815,87516,2023,487401,29579,326900,105562
2024,47095,1493,429,2023,6691,295,5137,3659
2024,47097,5633,2571,2023,24933,652,16951,11053
2024,47099,16429,2939,2023,44901,1202,30208,17120
2024,47101,4852,991,2023,12784,372,8975,4887
2024,47103,13208,2782,2023,35617,1393,24869,14003
2024,47105,25226,7625,2023,56996,5708,42439,17765
2024,47107,19673,4207,2023,54135,2369,38264,20200
2024,47109,9437,1727,2023,25933,520,18302,11174
2024,47111,8958,1277,2023,25793,1751,17135,11599
2024,47113,23385,16115,2023,98845,4920,66635,29604
2024,47115,10788,3026,2023,29010,672,20884,11608
2024,47117,12426,3390,2023,35276,2402,24086,11220
2024,47119,37376,14145,2023,104855,8178,73091,30290
2024,47121,5085,968,2023,13076,131,9504,5926
2024,47123,18526,3608,2023,47054,2095,34080,18587
2024,47125,47795,32736,2023,227957,25020,142527,46923
2024,47127,3060,542,2023,6611,109,4768,2271
2024,47129,7427,1054,2023,21193,378,15539,9283
2024,47131,10596,2221,2023,30570,1614,21523,12756
2024,47133,9042,1931,2023,22807,454,16200,10235
2024,47135,3139,558,2023,8561,243,5891,3826
2024,47137,2441,487,2023,5062,41,3804,2230
2024,47139,7302,1356,2023,17702,369,13026,6814
2024,47141,25554,8991,2023,81366,6538,52302,23217
2024,47143,11974,2312,2023,33299,2032,23181,13277
2024,47145,21011,6073,2023,54403,1225,40494,19488
2024,47147,26260,8428,2023,74291,7150,50891,25833
2024,47149,88811,56656,2023,351591,40625,223304,79796
2024,47151,8608,942,2023,21969,29,15083,10229
2024,47153,6522,1292,2023,16409,719,11889,6627
2024,47155,35207,8322,2023,98802,8822,70960,33702
2024,47157,118917,201759,2023,922195,78252,606855,228241
2024,47159,7655,1595,2023,20196,599,14180,7673
2024,47161,5389,1160,2023,13859,399,9906,5610
2024,47163,58154,16624,2023,159693,3905,117152,50373
2024,47165,68767,27874,2023,200553,13759,138609,51546
2024,47167,20303,6178,2023,61339,1829,41753,19671
2024,47169,3359,856,2023,11805,431,8490,5700
2024,47171,6876,1578,2023,17779,1143,13166,6535
2024,47173,7384,1216,2023,20141,447,14311,8592
2024,47175,2718,524,2023,6293,29,4562,2673
2024,47177,13192,3647,2023,41587,4080,28587,17862
2024,47179,42299,18131,2023,134693,6356,92789,35473
2024,47181,6016,762,2023,16251,415,12327,7715
2024,47183,10541,2725,2023,32959,977,21122,12132
2024,47185,10717,2105,2023,27764,837,19914,11272
2024,47187,94562,47695,2023,254609,14809,167620,28966
2024,47189,56425,23855,2023,153587,9258,105888,37310
2024,48001,15597,3635,2023,57825,11182,41749,21735
2024,48003,5205,806,2023,18518,10525,11099,6144
2024,48005,26049,8146,2023,86791,20104,56893,27986
2024,48007,10090,2831,2023,24449,6542,19209,7795
2024,48009,4592,520,2023,8734,787,6121,2805
2024,48011,1029,77,2023,1883,180,1289,520
2024,48013,13142,5153,2023,50058,32389,32188,18600
2024,48015,12457,2816,2023,30712,8359,21285,9737
2024,48017,1395,332,2023,7044,4548,4110,2330
2024,48019,10939,2532,2023,21589,4366,16701,6399
2024,48021,23301,15989,2023,102370,45026,66882,32061
2024,48023,1471,184,2023,3464,473,2485,1200
2024,48025,6111,2606,2023,31000,19187,21495,11899
2024,48027,75161,53973,2023,379811,98037,233858,82065
2024,48029,337545,411389,2023,2037344,1212855,1324701,503845
2024,48031,6447,1973,2023,12008,2209,9252,3081
2024,48033,370,16,2023,723,110,447,162
2024,48035,7969,1524,2023,18546,3492,13436,5734
2024,48037,27122,9282,2023,92321,7726,62393,28698
2024,48039,95867,63976,2023,381650,119727,251292,89527
2024,48041,56671,33844,2023,237980,64536,126367,40991
2024,48043,2545,1969,2023,9464,3980,7168,1934
2024,48045,666,72,2023,1223,321,962,465
2024,48047,1077,1308,2023,6987,6290,5159,3313
2024,48049,14593,2132,2023,38294,8503,26679,12748
2024,48051,7590,1705,2023,18327,4003,13141,6457
2024,48053,21795,6114,2023,51064,11782,36825,15123
2024,48055,8880,6618,2023,47184,26565,31524,18323
2024,48057,5939,1853,2023,19921,9816,13932,6835
2024,48059,6180,761,2023,14017,1487,9804,4263
2024,48061,60991,54258,2023,423192,378059,254070,138268
2024,48063,4011,1201,2023,12652,3377,8393,4299
2024,48065,2866,290,2023,5802,608,3993,1538
2024,48067,11693,2406,2023,28582,1467,20190,10909
2024,48069,1594,418,2023,7328,4783,4467,2448
2024,48071,20567,4192,2023,49178,12418,31302,11603
2024,48073,16593,3744,2023,51143,12143,33996,17874
2024,48075,1991,263,2023,6772,2305,4931,2646
2024,48077,5288,584,2023,10402,705,7672,3339
2024,48079,735,148,2023,2520,1501,1651,1040
2024,48081,1623,179,2023,3315,691,2451,1155
2024,48083,3712,428,2023,7765,1252,5707,2559
2024,48085,279534,222115,2023,1116601,178350,740018,147557
2024,48087,1066,135,2023,2733,891,1720,776
2024,48089,7824,2108,2023,20736,6218,14221,7014
2024,48091,74756,27680,2023,174552,48664,122914,33816
2024,48093,5679,834,2023,13786,4002,9637,4627
2024,48095,1038,153,2023,3301,1024,2614,1665
2024,48097,16975,3310,2023,42473,8719,28744,12311
2024,48099,16688,6959,2023,83772,16992,53330,21114
2024,48101,565,89,2023,1302,338,936,423
2024,48103,1195,186,2023,4623,3160,2900,1898
2024,48105,1087,323,2023,2881,1795,2209,1319
2024,48107,1416,451,2023,5072,2831,3297,1971
2024,48109,451,319,2023,2181,1899,1607,1194
2024,48111,1285,152,2023,7180,3781,4396,2857
2024,48113,322569,511118,2023,2603816,1061995,1693339,690998
2024,48115,2810,667,2023,12311,6815,8037,5047
2024,48117,3233,1019,2023,18487,14000,10769,7492
2024,48119,2250,397,2023,5345,466,3752,1740
2024,48121,250521,191503,2023,945644,191815,635931,148441
2024,48123,6515,1270,2023,19853,7017,13830,7663
2024,48125,844,146,2023,1641,558,1193,604
2024,48127,1653,1765,2023,8507,7403,5170,3192
2024,48129,1512,174,2023,3276,399,2211,1087
2024,48131,2439,2003,2023,9824,8038,6542,4012
2024,48133,7397,918,2023,17846,3013,12177,5886
2024,48135,32429,9881,2023,163206,101602,98069,51824
2024,48137,869,133,2023,1392,610,922,408
2024,48139,64763,33850,2023,203927,56354,131896,51855
2024,48141,105124,143156,2023,866275,716543,542719,240131
2024,48143,15349,2871,2023,43244,9508,25650,10058
2024,48145,4520,1713,2023,17063,4166,12157,5826
2024,48147,13648,2607,2023,36525,4616,25860,12620
2024,48149,10699,2515,2023,24783,5355,18150,8401
2024,48151,1487,330,2023,3661,965,2727,1259
2024,48153,1715,358,2023,5294,3051,3584,1979
2024,48155,448,92,2023,1079,118,677,326
2024,48157,173592,179310,2023,859721,210272,556652,142852
2024,48159,4473,813,2023,10522,1500,7427,2693
2024,48161,7500,1499,2023,19813,3321,13942,6786
2024,48163,3060,1848,2023,18019,13977,11315,7936
2024,48165,5840,538,2023,21904,8723,11794,8540
2024,48167,100295,56732,2023,354721,91727,240596,80077
2024,48169,1374,213,2023,5435,2717,3748,2433
2024,48171,13202,3160,2023,27202,6092,20328,7199
2024,48173,623,38,2023,1070,290,780,209
2024,48175,3178,778,2023,7096,2288,5200,2384
2024,48177,5981,1729,2023,19764,10035,13004,8073
2024,48179,6691,845,2023,21131,6499,13929,7157
2024,48181,50556,14800,2023,139988,22190,94534,38412
2024,48183,33026,13294,2023,124860,24748,80624,33483
2024,48185,11197,2734,2023,30385,7691,20996,10250
2024,48187,54691,29573,2023,178368,68626,119682,47047
2024,48189,7283,1903,2023,32247,19597,19972,11620
2024,48191,992,149,2023,2827,975,2054,1053
2024,48193,3809,625,2023,8320,1129,5845,2755
2024,48195,1842,146,2023,5182,2575,3227,1518
2024,48197,1210,188,2023,3529,949,2489,1203
2024,48199,24691,3347,2023,57126,3723,38683,18336
2024,48201,722695,808771,2023,4758579,2065668,3073858,1236861
2024,48203,22658,7369,2023,69584,10129,46005,19932
2024,48205,1843,163,2023,5307,1629,4000,2073
2024,48207,1918,313,2023,5390,1402,3907,2020
2024,48209,58438,65528,2023,256429,100152,159174,47363
2024,48211,1412,190,2023,3311,1099,2209,1069
2024,48213,31379,6919,2023,83658,11964,59212,27264
2024,48215,110760,104517,2023,880921,809705,506571,282756
2024,48217,13669,2919,2023,36664,8284,25097,11856
2024,48219,6616,1323,2023,21455,10644,13695,6651
2024,48221,30174,6070,2023,64198,8569,46666,16633
2024,48223,13754,2917,2023,37351,6812,25219,12461
2024,48225,7247,2065,2023,22042,3096,16304,8981
2024,48227,7817,1759,2023,33127,15547,22763,11822
2024,48229,759,275,2023,3331,2181,2188,1424
2024,48231,36137,10212,2023,104917,21575,69177,32692
2024,48233,7273,913,2023,20413,5011,13401,6191
2024,48235,761,105,2023,1432,428,1067,392
2024,48237,3819,363,2023,8623,1589,5873,3102
2024,48239,5386,907,2023,15081,4948,10312,5552
2024,48241,13162,2615,2023,32807,2248,22767,13147
2024,48243,699,450,2023,1740,540,1403,378
2024,48245,46596,38936,2023,253939,59759,169482,80511
2024,48247,725,856,2023,4797,3757,2406,1496
2024,48249,7636,5577,2023,38863,30860,24708,14352
2024,48251,60752,19247,2023,188820,46403,123479,58170
2024,48253,5988,907,2023,19968,5671,14783,8507
2024,48255,4001,1051,2023,14819,7863,10496,6256
2024,48257,44063,24726,2023,160718,42372,101359,43284
2024,48259,22668,6355,2023,46971,11114,32551,7485
2024,48261,115,41,2023,52,47,47,34
2024,48263,390,50,2023,727,86,565,199
2024,48265,21615,6315,2023,53166,14049,39070,15137
2024,48267,2126,261,2023,4355,1114,3361,1551
2024,48269,129,6,2023,189,49,154,70
2024,48271,1063,346,2023,3140,1678,2551,923
2024,48273,5612,4338,2023,30629,21830,17357,8504
2024,48275,1156,214,2023,3322,1124,2308,1195
2024,48277,17044,4079,2023,50421,4659,34339,15723
2024,48279,3398,729,2023,12919,7445,8091,4588
2024,48281,8961,2232,2023,22267,4477,15684,6193
2024,48283,1417,933,2023,6946,5629,4496,3521
2024,48285,9215,1235,2023,20479,4046,14238,7191
2024,48287,6724,1640,2023,17758,4649,12604,6896
2024,48289,7982,1033,2023,16067,2594,11370,5906
2024,48291,25241,5952,2023,97993,36192,60529,36370
2024,48293,7081,1921,2023,22185,5126,15554,7130
2024,48295,1125,123,2023,2964,1095,1854,833
2024,48297,4307,761,2023,11444,4815,8323,4370
2024,48299,10902,2613,2023,22011,2787,17478,6212
2024,48301,86,10,2023,54,0,52,14
2024,48303,86547,37148,2023,314633,112607,188789,69352
2024,48305,2175,371,2023,5667,2356,3708,1673
2024,48307,3033,455,2023,7565,2325,5377,2702
2024,48309,64606,33863,2023,263608,70219,162133,63568
2024,48311,448,37,2023,623,339,354,197
2024,48313,4498,964,2023,13574,3509,9138,5329
2024,48315,3577,1101,2023,9631,436,7096,3542
2024,48317,1825,247,2023,5230,2383,3210,1858
2024,48319,2076,434,2023,3951,826,2781,1018
2024,48321,9957,3231,2023,36274,15678,24076,11097
2024,48323,9285,6373,2023,57770,54797,33346,20217
2024,48325,17464,6950,2023,52419,26780,35653,16632
2024,48327,861,170,2023,1964,549,1454,701
2024,48329,46944,11351,2023,171496,76792,107587,40097
2024,48331,8691,2331,2023,25268,6466,17426,9276
2024,48333,2418,310,2023,4499,851,3450,1405
2024,48335,2144,352,2023,8989,3481,6085,3312
2024,48337,9825,1208,2023,20599,2463,14439,7349
2024,48339,221964,82277,2023,654722,177581,429285,142304
2024,48341,4458,860,2023,21234,12743,12544,8122
2024,48343,4092,1312,2023,12014,1288,8238,4022
2024,48345,612,35,2023,1267,102,953,473
2024,48347,17575,7690,2023,64897,13825,37917,16674
2024,48349,14983,4708,2023,53735,16796,34132,16966
2024,48351,4781,952,2023,12193,415,8828,5750
2024,48353,4048,1020,2023,14565,5396,9584,5068
2024,48355,67201,53248,2023,352829,219138,233756,102814
2024,48357,2723,269,2023,9852,5484,5964,3328
2024,48359,895,74,2023,2097,513,1247,452
2024,48361,30191,5945,2023,84993,7763,56615,25903
2024,48363,11093,2143,2023,28920,5846,19902,9886
2024,48365,9500,1905,2023,22624,2266,15452,7041
2024,48367,75168,14872,2023,158079,22268,107052,37945
2024,48369,2123,368,2023,9752,6446,6170,3419
2024,48371,3042,1144,2023,14983,10666,10136,6116
2024,48373,19216,4910,2023,51780,7799,37405,21247
2024,48375,23007,8748,2023,116634,45218,74650,39774
2024,48377,686,1289,2023,6043,4622,3753,2096
2024,48379,5649,869,2023,12505,1228,9408,3947
2024,48381,53314,12935,2023,143791,34127,95260,28751
2024,48383,800,141,2023,3259,2186,1789,1089
2024,48385,1625,315,2023,2821,664,1943,1057
2024,48387,4682,1103,2023,11621,826,8550,4538
2024,48389,2340,1070,2023,13219,11206,8368,5761
2024,48391,2134,919,2023,6693,3354,4702,2565
2024,48393,547,20,2023,785,83,522,215
2024,48395,6177,1926,2023,16973,3712,11594,6115
2024,48397,43542,18092,2023,116931,23581,76396,18907
2024,48399,3580,452,2023,9880,3402,6845,3466
2024,48401,17234,4337,2023,52613,9839,36248,17388
2024,48403,4972,590,2023,9998,417,7746,3910
2024,48405,2917,809,2023,7889,643,5782,3611
2024,48407,10524,2175,2023,27983,5129,19644,11040
2024,48409,17337,8025,2023,69519,39012,45542,23183
2024,48411,2412,276,2023,5802,1753,4112,2185
2024,48413,906,192,2023,2426,1282,1698,777
2024,48415,4945,734,2023,16633,7089,10893,5069
2024,48417,1565,146,2023,3169,401,2202,722
2024,48419,8164,1741,2023,24108,4736,15736,8659
2024,48421,817,48,2023,2434,1149,1588,747
2024,48423,74862,28041,2023,238014,49012,157478,58061
2024,48425,4493,751,2023,9510,1719,6783,2802
2024,48427,9487,6862,2023,65809,64036,36715,23878
2024,48429,3368,384,2023,9278,2308,6345,3077
2024,48431,583,43,2023,1389,447,787,398
2024,48433,604,110,2023,1244,283,808,461
2024,48435,1167,228,2023,3306,2162,2145,1262
2024,48437,1840,403,2023,6981,3194,4479,2752
2024,48439,426626,384501,2023,2135743,637594,1387073,506172
2024,48441,41198,13624,2023,144259,35709,88580,34354
2024,48443,314,91,2023,851,364,705,266
2024,48445,2815,587,2023,11699,6574,7387,4245
2024,48447,823,73,2023,1589,124,1137,474
2024,48449,7861,2275,2023,31284,13887,19576,11387
2024,48451,33399,11585,2023,119398,47877,78305,31779
2024,48453,170787,398981,2023,1307625,425105,922677,210620
2024,48455,6136,1195,2023,13850,1480,10123,5162
2024,48457,8286,1249,2023,20084,1614,14621,8738
2024,48459,16939,2820,2023,41864,4219,28653,12876
2024,48461,1149,146,2023,3227,1812,2225,1431
2024,48463,6482,3218,2023,24810,17548,15508,7388
2024,48465,9162,5282,2023,47647,38580,28989,15864
2024,48467,24351,3450,2023,61323,7835,42627,19284
2024,48469,25010,9998,2023,91281,43432,60004,27566
2024,48471,17515,7461,2023,78292,16931,52398,26146
2024,48473,17077,10183,2023,59455,19593,34260,15523
2024,48475,3115,627,2023,11255,6238,7121,4215
2024,48477,14020,4058,2023,36156,6557,24595,9331
2024,48479,33384,31952,2023,267731,254619,152386,79810
2024,48481,12439,3910,2023,41651,17294,27578,13072
2024,48483,2093,169,2023,4902,1224,3372,1536
2024,48485,31818,12237,2023,129842,26409,83956,36282
2024,48487,3566,860,2023,12712,3798,8638,4315
2024,48489,2856,2673,2023,20218,17623,12929,8648
2024,48491,155310,147766,2023,643889,157980,435869,102816
2024,48493,20894,6247,2023,51501,20354,35353,14421
2024,48495,1646,283,2023,7540,4660,4697,2914
2024,48497,32385,5605,2023,72359,14878,48985,23052
2024,48499,20621,3618,2023,46094,5153,33759,15122
2024,48501,2039,342,2023,7589,4950,4500,2452
2024,48503,7298,962,2023,17963,3621,12450,5370
2024,48505,2970,1877,2023,13855,13014,7944,5178
2024,48507,1482,1984,2023,9532,8831,5706,3403
2024,49001,2781,394,2023,7172,1057,4407,1724
2024,49003,22853,5274,2023,59725,5929,35871,14121
2024,49005,39457,18718,2023,137031,15806,70816,18512
2024,49007,6719,2525,2023,20446,2701,13387,5054
2024,49009,443,101,2023,747,22,509,216
2024,49011,101293,59895,2023,366742,41283,219334,54980
2024,49013,7815,1009,2023,19932,1416,11899,5776
2024,49015,4341,603,2023,9968,730,6373,2461
2024,49017,2211,541,2023,5170,361,3698,1145
2024,49019,2327,2828,2023,9697,1212,6896,1843
2024,49021,21571,5683,2023,60201,6070,34059,10831
2024,49023,5671,734,2023,12273,641,6990,2890
2024,49025,3277,1137,2023,7996,384,5750,1759
2024,49027,5558,713,2023,13179,1755,7956,3500
2024,49029,5300,1256,2023,12585,363,7149,1893
2024,49031,854,94,2023,1705,75,1162,462
2024,49033,1211,214,2023,2588,180,1602,389
2024,49035,221555,273658,2023,1184689,236654,762494,232299
2024,49037,3613,2581,2023,14466,804,8914,3859
2024,49039,10653,1906,2023,29209,3057,17740,7192
2024,49041,9526,1236,2023,21854,1139,13799,5309
2024,49043,10783,14612,2023,42709,4762,28991,5594
2024,49045,23484,9560,2023,76648,10922,45432,17351
2024,49047,13599,1952,2023,36458,3069,21664,10182
2024,49049,203476,84937,2023,683622,94727,348804,74567
2024,49051,11495,6459,2023,35808,5146,22079,5101
2024,49053,73165,22327,2023,189827,22296,125296,34006
2024,49055,1238,381,2023,2557,98,1810,503
2024,49057,67549,41238,2023,266183,50354,168203,60869
2024,50001,6841,14879,2023,37497,1184,26242,8882
2024,50003,7697,12326,2023,37312,1023,26939,8875
2024,50005,6927,8977,2023,30425,643,22162,8962
2024,50007,20937,72656,2023,168831,4773,113690,24757
2024,50009,1890,1344,2023,5972,89,4552,2366
2024,50011,12490,13280,2023,50379,973,35717,15808
2024,50013,1893,2940,2023,7393,155,5672,1867
2024,50015,4505,9788,2023,26036,642,18695,5724
2024,50017,6683,10220,2023,29594,506,22081,8152
2024,50019,7233,7006,2023,27492,500,20190,9239
2024,50021,15586,17375,2023,60484,1279,45064,17652
2024,50023,9327,24527,2023,59958,1614,43912,12996
2024,50025,6928,17904,2023,45913,1383,34190,11539
2024,50027,10458,22569,2023,57968,1294,43890,14686
2024,51001,9659,7374,2023,33326,3528,24382,12709
2024,51003,21513,44279,2023,113683,8348,77950,15728
2024,51005,6093,2114,2023,14962,225,11137,6064
2024,51007,5776,2214,2023,13342,252,9724,5699
2024,51009,11742,5429,2023,31385,890,22345,10668
2024,51011,7243,2324,2023,16424,368,11631,5619
2024,51013,25223,100446,2023,235463,37054,173227,20265
2024,51015,32429,11403,2023,77713,2931,57537,28768
2024,51017,1976,588,2023,4123,153,3189,1775
2024,51019,38017,12414,2023,80254,2174,58627,21077
2024,51021,2998,524,2023,6211,41,5018,2687
2024,51023,15796,5915,2023,33875,803,25149,10674
2024,51025,3523,4184,2023,15868,434,12026,6885
2024,51027,7939,1355,2023,19857,202,15167,9871
2024,51029,4847,2988,2023,16914,434,12712,7581
2024,51031,23032,7890,2023,55398,1862,40080,17392
2024,51033,9511,7957,2023,31541,2220,21829,10898
2024,51035,13152,2925,2023,29158,1128,22020,11566
2024,51036,1917,2384,2023,6686,133,5259,2912
2024,51037,3963,2008,2023,11475,282,8075,4223
2024,51041,94030,112869,2023,371610,42400,251552,72943
2024,51043,5641,3993,2023,15060,1063,11105,3874
2024,51045,2562,542,2023,4881,38,3420,1776
2024,51047,17685,10557,2023,53563,7912,35970,16012
2024,51049,3335,2117,2023,9745,172,7287,3602
2024,51051,5701,1316,2023,13920,101,10345,6336
2024,51053,9549,5942,2023,28083,1170,20313,9338
2024,51057,3245,2775,2023,10604,461,7729,4152
2024,51059,181895,386438,2023,1144474,199153,785190,146979
2024,51061,26825,17180,2023,73935,8624,50801,16705
2024,51063,6551,2968,2023,15560,471,11670,5374
2024,51065,8777,7731,2023,27764,1212,20470,6613
2024,51067,22319,8321,2023,54958,1982,40083,17512
2024,51069,33117,18331,2023,93355,10952,65083,27108
2024,51071,7102,2069,2023,16610,280,12137,6386
2024,51073,15918,7034,2023,39228,1586,28778,11839
2024,51075,11521,7875,2023,25613,934,19418,5328
2024,51077,6544,1503,2023,15323,622,11719,6630
2024,51079,7432,4456,2023,20850,1449,14550,6074
2024,51081,1936,2334,2023,11304,577,8562,5284
2024,51083,10741,6984,2023,33811,840,24537,13104
2024,51085,45569,26733,2023,111652,4203,77969,23414
2024,51087,62882,115040,2023,334434,22374,234295,67432
2024,51089,16800,8457,2023,50365,3367,37029,18688
2024,51091,1095,416,2023,2265,0,1714,775
2024,51093,14659,9779,2023,39444,1519,28286,10809
2024,51095,23575,26742,2023,80046,5531,58785,13925
2024,51097,2608,1536,2023,6676,208,5220,2540
2024,51099,9500,5657,2023,27468,1811,18467,6539
2024,51101,8080,3388,2023,18232,565,12744,5501
2024,51103,3866,3355,2023,10876,172,8763,3545
2024,51105,8674,1391,2023,22042,507,16604,8820
2024,51107,92107,129280,2023,427082,60466,278473,48805
2024,51109,15084,8779,2023,39012,1520,28611,12968
2024,51111,3594,2253,2023,11990,689,8890,4998
2024,51113,5671,2700,2023,13931,490,10148,4697
2024,51115,4106,1774,2023,8517,219,6537,2570
2024,51117,9791,6404,2023,30431,912,22801,10742
2024,51119,4357,2473,2023,10774,317,8501,3311
2024,51121,22179,23811,2023,99159,4512,56181,15781
2024,51125,5004,4298,2023,14777,692,11136,4617
2024,51127,10974,5641,2023,24139,862,17825,6022
2024,51131,3183,3603,2023,12115,1115,9101,3918
2024,51133,4938,3202,2023,12085,403,9494,3519
2024,51135,4168,2636,2023,15597,745,11324,6129
2024,51137,13764,8274,2023,37208,2438,26758,11945
2024,51139,10123,2976,2023,23750,563,17396,10814
2024,51141,7746,1886,2023,17606,595,13723,7085
2024,51143,24310,9599,2023,60148,1804,44901,23987
2024,51145,14918,5734,2023,31074,871,23494,8437
2024,51147,4782,4539,2023,21932,1050,12920,6199
2024,51149,10590,6842,2023,42873,4328,27591,11519
2024,51153,90203,131128,2023,484625,124358,312580,93611
2024,51155,12732,4830,2023,33771,725,25457,11446
2024,51157,2943,2041,2023,7409,336,5679,2136
2024,51159,2697,1439,2023,9047,655,6851,4079
2024,51161,34453,21693,2023,96793,3691,70378,24405
2024,51163,8468,4160,2023,22578,512,17002,7286
2024,51165,33033,15035,2023,84739,7501,58041,28487
2024,51167,11303,2172,2023,25635,167,19028,10755
2024,51169,9392,1607,2023,21504,306,16156,8570
2024,51171,17215,6914,2023,44630,3919,31787,16535
2024,51173,11521,2805,2023,29585,605,21702,11379
2024,51175,6133,3626,2023,17988,414,13300,6439
2024,51177,42531,35747,2023,143876,18251,96629,35494
2024,51179,40590,41252,2023,160520,25516,103581,29692
2024,51181,2205,2176,2023,6552,191,4921,2018
2024,51183,2322,2539,2023,10793,165,8255,4592
2024,51185,16711,3030,2023,39933,518,28920,15220
2024,51187,15400,6910,2023,41104,2759,29086,13256
2024,51191,22455,6772,2023,53913,949,40309,17828
2024,51193,6003,4491,2023,18683,1161,14171,7979
2024,51195,13655,3036,2023,35727,485,25834,13905
2024,51197,12267,3075,2023,28219,421,20731,9807
2024,51199,20722,18296,2023,70590,5340,47964,10060
2024,51510,16112,62326,2023,156788,28540,118944,21147
2024,51520,5197,2231,2023,17024,458,12224,5520
2024,51530,2035,767,2023,6612,63,4092,1904
2024,51540,3428,19435,2023,45863,3103,29058,6397
2024,51550,60550,65399,2023,251153,18598,169871,52165
2024,51570,5883,2982,2023,18210,1392,12675,5073
2024,51580,1642,818,2023,5671,184,3823,2387
2024,51590,6894,10615,2023,42239,2205,29233,15781
2024,51595,744,1419,2023,5633,473,3643,2259
2024,51600,4302,8797,2023,24478,4483,16231,3432
2024,51610,1620,7200,2023,14593,1555,9845,860
2024,51620,1476,2359,2023,8212,259,5588,2510
2024,51630,4480,8760,2023,28383,3508,16880,4512
2024,51640,1946,753,2023,6698,1057,4462,1888
2024,51650,18383,43357,2023,137334,9084,93055,33936
2024,51660,6266,10641,2023,51492,11890,26146,10488
2024,51670,3838,5078,2023,22944,1971,14936,7715
2024,51678,1030,1795,2023,7420,362,3251,879
2024,51680,19574,16664,2023,79255,3920,44536,14923
2024,51683,6670,9048,2023,42674,18356,27629,12550
2024,51685,2314,3506,2023,16923,7771,11178,5789
2024,51690,2155,3435,2023,13584,1091,8749,3947
2024,51700,26385,48169,2023,184774,19474,120364,45704
2024,51710,24377,59941,2023,235037,23196,151855,53570
2024,51720,1174,458,2023,3620,0,2589,1224
2024,51730,1702,11219,2023,33365,2013,22917,10999
2024,51735,5800,2119,2023,12556,490,8793,2668
2024,51740,12370,28306,2023,97299,4942,65871,27998
2024,51750,3197,3231,2023,16505,707,7396,1958
2024,51760,17041,88710,2023,227595,23439,160965,51346
2024,51770,15787,25737,2023,98677,8459,69050,30607
2024,51775,7769,5237,2023,25477,1139,17252,5919
2024,51790,5778,7592,2023,25765,1141,18446,6513
2024,51800,22112,30597,2023,96638,4780,66126,22673
2024,51810,109375,115412,2023,457066,40854,317225,84573
2024,51820,5882,5240,2023,22574,2071,16015,7363
2024,51830,2119,5613,2023,15564,1247,7597,1804
2024,51840,5252,6407,2023,27981,5611,18559,7847
2024,53001,3767,1455,2023,20690,13255,11332,6730
2024,53003,7004,4082,2023,22424,996,16393,6383
2024,53005,59555,37662,2023,210224,52111,136939,45424
2024,53007,22363,18397,2023,79518,22604,55208,20721
2024,53009,21632,25440,2023,77593,5095,60562,19433
2024,53011,123998,143206,2023,510516,61186,351391,111560
2024,53013,1737,661,2023,3996,327,3097,1037
2024,53015,34580,22825,2023,111539,11367,77987,32347
2024,53017,13095,7410,2023,43733,15162,29168,13366
2024,53019,2667,1315,2023,7326,240,5663,2152
2024,53021,19086,11884,2023,97676,53485,57029,28566
2024,53023,973,330,2023,2326,83,1752,547
2024,53025,24326,10806,2023,100428,43512,61989,29524
2024,53027,19432,17161,2023,76397,8262,56001,25152
2024,53029,20967,29595,2023,86747,7384,63996,16644
2024,53031,6324,17459,2023,33313,1415,28234,6689
2024,53033,252193,832606,2023,2262713,245320,1634473,335329
2024,53035,59080,91731,2023,276581,25018,196424,50568
2024,53037,14645,10810,2023,44736,4626,29276,9981
2024,53039,7178,5917,2023,23082,2981,17423,6607
2024,53041,29322,14433,2023,83925,9408,59894,24677
2024,53043,5272,1678,2023,11271,447,8069,2723
2024,53045,18127,17215,2023,66968,8128,49331,19200
2024,53047,11555,8466,2023,42811,8676,30620,13311
2024,53049,7010,6825,2023,23750,2313,18830,7193
2024,53051,5826,2461,2023,13811,521,10122,3999
2024,53053,188194,235169,2023,924106,115594,628616,215298
2024,53055,2890,9539,2023,18266,1364,15097,3091
2024,53057,30765,36956,2023,130407,24646,93496,32431
2024,53059,3961,3147,2023,12276,807,9448,3242
2024,53061,161371,240099,2023,834648,98816,586955,174055
2024,53063,145338,131163,2023,544323,37356,377147,111786
2024,53065,19895,7492,2023,47470,1904,34412,13954
2024,53067,62282,95663,2023,296640,30528,211430,58459
2024,53069,1757,1204,2023,4573,281,3493,1276
2024,53071,15476,13106,2023,62102,14538,41000,13816
2024,53073,49213,83295,2023,228432,23662,155393,42876
2024,53075,8699,10480,2023,47042,3783,24357,4624
2024,53077,49368,36706,2023,256605,132408,157100,83173
2024,54001,5071,1199,2023,15454,184,10518,6817
2024,54003,37580,17500,2023,126165,7619,87512,40563
2024,54005,6314,1641,2023,21312,97,15300,9485
2024,54007,3991,1233,2023,12345,102,9215,6210
2024,54009,6986,2621,2023,22053,296,16131,7922
2024,54011,21229,13474,2023,93300,1582,62148,25019
2024,54013,2391,488,2023,6158,28,4623,3206
2024,54015,2597,580,2023,7946,15,5461,3745
2024,54017,2541,374,2023,7767,111,5819,3466
2024,54019,10910,4387,2023,39987,538,29064,17127
2024,54021,1822,486,2023,7376,266,5344,3520
2024,54023,4949,552,2023,10972,53,8109,4876
2024,54025,10517,4196,2023,32688,599,24167,12980
2024,54027,8464,1890,2023,23340,382,17554,10461
2024,54029,9462,3360,2023,28658,473,21322,10700
2024,54031,4997,1297,2023,14236,643,10682,6575
2024,54033,20480,8402,2023,65407,1413,46654,22966
2024,54035,9907,2699,2023,27753,263,19807,9567
2024,54037,16573,11967,2023,58546,4362,41038,15800
2024,54039,43352,30231,2023,178198,2668,129222,58723
2024,54041,5550,1372,2023,16808,253,11982,7040
2024,54043,5770,1279,2023,20170,145,14332,9704
2024,54045,9500,1848,2023,31826,255,22941,13978
2024,54047,4310,1036,2023,18413,357,13847,10636
2024,54049,15881,8185,2023,56042,878,38724,17927
2024,54051,9808,3186,2023,30129,335,22455,11383
2024,54053,8232,2111,2023,25214,203,18289,10213
2024,54055,18372,4851,2023,59062,771,41824,22107
2024,54057,10247,2483,2023,26922,316,19530,9907
2024,54059,7325,1061,2023,22979,111,16275,11139
2024,54061,21084,19265,2023,106520,3298,65916,20681
2024,54063,5089,1155,2023,12401,100,9029,5580
2024,54065,7009,1947,2023,17327,284,13201,7379
2024,54067,7960,1919,2023,24446,130,17928,9928
2024,54069,11593,6727,2023,41904,664,29537,11644
2024,54071,2687,680,2023,6111,115,4561,2831
2024,54073,2632,656,2023,7572,234,5486,3075
2024,54075,2889,927,2023,7855,68,6002,3895
2024,54077,11176,2953,2023,34204,657,25810,15452
2024,54079,19868,7124,2023,57250,852,40592,17448
2024,54081,23644,6816,2023,73666,1252,52444,27678
2024,54083,8356,3008,2023,27782,301,20404,12530
2024,54085,3473,517,2023,8372,38,6197,4016
2024,54087,4189,1218,2023,13921,164,10082,6745
2024,54089,3931,1226,2023,11833,142,9298,5598
2024,54091,5422,1694,2023,16543,167,12119,6844
2024,54093,2669,890,2023,6698,30,5340,2754
2024,54095,2991,554,2023,8181,83,6046,3390
2024,54097,7633,2033,2023,23758,333,16372,10330
2024,54099,11934,3532,2023,38498,328,27706,14482
2024,54101,2478,479,2023,8253,32,6041,4172
2024,54103,4718,1294,2023,14233,255,10151,5955
2024,54105,2120,409,2023,5131,0,3731,2201
2024,54107,26380,10317,2023,83829,1188,60104,27007
2024,54109,6503,980,2023,20948,92,15216,10295
2024,55001,7763,4443,2023,20928,893,16927,8610
2024,55003,4191,4612,2023,16050,459,11193,4537
2024,55005,16726,8941,2023,46741,1399,33363,14426
2024,55007,4860,6107,2023,16410,330,12787,3757
2024,55009,79132,67937,2023,269425,26989,181853,65332
2024,55011,5213,2765,2023,13341,363,9759,4504
2024,55013,7008,3665,2023,16741,325,13154,5842
2024,55015,19488,12927,2023,52626,2923,36807,13040
2024,55017,23399,14573,2023,66558,1286,47613,19180
2024,55019,10481,4509,2023,34736,2116,21547,12456
2024,55021,17988,16388,2023,58322,2269,42012,15684
2024,55023,5113,3860,2023,16064,307,11819,5763
2024,55025,85454,273995,2023,564777,42861,375709,79415
2024,55027,33067,16518,2023,88818,5696,64366,30774
2024,55029,10099,10565,2023,30279,1192,23692,7063
2024,55031,11732,13073,2023,44197,829,31972,11149
2024,55033,14726,10643,2023,45349,1080,28247,11004
2024,55035,27728,34400,2023,106328,3210,68214,20558
2024,55037,2356,783,2023,4617,27,3671,1578
2024,55039,37272,20495,2023,104053,6892,72965,32290
2024,55041,3382,1681,2023,9261,202,6860,3237
2024,55043,15922,10966,2023,51678,1273,32566,13559
2024,55045,10843,10903,2023,37036,1509,26465,10792
2024,55047,7458,3449,2023,19165,1044,13581,6124
2024,55049,6631,7750,2023,23832,522,17037,6309
2024,55051,2557,1487,2023,6164,96,4946,1830
2024,55053,6204,4157,2023,20971,746,14976,7769
2024,55055,28771,20574,2023,85867,7181,59566,23621
2024,55057,9525,4854,2023,26695,768,19781,9948
2024,55059,47478,41826,2023,168413,24975,114968,41960
2024,55061,8267,4059,2023,20621,827,14766,6634
2024,55063,32247,39008,2023,120262,3146,78276,22099
2024,55065,5256,3469,2023,16788,1087,11347,5473
2024,55067,7782,3746,2023,19473,469,14390,7605
2024,55069,10633,6306,2023,28403,587,21496,10236
2024,55071,28200,17399,2023,81314,4228,58830,26530
2024,55073,46213,31529,2023,138067,4641,96557,38426
2024,55075,16670,7415,2023,41907,1127,31311,13863
2024,55077,6041,3252,2023,15706,559,11829,6121
2024,55078,296,1266,2023,4256,183,2479,1243
2024,55079,138022,316292,2023,927656,154350,619168,237819
2024,55081,14563,8476,2023,46169,2569,31187,14177
2024,55083,17675,6967,2023,39329,886,29100,13761
2024,55085,14455,10080,2023,38007,639,29371,9902
2024,55087,60827,49438,2023,191537,9773,131167,47491
2024,55089,34504,27874,2023,92345,3299,65004,15462
2024,55091,2798,1523,2023,7372,180,5297,2234
2024,55093,14417,10171,2023,42351,1227,27223,9572
2024,55095,18296,9567,2023,45327,980,33234,13425
2024,55097,20987,21503,2023,70375,2764,46058,16718
2024,55099,5763,3005,2023,14077,232,10775,5305
2024,55101,56347,49721,2023,196888,28784,135728,51984
2024,55103,5207,3985,2023,17229,540,12322,6161
2024,55105,40218,46642,2023,163944,16163,113021,45939
2024,55107,5660,2516,2023,14146,284,10410,5314
2024,55109,35537,23870,2023,94819,2789,64928,18493
2024,55111,18798,18172,2023,65759,4198,46261,18402
2024,55113,6422,4599,2023,18243,430,13856,5494
2024,55115,15850,7336,2023,40927,1263,29458,14850
2024,55117,38763,27735,2023,117783,8850,82470,33076
2024,55119,8209,2823,2023,19972,565,13972,7506
2024,55121,9661,6219,2023,30786,3914,20445,9461
2024,55123,8807,7514,2023,30915,516,20743,9191
2024,55125,9837,6119,2023,23410,530,18421,6448
2024,55127,36603,23161,2023,105447,12545,71154,26143
2024,55129,6962,3867,2023,16749,335,12696,5324
2024,55131,61604,28504,2023,137320,5027,98116,32255
2024,55133,162768,108478,2023,409040,22725,292041,68388
2024,55135,20093,9947,2023,51714,1943,37708,19231
2024,55137,9625,4571,2023,24752,1715,18831,9782
2024,55139,49179,44660,2023,171357,8464,116770,43467
2024,55141,24997,16599,2023,74039,2592,52951,23722
2024,56001,8930,8371,2023,37713,3971,21380,3741
2024,56003,4867,742,2023,11737,1122,8062,3465
2024,56005,16006,2004,2023,47018,4408,30797,12586
2024,56007,4952,1274,2023,14549,2620,10170,4420
2024,56009,5756,845,2023,13759,1111,9499,3922
2024,56011,3805,443,2023,7339,145,5109,1823
2024,56013,11552,5179,2023,39472,2659,26522,9994
2024,56015,4893,1156,2023,12587,1272,8988,3200
2024,56017,2082,488,2023,4618,181,3328,1043
2024,56019,3936,847,2023,8602,364,6304,2224
2024,56021,28063,14153,2023,100661,15755,68915,20484
2024,56023,8957,1623,2023,20158,1054,13590,4963
2024,56025,24671,8337,2023,79735,7381,54406,18786
2024,56027,1108,112,2023,2415,124,1915,780
2024,56029,13084,3259,2023,30109,1782,21673,6078
2024,56031,3874,780,2023,8606,732,6565,2855
2024,56033,12041,3920,2023,31585,1523,22376,7403
2024,56035,3905,920,2023,8806,641,6327,1577
2024,56037,12541,3731,2023,41786,6924,27675,10687
2024,56039,4134,8748,2023,23358,3445,17955,3409
2024,56041,7282,1561,2023,20605,2042,13387,5540
2024,56043,3125,656,2023,7708,1087,5501,2137
2024,56045,3069,378,2023,6835,238,5060,2270
